ano,id_municipio,populacao
2011,110001,24228
2011,110002,91570
2011,110003,6221
2011,110004,78959
2011,110005,16939
2011,110006,18338
2011,110007,8655
2011,110008,14023
2011,110009,28963
2011,110010,41934
2011,110011,51883
2011,110012,117363
2011,110013,31780
2011,110014,19883
2011,110015,37702
2011,110018,33981
2011,110020,435732
2011,110025,22009
2011,110026,3346
2011,110028,50899
2011,110029,8678
2011,110030,77937
2011,110032,21879
2011,110033,23143
2011,110034,16625
2011,110037,12825
2011,110040,17444
2011,110045,32899
2011,110050,10084
2011,110060,5764
2011,110070,12758
2011,110080,20292
2011,110090,3527
2011,110092,8515
2011,110094,16570
2011,110100,10272
2011,110110,8700
2011,110120,10277
2011,110130,11781
2011,110140,14204
2011,110143,7437
2011,110145,4902
2011,110146,2299
2011,110147,3464
2011,110148,5939
2011,110149,16341
2011,110150,11624
2011,110155,4832
2011,110160,10612
2011,110170,12828
2011,110175,9511
2011,110180,8084
2011,120001,12779
2011,120005,6192
2011,120010,21837
2011,120013,8629
2011,120017,9088
2011,120020,79174
2011,120025,15394
2011,120030,32487
2011,120032,6740
2011,120033,15554
2011,120034,8105
2011,120035,14683
2011,120038,17401
2011,120039,9448
2011,120040,342299
2011,120042,14832
2011,120043,4879
2011,120045,20387
2011,120050,38709
2011,120060,36186
2011,120070,16370
2011,120080,15213
2011,130002,14237
2011,130006,9633
2011,130008,10495
2011,130010,16701
2011,130014,18326
2011,130020,15545
2011,130030,32733
2011,130040,25835
2011,130050,27722
2011,130060,34194
2011,130063,15828
2011,130068,15325
2011,130070,30906
2011,130080,35448
2011,130083,11142
2011,130090,13843
2011,130100,25955
2011,130110,33132
2011,130115,24442
2011,130120,76646
2011,130130,23644
2011,130140,31020
2011,130150,16635
2011,130160,23011
2011,130165,14189
2011,130170,45105
2011,130180,22867
2011,130185,41374
2011,130190,87970
2011,130195,8010
2011,130200,8281
2011,130210,7388
2011,130220,11126
2011,130230,18145
2011,130240,38373
2011,130250,86078
2011,130255,23576
2011,130260,1832424
2011,130270,47707
2011,130280,17563
2011,130290,53173
2011,130300,18503
2011,130310,31232
2011,130320,15113
2011,130330,21784
2011,130340,102946
2011,130350,18249
2011,130353,27926
2011,130356,26344
2011,130360,18729
2011,130370,24689
2011,130380,38507
2011,130390,32060
2011,130395,10978
2011,130400,8495
2011,130406,53374
2011,130410,18010
2011,130420,61223
2011,130423,17200
2011,130426,12017
2011,130430,16996
2011,130440,18265
2011,140002,9637
2011,140005,16337
2011,140010,290741
2011,140015,11068
2011,140017,14312
2011,140020,18714
2011,140023,8300
2011,140028,8997
2011,140030,15065
2011,140040,9156
2011,140045,10698
2011,140047,24808
2011,140050,6898
2011,140060,6861
2011,140070,8573
2011,150010,142785
2011,150013,6844
2011,150020,53680
2011,150030,35467
2011,150034,25286
2011,150040,53004
2011,150050,33588
2011,150060,100736
2011,150070,25254
2011,150080,477999
2011,150085,21398
2011,150090,41072
2011,150095,27070
2011,150100,15875
2011,150110,24644
2011,150120,38092
2011,150125,3405
2011,150130,102668
2011,150140,1402056
2011,150145,16451
2011,150150,52888
2011,150157,15467
2011,150160,13923
2011,150170,114720
2011,150172,15575
2011,150175,7306
2011,150178,54032
2011,150180,93835
2011,150190,26053
2011,150195,27332
2011,150200,20801
2011,150210,122683
2011,150215,27929
2011,150220,64140
2011,150230,52057
2011,150240,176116
2011,150250,21286
2011,150260,11439
2011,150270,45724
2011,150275,28774
2011,150276,10811
2011,150277,18197
2011,150280,29204
2011,150285,12487
2011,150290,34919
2011,150293,52224
2011,150295,31954
2011,150300,8035
2011,150304,18036
2011,150307,25097
2011,150309,31031
2011,150310,29520
2011,150320,36155
2011,150330,58498
2011,150340,10218
2011,150345,53318
2011,150350,31429
2011,150360,97704
2011,150370,51341
2011,150375,14223
2011,150380,52191
2011,150390,48306
2011,150400,25440
2011,150405,28100
2011,150410,8148
2011,150420,238708
2011,150430,28438
2011,150440,26750
2011,150442,110842
2011,150445,27785
2011,150450,25096
2011,150460,27207
2011,150470,71329
2011,150480,55636
2011,150490,34875
2011,150495,20256
2011,150497,14859
2011,150500,13844
2011,150503,25138
2011,150506,63604
2011,150510,49552
2011,150520,29005
2011,150530,63905
2011,150540,16458
2011,150543,27965
2011,150548,40831
2011,150549,7470
2011,150550,99460
2011,150553,160229
2011,150555,5950
2011,150560,7862
2011,150563,12699
2011,150565,24744
2011,150570,26560
2011,150580,53257
2011,150590,34756
2011,150600,29337
2011,150610,10311
2011,150611,12527
2011,150613,76501
2011,150616,17713
2011,150618,47509
2011,150619,41272
2011,150620,37726
2011,150630,20572
2011,150635,17584
2011,150640,8378
2011,150650,60713
2011,150655,19426
2011,150658,17686
2011,150660,23194
2011,150670,58067
2011,150680,297040
2011,150690,6196
2011,150700,27199
2011,150710,16991
2011,150715,23370
2011,150720,30034
2011,150730,95694
2011,150740,15123
2011,150745,25429
2011,150746,5360
2011,150747,20890
2011,150750,13225
2011,150760,52350
2011,150770,23307
2011,150775,5144
2011,150780,12840
2011,150790,23235
2011,150795,82434
2011,150796,10416
2011,150797,17130
2011,150800,57228
2011,150803,27817
2011,150805,17093
2011,150808,34334
2011,150810,98919
2011,150812,45190
2011,150815,44758
2011,150820,48482
2011,150830,57148
2011,150835,13607
2011,150840,40984
2011,160005,4464
2011,160010,8142
2011,160015,11292
2011,160020,9175
2011,160021,4805
2011,160023,5974
2011,160025,4371
2011,160027,40820
2011,160030,407023
2011,160040,17420
2011,160050,21095
2011,160053,17252
2011,160055,3909
2011,160060,102861
2011,160070,12981
2011,160080,12725
2011,170025,2407
2011,170030,5317
2011,170035,5633
2011,170040,7518
2011,170070,8364
2011,170100,9816
2011,170105,3197
2011,170110,4267
2011,170130,5860
2011,170190,6387
2011,170200,8744
2011,170210,153351
2011,170215,5095
2011,170220,31738
2011,170230,6721
2011,170240,10619
2011,170255,16180
2011,170270,3473
2011,170290,9310
2011,170300,10432
2011,170305,3162
2011,170307,4165
2011,170310,5370
2011,170320,4449
2011,170330,3879
2011,170360,2075
2011,170370,5209
2011,170380,9916
2011,170382,2158
2011,170384,8331
2011,170386,3815
2011,170388,2340
2011,170389,3725
2011,170390,4674
2011,170410,2597
2011,170460,1340
2011,170510,3278
2011,170550,31263
2011,170555,4681
2011,170560,4168
2011,170600,5061
2011,170610,7228
2011,170625,1578
2011,170650,5350
2011,170700,19395
2011,170710,6409
2011,170720,7153
2011,170730,4595
2011,170740,9619
2011,170755,3802
2011,170765,5323
2011,170770,8528
2011,170820,18398
2011,170825,2433
2011,170830,4965
2011,170900,12143
2011,170930,23445
2011,170950,77655
2011,170980,1676
2011,171050,7127
2011,171070,6002
2011,171090,3552
2011,171110,2440
2011,171150,3537
2011,171180,2224
2011,171190,10521
2011,171195,3602
2011,171200,2806
2011,171215,1636
2011,171240,3721
2011,171245,2669
2011,171250,4431
2011,171270,2268
2011,171280,3178
2011,171320,20396
2011,171330,12687
2011,171360,6833
2011,171370,2102
2011,171380,5826
2011,171395,3189
2011,171420,9011
2011,171430,4328
2011,171488,10786
2011,171500,3815
2011,171510,3817
2011,171515,2287
2011,171525,2481
2011,171550,1044
2011,171570,5058
2011,171575,7360
2011,171610,45054
2011,171620,10333
2011,171630,4608
2011,171650,11732
2011,171660,10509
2011,171665,5090
2011,171670,8555
2011,171700,4493
2011,171720,2927
2011,171750,6783
2011,171780,4542
2011,171790,7258
2011,171800,2827
2011,171820,49465
2011,171830,7727
2011,171840,3676
2011,171845,2399
2011,171850,3817
2011,171855,4231
2011,171865,1755
2011,171870,2594
2011,171875,6267
2011,171880,3946
2011,171884,3326
2011,171886,6683
2011,171888,2946
2011,171889,2150
2011,171890,4588
2011,171900,2555
2011,172000,2476
2011,172010,4675
2011,172015,1450
2011,172020,10635
2011,172025,2924
2011,172030,4331
2011,172049,4332
2011,172065,5095
2011,172080,9122
2011,172085,1763
2011,172090,15196
2011,172093,1963
2011,172097,2582
2011,172100,235316
2011,172110,6809
2011,172120,22607
2011,172125,1605
2011,172130,2154
2011,172208,11036
2011,172210,11471
2011,210005,105255
2011,210010,6000
2011,210015,11726
2011,210020,21564
2011,210030,24346
2011,210040,11225
2011,210043,24969
2011,210047,31125
2011,210050,10812
2011,210055,6508
2011,210060,38451
2011,210070,25629
2011,210080,14220
2011,210083,15256
2011,210087,11508
2011,210090,43089
2011,210095,31835
2011,210100,28651
2011,210110,11505
2011,210120,100615
2011,210125,15264
2011,210130,16687
2011,210135,5341
2011,210140,85322
2011,210150,17681
2011,210160,83454
2011,210170,56123
2011,210173,6622
2011,210177,12194
2011,210180,5483
2011,210190,20725
2011,210193,6055
2011,210197,8166
2011,210200,39401
2011,210203,29374
2011,210207,15071
2011,210210,33808
2011,210215,5265
2011,210220,27235
2011,210230,23011
2011,210232,66326
2011,210235,14858
2011,210237,8528
2011,210240,10668
2011,210250,18473
2011,210255,13511
2011,210260,19046
2011,210270,20667
2011,210275,10710
2011,210280,23957
2011,210290,22266
2011,210300,156327
2011,210310,10336
2011,210312,8006
2011,210315,11632
2011,210317,19581
2011,210320,74274
2011,210325,13825
2011,210330,118568
2011,210340,47099
2011,210350,39388
2011,210355,14718
2011,210360,62190
2011,210370,32568
2011,210375,12603
2011,210380,22737
2011,210390,10744
2011,210400,17917
2011,210405,36826
2011,210407,8171
2011,210408,9415
2011,210409,17464
2011,210410,12271
2011,210420,15137
2011,210430,10523
2011,210440,17514
2011,210450,10290
2011,210455,16280
2011,210460,16096
2011,210462,7401
2011,210465,10205
2011,210467,25362
2011,210470,6145
2011,210480,63203
2011,210490,12039
2011,210500,26567
2011,210510,25426
2011,210515,12806
2011,210520,11167
2011,210530,248806
2011,210535,12337
2011,210540,63024
2011,210542,24997
2011,210545,8793
2011,210547,15589
2011,210550,23641
2011,210560,15626
2011,210565,3904
2011,210570,46701
2011,210580,10798
2011,210590,15520
2011,210592,10922
2011,210594,7769
2011,210596,12879
2011,210598,7016
2011,210600,11475
2011,210610,11495
2011,210620,6571
2011,210630,17938
2011,210632,19566
2011,210635,7772
2011,210637,14118
2011,210640,15408
2011,210650,22089
2011,210660,31307
2011,210663,14283
2011,210667,8157
2011,210670,20495
2011,210675,25065
2011,210680,14312
2011,210690,32157
2011,210700,9342
2011,210710,18028
2011,210720,12785
2011,210725,4961
2011,210730,4594
2011,210735,19401
2011,210740,18711
2011,210745,13416
2011,210750,107764
2011,210760,18896
2011,210770,20276
2011,210780,34791
2011,210790,17773
2011,210800,18268
2011,210805,14749
2011,210810,20396
2011,210820,39419
2011,210825,23099
2011,210830,34717
2011,210840,13844
2011,210845,21498
2011,210850,31384
2011,210860,78876
2011,210870,21860
2011,210880,17555
2011,210890,19592
2011,210900,21890
2011,210905,6004
2011,210910,45155
2011,210920,11722
2011,210923,6471
2011,210927,17430
2011,210930,10843
2011,210940,14158
2011,210945,27037
2011,210950,20150
2011,210955,7382
2011,210960,40030
2011,210970,5505
2011,210975,7155
2011,210980,39744
2011,210990,78020
2011,211000,74501
2011,211003,22843
2011,211010,29460
2011,211020,33117
2011,211023,11937
2011,211027,14143
2011,211030,14291
2011,211040,17904
2011,211050,41421
2011,211060,26765
2011,211065,7037
2011,211070,33650
2011,211080,4669
2011,211085,10507
2011,211090,11908
2011,211100,19997
2011,211102,15649
2011,211105,10849
2011,211107,17423
2011,211110,24927
2011,211120,165418
2011,211125,7501
2011,211130,1027430
2011,211140,19952
2011,211150,39418
2011,211153,12113
2011,211157,4456
2011,211160,17674
2011,211163,5921
2011,211167,6077
2011,211170,21052
2011,211172,12301
2011,211174,10386
2011,211176,14550
2011,211178,11080
2011,211180,17147
2011,211190,10450
2011,211195,5437
2011,211200,7904
2011,211210,28120
2011,211220,157438
2011,211223,19149
2011,211227,5624
2011,211230,39560
2011,211240,34136
2011,211245,23277
2011,211250,53724
2011,211260,25108
2011,211270,50541
2011,211280,49883
2011,211285,11608
2011,211290,31406
2011,211300,31684
2011,211400,51615
2011,220005,6795
2011,220010,5080
2011,220020,16600
2011,220025,7378
2011,220027,5163
2011,220030,13735
2011,220040,39031
2011,220045,5115
2011,220050,17155
2011,220060,6664
2011,220070,9244
2011,220080,3054
2011,220090,5761
2011,220095,2441
2011,220100,4672
2011,220105,7547
2011,220110,11164
2011,220115,10727
2011,220117,3855
2011,220120,45154
2011,220130,3245
2011,220140,6594
2011,220150,25901
2011,220155,3817
2011,220157,3337
2011,220160,9927
2011,220170,5335
2011,220173,6029
2011,220177,6383
2011,220180,4382
2011,220190,23144
2011,220191,5357
2011,220192,5433
2011,220194,6242
2011,220196,8013
2011,220198,3786
2011,220200,19144
2011,220202,8027
2011,220205,10038
2011,220207,3379
2011,220208,7243
2011,220209,5686
2011,220210,5429
2011,220211,4755
2011,220213,5649
2011,220217,6885
2011,220220,45338
2011,220225,3907
2011,220230,20201
2011,220240,11024
2011,220245,3913
2011,220250,10332
2011,220253,5580
2011,220255,4871
2011,220260,18336
2011,220265,5108
2011,220270,26923
2011,220271,4547
2011,220272,5605
2011,220273,3842
2011,220275,6115
2011,220277,7447
2011,220280,4486
2011,220285,4551
2011,220290,25575
2011,220300,7904
2011,220310,10036
2011,220320,10857
2011,220323,4741
2011,220325,4225
2011,220327,4931
2011,220330,13339
2011,220335,6722
2011,220340,6617
2011,220342,4263
2011,220345,9271
2011,220350,14452
2011,220360,4702
2011,220370,38049
2011,220375,5104
2011,220380,4366
2011,220385,2488
2011,220390,57928
2011,220400,5234
2011,220410,4419
2011,220415,2921
2011,220420,8727
2011,220430,11202
2011,220435,5194
2011,220440,10416
2011,220450,10268
2011,220455,4417
2011,220460,3777
2011,220465,8993
2011,220470,14878
2011,220480,9397
2011,220490,8265
2011,220500,11165
2011,220510,10704
2011,220515,5696
2011,220520,18202
2011,220525,4334
2011,220527,4683
2011,220530,4381
2011,220535,2956
2011,220540,13874
2011,220545,5158
2011,220550,37410
2011,220551,4775
2011,220552,5407
2011,220553,4554
2011,220554,2689
2011,220555,8097
2011,220556,4529
2011,220557,6471
2011,220558,3892
2011,220559,4905
2011,220560,5255
2011,220570,28725
2011,220580,24774
2011,220585,7897
2011,220590,5218
2011,220595,7938
2011,220600,4455
2011,220605,6240
2011,220610,10531
2011,220620,32477
2011,220630,1245
2011,220635,6759
2011,220640,10335
2011,220650,7440
2011,220660,10354
2011,220665,4061
2011,220667,6537
2011,220669,8591
2011,220670,7284
2011,220672,8149
2011,220675,4610
2011,220680,8283
2011,220690,6478
2011,220695,3295
2011,220700,35788
2011,220710,2653
2011,220720,6673
2011,220730,4054
2011,220735,3399
2011,220740,4978
2011,220750,13868
2011,220755,3908
2011,220760,10348
2011,220770,146736
2011,220775,4573
2011,220777,6142
2011,220779,3809
2011,220780,19867
2011,220785,3646
2011,220790,37596
2011,220793,2427
2011,220795,4211
2011,220800,74967
2011,220810,11766
2011,220820,17761
2011,220830,27766
2011,220840,61963
2011,220850,11999
2011,220855,2583
2011,220860,3083
2011,220865,8617
2011,220870,8448
2011,220880,17563
2011,220885,4235
2011,220887,4293
2011,220890,6932
2011,220900,6278
2011,220910,6047
2011,220915,3830
2011,220920,6101
2011,220930,5570
2011,220935,4468
2011,220937,5147
2011,220940,6073
2011,220945,2074
2011,220950,3664
2011,220955,4323
2011,220960,3044
2011,220965,5628
2011,220970,6294
2011,220975,2864
2011,220980,4793
2011,220985,4461
2011,220987,5664
2011,220990,6118
2011,220995,4673
2011,220997,7459
2011,221000,19703
2011,221005,5169
2011,221010,3691
2011,221020,6583
2011,221030,5697
2011,221035,4439
2011,221037,2567
2011,221038,2117
2011,221039,2975
2011,221040,18083
2011,221050,13726
2011,221060,32745
2011,221062,3517
2011,221063,4138
2011,221065,9663
2011,221070,14225
2011,221080,12166
2011,221090,4509
2011,221093,6321
2011,221095,2780
2011,221097,2642
2011,221100,822364
2011,221110,42873
2011,221120,20390
2011,221130,20360
2011,221135,4894
2011,221140,4326
2011,221150,2993
2011,221160,3033
2011,221170,4302
2011,230010,10659
2011,230015,15509
2011,230020,58210
2011,230030,51469
2011,230040,16338
2011,230050,10865
2011,230060,6946
2011,230070,16434
2011,230075,39762
2011,230080,7021
2011,230090,14032
2011,230100,73562
2011,230110,69771
2011,230120,25493
2011,230125,10529
2011,230130,20768
2011,230140,11466
2011,230150,7659
2011,230160,22541
2011,230170,24517
2011,230180,6050
2011,230185,17403
2011,230190,55960
2011,230195,19769
2011,230200,21630
2011,230205,14519
2011,230210,33597
2011,230220,49846
2011,230230,31072
2011,230240,52667
2011,230250,45708
2011,230260,60520
2011,230270,26579
2011,230280,74847
2011,230290,17134
2011,230300,20359
2011,230310,18369
2011,230320,26433
2011,230330,18577
2011,230340,16863
2011,230350,66834
2011,230360,18991
2011,230365,10004
2011,230370,330855
2011,230380,24576
2011,230390,12650
2011,230393,12919
2011,230395,18931
2011,230400,22106
2011,230410,72959
2011,230420,122717
2011,230423,17173
2011,230425,22687
2011,230426,9150
2011,230427,6882
2011,230428,47030
2011,230430,18932
2011,230435,22116
2011,230440,2476589
2011,230445,15029
2011,230450,13080
2011,230460,6322
2011,230465,15068
2011,230470,52223
2011,230480,4590
2011,230490,10339
2011,230495,24414
2011,230500,37986
2011,230510,4059
2011,230520,19439
2011,230523,56830
2011,230526,12950
2011,230530,23935
2011,230533,11481
2011,230535,18572
2011,230540,65682
2011,230550,97331
2011,230560,25597
2011,230565,11351
2011,230570,12046
2011,230580,40440
2011,230590,37809
2011,230600,13766
2011,230610,22537
2011,230620,7373
2011,230625,36324
2011,230630,48908
2011,230640,117720
2011,230650,18821
2011,230655,38018
2011,230660,19152
2011,230670,17851
2011,230680,10528
2011,230690,34362
2011,230700,32428
2011,230710,26710
2011,230720,7691
2011,230725,17380
2011,230730,252841
2011,230740,23898
2011,230750,31082
2011,230760,56774
2011,230763,18336
2011,230765,211267
2011,230770,115465
2011,230780,25032
2011,230790,10338
2011,230800,35623
2011,230810,44543
2011,230820,13874
2011,230830,28259
2011,230835,13074
2011,230837,12907
2011,230840,34404
2011,230850,42793
2011,230860,16733
2011,230870,61886
2011,230880,8149
2011,230890,20913
2011,230900,14125
2011,230910,11684
2011,230920,14424
2011,230930,31090
2011,230940,27556
2011,230945,24193
2011,230950,21341
2011,230960,63202
2011,230970,73881
2011,230980,11646
2011,230990,6012
2011,231000,8920
2011,231010,12170
2011,231020,31951
2011,231025,30393
2011,231030,31233
2011,231040,11334
2011,231050,41979
2011,231060,8319
2011,231070,35615
2011,231080,15798
2011,231085,18970
2011,231090,15647
2011,231095,10292
2011,231100,12022
2011,231110,15016
2011,231120,10364
2011,231123,6154
2011,231126,20042
2011,231130,81445
2011,231135,14955
2011,231140,72866
2011,231150,19608
2011,231160,26540
2011,231170,19315
2011,231180,70794
2011,231190,15716
2011,231195,15571
2011,231200,30234
2011,231210,17195
2011,231220,42793
2011,231230,44507
2011,231240,44526
2011,231250,7843
2011,231260,12397
2011,231270,26425
2011,231280,6948
2011,231290,190724
2011,231300,17718
2011,231310,29366
2011,231320,25424
2011,231325,8887
2011,231330,56017
2011,231335,17081
2011,231340,69723
2011,231350,51952
2011,231355,14632
2011,231360,32148
2011,231370,7554
2011,231375,18914
2011,231380,20031
2011,231390,12991
2011,231395,17670
2011,231400,38698
2011,231410,55687
2011,240010,11024
2011,240020,53636
2011,240030,10843
2011,240040,3004
2011,240050,13487
2011,240060,4847
2011,240070,12521
2011,240080,11544
2011,240090,6919
2011,240100,34809
2011,240110,25529
2011,240120,13047
2011,240130,9310
2011,240140,8631
2011,240145,24586
2011,240150,3947
2011,240160,5145
2011,240165,2399
2011,240170,9504
2011,240180,11675
2011,240185,6030
2011,240190,3342
2011,240200,63148
2011,240210,10348
2011,240220,31216
2011,240230,19635
2011,240240,7495
2011,240250,9883
2011,240260,68580
2011,240270,10922
2011,240280,5405
2011,240290,4778
2011,240300,7954
2011,240310,42795
2011,240320,6488
2011,240325,208426
2011,240330,5265
2011,240340,5835
2011,240350,10457
2011,240360,24953
2011,240370,5750
2011,240375,2870
2011,240380,8958
2011,240390,2863
2011,240400,4207
2011,240410,2223
2011,240420,22851
2011,240430,12421
2011,240440,9481
2011,240450,12731
2011,240460,12319
2011,240470,14005
2011,240480,2091
2011,240485,6985
2011,240490,5587
2011,240500,8040
2011,240510,6820
2011,240520,5326
2011,240530,9113
2011,240540,5461
2011,240550,2603
2011,240560,13623
2011,240570,12119
2011,240580,32456
2011,240590,2602
2011,240600,5865
2011,240610,17721
2011,240615,3609
2011,240620,6273
2011,240630,7035
2011,240640,2670
2011,240650,14131
2011,240660,7623
2011,240670,10457
2011,240680,4619
2011,240690,3665
2011,240700,9646
2011,240710,70587
2011,240720,29204
2011,240725,3582
2011,240730,8257
2011,240740,8256
2011,240750,10629
2011,240760,4225
2011,240770,11372
2011,240780,20825
2011,240790,2240
2011,240800,263344
2011,240810,810780
2011,240820,24149
2011,240830,35618
2011,240840,4283
2011,240850,4702
2011,240860,3977
2011,240870,3842
2011,240880,4885
2011,240890,20434
2011,240895,10124
2011,240910,11313
2011,240920,2910
2011,240930,12025
2011,240933,4838
2011,240940,27975
2011,240950,3483
2011,240960,2571
2011,240970,7107
2011,240980,14160
2011,240990,13588
2011,241000,3488
2011,241010,14079
2011,241020,7365
2011,241025,5306
2011,241030,8904
2011,241040,8537
2011,241050,4727
2011,241060,3072
2011,241070,3204
2011,241080,4153
2011,241090,7168
2011,241100,4415
2011,241105,3725
2011,241110,3589
2011,241120,36143
2011,241140,13642
2011,241142,2538
2011,241150,22378
2011,241160,2945
2011,241170,3956
2011,241180,3414
2011,241190,3905
2011,241200,89045
2011,241210,5940
2011,241220,40150
2011,241230,12385
2011,241240,4266
2011,241250,22314
2011,241255,8754
2011,241260,15999
2011,241270,6194
2011,241280,8105
2011,241290,10830
2011,241300,6059
2011,241310,5684
2011,241320,3972
2011,241330,5734
2011,241335,10445
2011,241340,7788
2011,241350,6530
2011,241355,4559
2011,241360,5801
2011,241370,5064
2011,241380,2340
2011,241390,11860
2011,241400,14333
2011,241410,9961
2011,241415,5483
2011,241420,11665
2011,241430,2304
2011,241440,31336
2011,241445,3347
2011,241450,10626
2011,241460,13146
2011,241470,5254
2011,241475,3852
2011,241480,10888
2011,241490,1626
2011,241500,2899
2011,250010,9532
2011,250020,5522
2011,250030,28427
2011,250040,19766
2011,250050,13660
2011,250053,5261
2011,250057,2379
2011,250060,18168
2011,250070,18199
2011,250073,2104
2011,250077,7756
2011,250080,17158
2011,250090,12738
2011,250100,19054
2011,250110,23653
2011,250115,1914
2011,250120,6504
2011,250130,19049
2011,250135,3566
2011,250140,8130
2011,250150,21801
2011,250153,4301
2011,250157,8198
2011,250160,14287
2011,250170,5646
2011,250180,100137
2011,250190,17131
2011,250200,7154
2011,250205,3115
2011,250210,5687
2011,250215,6323
2011,250220,2416
2011,250230,5016
2011,250240,10925
2011,250250,16967
2011,250260,6145
2011,250270,5141
2011,250280,13220
2011,250290,6218
2011,250300,20510
2011,250310,5093
2011,250320,59104
2011,250330,9617
2011,250340,3574
2011,250350,16743
2011,250355,6847
2011,250360,7212
2011,250370,58794
2011,250375,3048
2011,250380,5674
2011,250390,5771
2011,250400,387644
2011,250403,5711
2011,250407,3925
2011,250410,2410
2011,250415,7096
2011,250420,4817
2011,250430,28922
2011,250435,4571
2011,250440,18397
2011,250450,6591
2011,250460,21783
2011,250470,4690
2011,250480,15151
2011,250485,1787
2011,250490,16158
2011,250500,6903
2011,250510,19981
2011,250520,6861
2011,250523,6208
2011,250527,5201
2011,250530,2501
2011,250535,4946
2011,250540,8014
2011,250550,3543
2011,250560,6593
2011,250570,10477
2011,250580,3625
2011,250590,3337
2011,250600,31320
2011,250610,11368
2011,250620,2934
2011,250625,8365
2011,250630,55657
2011,250640,13875
2011,250650,3188
2011,250660,6004
2011,250670,11388
2011,250680,18235
2011,250690,24426
2011,250700,23351
2011,250710,17179
2011,250720,10265
2011,250730,13967
2011,250740,7548
2011,250750,733155
2011,250760,7506
2011,250770,16923
2011,250780,6695
2011,250790,10283
2011,250800,9810
2011,250810,4669
2011,250820,7392
2011,250830,26035
2011,250840,2820
2011,250850,7177
2011,250855,3985
2011,250860,11882
2011,250870,4009
2011,250880,5607
2011,250890,42602
2011,250900,10781
2011,250905,7717
2011,250910,21216
2011,250915,6216
2011,250920,12995
2011,250930,7526
2011,250933,4340
2011,250937,2724
2011,250939,6009
2011,250940,12468
2011,250950,5069
2011,250960,4539
2011,250970,31095
2011,250980,9506
2011,250990,10567
2011,251000,7266
2011,251010,10524
2011,251020,6041
2011,251030,4422
2011,251040,6862
2011,251050,3661
2011,251060,2937
2011,251065,1243
2011,251070,2253
2011,251080,101359
2011,251090,11829
2011,251100,3724
2011,251110,7541
2011,251120,27389
2011,251130,15511
2011,251140,18248
2011,251150,11262
2011,251160,6915
2011,251170,5134
2011,251180,10336
2011,251190,17262
2011,251200,17198
2011,251203,3746
2011,251207,4013
2011,251210,32122
2011,251220,3887
2011,251230,21518
2011,251240,12996
2011,251250,41298
2011,251260,1730
2011,251270,17786
2011,251272,5795
2011,251274,3303
2011,251275,4289
2011,251276,4201
2011,251278,1752
2011,251280,8334
2011,251290,23028
2011,251300,3561
2011,251310,11971
2011,251315,6643
2011,251320,6471
2011,251330,5352
2011,251335,3539
2011,251340,14774
2011,251350,5298
2011,251360,7219
2011,251365,2619
2011,251370,121166
2011,251380,4570
2011,251385,2626
2011,251390,31237
2011,251392,4181
2011,251394,2438
2011,251396,2883
2011,251398,3357
2011,251400,4329
2011,251410,4390
2011,251420,7562
2011,251430,6031
2011,251440,4734
2011,251445,5555
2011,251450,19190
2011,251455,4162
2011,251460,3269
2011,251465,1696
2011,251470,4019
2011,251480,3974
2011,251490,7728
2011,251500,6743
2011,251510,11119
2011,251520,3262
2011,251530,50358
2011,251540,10317
2011,251550,13038
2011,251560,3187
2011,251570,2985
2011,251580,7031
2011,251590,6206
2011,251593,4468
2011,251597,7411
2011,251600,26505
2011,251610,13868
2011,251615,3213
2011,251620,66136
2011,251630,16139
2011,251640,10330
2011,251650,15016
2011,251660,14143
2011,251670,14255
2011,251675,2840
2011,251680,9233
2011,251690,14654
2011,251700,9307
2011,251710,2539
2011,251720,5074
2011,251740,2093
2011,260005,94843
2011,260010,35255
2011,260020,17784
2011,260030,22882
2011,260040,33446
2011,260050,40511
2011,260060,13853
2011,260070,37433
2011,260080,22371
2011,260090,21988
2011,260100,10288
2011,260105,18390
2011,260110,77794
2011,260120,69346
2011,260130,12918
2011,260140,40855
2011,260150,11409
2011,260160,20257
2011,260170,72719
2011,260180,12057
2011,260190,58768
2011,260200,35422
2011,260210,45747
2011,260220,37889
2011,260230,37552
2011,260240,8839
2011,260250,7310
2011,260260,45723
2011,260270,12578
2011,260280,52715
2011,260290,187159
2011,260300,31191
2011,260310,18956
2011,260320,26765
2011,260330,11088
2011,260340,5646
2011,260345,145676
2011,260350,17257
2011,260360,8180
2011,260370,24491
2011,260380,19596
2011,260390,18642
2011,260392,11888
2011,260400,75706
2011,260410,319580
2011,260415,13799
2011,260420,38324
2011,260430,10873
2011,260440,12504
2011,260450,20270
2011,260460,24473
2011,260470,17491
2011,260480,12435
2011,260490,17329
2011,260500,23468
2011,260510,34154
2011,260515,17110
2011,260520,63963
2011,260530,31576
2011,260540,20703
2011,260545,2675
2011,260550,11484
2011,260560,22166
2011,260570,29635
2011,260580,14394
2011,260590,28213
2011,260600,130303
2011,260610,29132
2011,260620,75987
2011,260630,6913
2011,260640,77164
2011,260650,18412
2011,260660,27155
2011,260670,7542
2011,260680,103537
2011,260690,11802
2011,260700,19527
2011,260710,4491
2011,260720,82277
2011,260730,28510
2011,260740,4423
2011,260750,26215
2011,260760,22347
2011,260765,35430
2011,260770,13814
2011,260775,24050
2011,260780,15749
2011,260790,649788
2011,260795,11490
2011,260800,15909
2011,260805,14026
2011,260810,31029
2011,260820,15762
2011,260825,10674
2011,260830,13804
2011,260840,14603
2011,260845,16211
2011,260850,20697
2011,260860,12221
2011,260870,15649
2011,260875,23039
2011,260880,36968
2011,260890,55391
2011,260900,24035
2011,260910,13857
2011,260915,18472
2011,260920,12093
2011,260930,14400
2011,260940,57271
2011,260950,30915
2011,260960,378538
2011,260970,22938
2011,260980,13361
2011,260990,64944
2011,261000,59813
2011,261010,8086
2011,261020,25628
2011,261030,11052
2011,261040,20327
2011,261050,28590
2011,261060,51835
2011,261070,303401
2011,261080,20998
2011,261090,63320
2011,261100,32889
2011,261110,299752
2011,261120,11247
2011,261130,24100
2011,261140,13560
2011,261150,24343
2011,261153,6731
2011,261160,1546516
2011,261170,19277
2011,261180,44728
2011,261190,22258
2011,261200,11056
2011,261210,9479
2011,261220,56992
2011,261230,15333
2011,261240,22434
2011,261245,13773
2011,261247,11836
2011,261250,89773
2011,261255,13468
2011,261260,39629
2011,261270,13120
2011,261280,11048
2011,261290,14137
2011,261300,53847
2011,261310,35416
2011,261320,21433
2011,261330,20538
2011,261340,18504
2011,261350,32692
2011,261360,32011
2011,261370,103854
2011,261380,17077
2011,261390,79871
2011,261400,18369
2011,261410,33951
2011,261420,40853
2011,261430,11134
2011,261440,5761
2011,261450,59144
2011,261460,26609
2011,261470,12710
2011,261480,22450
2011,261485,20979
2011,261500,25298
2011,261510,6771
2011,261520,9409
2011,261530,53589
2011,261540,36610
2011,261550,13106
2011,261560,26438
2011,261570,14997
2011,261580,24704
2011,261590,7938
2011,261600,16251
2011,261610,9165
2011,261618,7823
2011,261620,18473
2011,261630,30879
2011,261640,130924
2011,261650,14132
2011,270010,19433
2011,270020,17392
2011,270030,216108
2011,270040,44612
2011,270050,14451
2011,270060,7666
2011,270070,17251
2011,270080,4446
2011,270090,7043
2011,270100,25895
2011,270110,10527
2011,270120,10245
2011,270130,20520
2011,270135,6627
2011,270140,51584
2011,270150,9046
2011,270160,17244
2011,270170,16953
2011,270180,8421
2011,270190,7146
2011,270200,10845
2011,270210,20213
2011,270220,5557
2011,270230,52716
2011,270235,22784
2011,270240,48493
2011,270250,10866
2011,270255,17332
2011,270260,21338
2011,270270,4385
2011,270280,12352
2011,270290,37118
2011,270300,15165
2011,270310,25158
2011,270320,23434
2011,270330,17908
2011,270340,5357
2011,270350,6973
2011,270360,7823
2011,270370,5541
2011,270375,11957
2011,270380,22717
2011,270390,4172
2011,270400,23824
2011,270410,18117
2011,270420,27215
2011,270430,943110
2011,270440,18994
2011,270450,29280
2011,270460,10023
2011,270470,46754
2011,270480,13502
2011,270490,3620
2011,270500,24673
2011,270510,23768
2011,270520,15966
2011,270530,5263
2011,270540,6945
2011,270550,26867
2011,270560,12184
2011,270570,20437
2011,270580,8601
2011,270590,4966
2011,270600,11100
2011,270610,10977
2011,270620,5158
2011,270630,70556
2011,270640,23730
2011,270642,10274
2011,270644,11601
2011,270650,14783
2011,270660,7419
2011,270670,60638
2011,270680,17236
2011,270690,33467
2011,270700,2862
2011,270710,23279
2011,270720,13922
2011,270730,25843
2011,270740,8291
2011,270750,19410
2011,270760,11404
2011,270770,68885
2011,270780,6631
2011,270790,6930
2011,270800,45197
2011,270810,10875
2011,270820,6731
2011,270830,22798
2011,270840,30323
2011,270850,32633
2011,270860,55463
2011,270870,7264
2011,270880,32232
2011,270890,14815
2011,270895,13129
2011,270900,6086
2011,270910,19172
2011,270915,41480
2011,270920,25880
2011,270930,62645
2011,270940,25342
2011,280010,2283
2011,280020,20188
2011,280030,579563
2011,280040,10772
2011,280050,17014
2011,280060,25527
2011,280067,25632
2011,280070,7792
2011,280100,16870
2011,280110,3956
2011,280120,25219
2011,280130,31087
2011,280140,20179
2011,280150,13822
2011,280160,5653
2011,280170,16692
2011,280190,3826
2011,280200,4408
2011,280210,64825
2011,280220,5344
2011,280230,14020
2011,280240,11409
2011,280250,2970
2011,280260,5655
2011,280270,8354
2011,280280,16037
2011,280290,87747
2011,280300,39176
2011,280310,4957
2011,280320,30798
2011,280330,17042
2011,280340,12932
2011,280350,95746
2011,280360,27177
2011,280370,6447
2011,280380,3476
2011,280390,12086
2011,280400,16412
2011,280410,11020
2011,280420,13784
2011,280430,7363
2011,280440,18500
2011,280445,8526
2011,280450,32926
2011,280460,24764
2011,280470,6255
2011,280480,163047
2011,280490,13260
2011,280500,3001
2011,280510,8903
2011,280520,6029
2011,280530,8455
2011,280540,31253
2011,280550,22138
2011,280560,27260
2011,280570,28533
2011,280580,19401
2011,280590,9434
2011,280600,17307
2011,280610,9384
2011,280620,19403
2011,280630,13064
2011,280640,7108
2011,280650,3761
2011,280660,11467
2011,280670,79956
2011,280680,10349
2011,280690,3460
2011,280700,3718
2011,280710,38847
2011,280720,8088
2011,280730,2982
2011,280740,48414
2011,280750,12857
2011,280760,22709
2011,290010,8687
2011,290020,17380
2011,290030,14692
2011,290035,15810
2011,290040,15809
2011,290050,10802
2011,290060,4569
2011,290070,142870
2011,290080,21300
2011,290090,6242
2011,290100,34602
2011,290110,25134
2011,290115,15962
2011,290120,25049
2011,290130,13951
2011,290135,14310
2011,290140,14032
2011,290150,10336
2011,290160,17303
2011,290170,11549
2011,290180,11124
2011,290190,17805
2011,290195,7428
2011,290200,13641
2011,290205,11602
2011,290210,51994
2011,290220,10111
2011,290225,10349
2011,290230,8616
2011,290240,13323
2011,290250,13919
2011,290260,20046
2011,290265,11827
2011,290270,49736
2011,290280,20974
2011,290290,35084
2011,290300,13950
2011,290310,6174
2011,290320,139285
2011,290323,13766
2011,290327,14346
2011,290330,6285
2011,290340,21935
2011,290350,15915
2011,290360,14851
2011,290370,15048
2011,290380,17944
2011,290390,64121
2011,290395,10054
2011,290400,13796
2011,290405,14983
2011,290410,22031
2011,290420,11050
2011,290430,14201
2011,290440,11164
2011,290450,10596
2011,290460,64790
2011,290470,18566
2011,290475,19729
2011,290480,11016
2011,290485,17457
2011,290490,32150
2011,290500,22396
2011,290510,10188
2011,290515,13727
2011,290520,47647
2011,290530,17305
2011,290540,15679
2011,290550,12576
2011,290560,31505
2011,290570,249206
2011,290580,35275
2011,290590,28124
2011,290600,66967
2011,290610,9403
2011,290620,24252
2011,290630,32116
2011,290640,8806
2011,290650,83648
2011,290660,13271
2011,290670,27747
2011,290680,32982
2011,290682,15839
2011,290685,11506
2011,290687,26826
2011,290689,10048
2011,290690,21515
2011,290700,8966
2011,290710,28451
2011,290720,65647
2011,290730,25483
2011,290740,2632
2011,290750,51411
2011,290755,8830
2011,290760,17035
2011,290770,10765
2011,290780,32387
2011,290790,15821
2011,290800,20442
2011,290810,18195
2011,290820,20612
2011,290830,17796
2011,290840,62545
2011,290850,30425
2011,290860,23866
2011,290870,16842
2011,290880,4638
2011,290890,22273
2011,290900,8205
2011,290910,14258
2011,290920,16855
2011,290930,31324
2011,290940,13625
2011,290950,5045
2011,290960,20124
2011,290970,13328
2011,290980,59045
2011,290990,32403
2011,291000,12609
2011,291005,68061
2011,291010,11405
2011,291020,3884
2011,291030,7954
2011,291040,23968
2011,291050,40029
2011,291060,33217
2011,291070,56631
2011,291072,101432
2011,291075,17603
2011,291077,6181
2011,291080,562466
2011,291085,16706
2011,291090,5401
2011,291100,10605
2011,291110,22854
2011,291120,30580
2011,291125,4535
2011,291130,10657
2011,291140,15096
2011,291150,8191
2011,291160,19873
2011,291165,10039
2011,291170,79394
2011,291180,22000
2011,291185,13145
2011,291190,25524
2011,291200,9831
2011,291210,23910
2011,291220,17548
2011,291230,15830
2011,291240,17145
2011,291250,14229
2011,291260,4870
2011,291270,22641
2011,291280,8023
2011,291290,18443
2011,291300,15590
2011,291310,17801
2011,291320,25522
2011,291330,5269
2011,291340,15222
2011,291345,13183
2011,291350,25768
2011,291360,185801
2011,291370,36822
2011,291380,15176
2011,291390,44465
2011,291400,59169
2011,291410,9343
2011,291420,7024
2011,291430,11564
2011,291440,22929
2011,291450,27643
2011,291460,66865
2011,291465,28593
2011,291470,61838
2011,291480,205286
2011,291490,24794
2011,291500,14995
2011,291510,12926
2011,291520,15053
2011,291530,7061
2011,291535,13350
2011,291540,7212
2011,291550,20978
2011,291560,63053
2011,291570,7869
2011,291580,22828
2011,291590,7594
2011,291600,20114
2011,291610,20862
2011,291620,10711
2011,291630,10446
2011,291640,69067
2011,291650,32641
2011,291660,10194
2011,291670,7715
2011,291680,18664
2011,291685,13775
2011,291690,12640
2011,291700,36157
2011,291710,19928
2011,291720,18216
2011,291730,26764
2011,291733,10932
2011,291735,8849
2011,291740,13664
2011,291750,79417
2011,291760,51328
2011,291770,30560
2011,291780,16701
2011,291790,10355
2011,291800,152138
2011,291810,37926
2011,291820,14147
2011,291830,13691
2011,291835,22812
2011,291840,199761
2011,291845,10129
2011,291850,15028
2011,291855,6397
2011,291860,7778
2011,291870,3865
2011,291875,14063
2011,291880,22444
2011,291890,3758
2011,291900,3908
2011,291905,8326
2011,291910,9413
2011,291915,25717
2011,291920,167309
2011,291930,10480
2011,291940,12295
2011,291950,43110
2011,291955,63290
2011,291960,11215
2011,291970,17285
2011,291980,47490
2011,291990,8032
2011,291992,17786
2011,291995,6554
2011,292000,8894
2011,292010,19243
2011,292020,16037
2011,292030,8428
2011,292040,14221
2011,292045,12707
2011,292050,24822
2011,292060,42967
2011,292070,19158
2011,292080,10473
2011,292090,14520
2011,292100,40866
2011,292105,11246
2011,292110,21602
2011,292120,26329
2011,292130,11057
2011,292140,16445
2011,292145,10265
2011,292150,52178
2011,292160,8256
2011,292170,35208
2011,292180,12496
2011,292190,10342
2011,292200,36638
2011,292205,11992
2011,292210,24635
2011,292220,7346
2011,292225,10354
2011,292230,28922
2011,292240,21530
2011,292250,27366
2011,292260,12632
2011,292265,12415
2011,292270,16731
2011,292273,7616
2011,292275,6609
2011,292280,7500
2011,292285,8044
2011,292290,24202
2011,292300,39054
2011,292303,10840
2011,292305,15059
2011,292310,25023
2011,292320,21822
2011,292330,8307
2011,292335,16503
2011,292340,20836
2011,292350,8479
2011,292360,21115
2011,292370,29682
2011,292380,27870
2011,292390,10684
2011,292400,109310
2011,292405,13729
2011,292410,6936
2011,292420,17020
2011,292430,17417
2011,292440,33021
2011,292450,15662
2011,292460,20064
2011,292465,10295
2011,292467,9816
2011,292470,12506
2011,292480,22658
2011,292490,8884
2011,292500,24694
2011,292510,44723
2011,292520,33595
2011,292525,15632
2011,292530,129325
2011,292540,9444
2011,292550,27661
2011,292560,13779
2011,292570,13484
2011,292575,24187
2011,292580,24602
2011,292590,27294
2011,292593,9534
2011,292595,22896
2011,292600,39165
2011,292610,12170
2011,292620,21939
2011,292630,33222
2011,292640,30840
2011,292650,14305
2011,292660,47701
2011,292665,8675
2011,292670,12948
2011,292680,14917
2011,292690,11933
2011,292700,37464
2011,292710,7912
2011,292720,29950
2011,292730,13693
2011,292740,2693606
2011,292750,19180
2011,292760,14876
2011,292770,26447
2011,292780,6630
2011,292790,10337
2011,292800,34060
2011,292805,13182
2011,292810,40236
2011,292820,24871
2011,292830,8806
2011,292840,26425
2011,292850,9722
2011,292860,57891
2011,292870,92049
2011,292880,48397
2011,292890,28301
2011,292895,9247
2011,292900,14129
2011,292905,13147
2011,292910,20317
2011,292920,33713
2011,292925,18429
2011,292930,33766
2011,292935,5662
2011,292937,10238
2011,292940,10445
2011,292950,42322
2011,292960,16603
2011,292970,19010
2011,292975,11279
2011,292980,11884
2011,292990,41984
2011,293000,10469
2011,293010,74937
2011,293015,31581
2011,293020,37806
2011,293030,18036
2011,293040,15194
2011,293050,77309
2011,293060,12405
2011,293070,119760
2011,293075,12107
2011,293076,12256
2011,293077,22056
2011,293080,15986
2011,293090,11432
2011,293100,20007
2011,293105,16228
2011,293110,8022
2011,293120,18965
2011,293130,16475
2011,293135,140710
2011,293140,7820
2011,293150,21533
2011,293160,14941
2011,293170,12798
2011,293180,16796
2011,293190,52579
2011,293200,24152
2011,293210,19728
2011,293220,20449
2011,293230,25295
2011,293240,13634
2011,293245,17220
2011,293250,23542
2011,293260,16480
2011,293270,19738
2011,293280,18272
2011,293290,89510
2011,293300,24958
2011,293305,13811
2011,293310,8711
2011,293315,12991
2011,293317,9047
2011,293320,38168
2011,293325,6740
2011,293330,310129
2011,293340,8984
2011,293345,12420
2011,293350,22047
2011,293360,45599
2011,310010,6724
2011,310020,22716
2011,310030,13309
2011,310040,3923
2011,310050,10183
2011,310060,14996
2011,310070,2020
2011,310080,4092
2011,310090,18528
2011,310100,12787
2011,310110,24948
2011,310120,6139
2011,310130,2703
2011,310140,2919
2011,310150,34406
2011,310160,74298
2011,310163,6150
2011,310170,39036
2011,310180,7188
2011,310190,18600
2011,310200,13774
2011,310205,5345
2011,310210,12029
2011,310220,4386
2011,310230,15236
2011,310240,3548
2011,310250,5021
2011,310260,37601
2011,310270,8993
2011,310280,12163
2011,310285,8045
2011,310290,11133
2011,310300,9529
2011,310310,1662
2011,310320,2251
2011,310330,2056
2011,310340,36037
2011,310350,110402
2011,310360,2817
2011,310370,8171
2011,310375,6209
2011,310380,2778
2011,310390,8011
2011,310400,94799
2011,310410,9623
2011,310420,36898
2011,310430,13847
2011,310440,2881
2011,310445,4810
2011,310450,17672
2011,310460,13145
2011,310470,14280
2011,310480,4945
2011,310490,18368
2011,310500,7895
2011,310510,22814
2011,310520,4962
2011,310530,5372
2011,310540,28830
2011,310550,5681
2011,310560,127218
2011,310570,6035
2011,310590,19695
2011,310600,10017
2011,310610,3402
2011,310620,2385640
2011,310630,23695
2011,310640,7545
2011,310650,12248
2011,310660,4503
2011,310665,4401
2011,310670,383571
2011,310680,3748
2011,310690,13720
2011,310700,2616
2011,310710,38627
2011,310720,5009
2011,310730,46950
2011,310740,46061
2011,310750,6491
2011,310760,3915
2011,310770,5543
2011,310780,15302
2011,310790,10453
2011,310800,17257
2011,310810,6815
2011,310820,5821
2011,310825,9812
2011,310830,17324
2011,310840,14907
2011,310850,6472
2011,310855,14438
2011,310860,31286
2011,310870,4601
2011,310880,5001
2011,310890,14623
2011,310900,34538
2011,310910,10889
2011,310920,10287
2011,310925,3996
2011,310930,22917
2011,310940,27001
2011,310945,6494
2011,310950,13831
2011,310960,3645
2011,310970,11071
2011,310980,2521
2011,310990,10345
2011,311000,41092
2011,311010,5015
2011,311020,4037
2011,311030,13700
2011,311040,3125
2011,311050,21122
2011,311060,26759
2011,311070,12607
2011,311080,3576
2011,311090,15536
2011,311100,20697
2011,311110,19342
2011,311115,3693
2011,311120,51725
2011,311130,11480
2011,311140,6989
2011,311150,14313
2011,311160,27682
2011,311170,4616
2011,311180,11422
2011,311190,5584
2011,311200,14606
2011,311205,4223
2011,311210,5226
2011,311220,4739
2011,311230,35090
2011,311240,7064
2011,311250,8957
2011,311260,15359
2011,311265,4973
2011,311270,14290
2011,311280,8218
2011,311290,9046
2011,311300,22448
2011,311310,3274
2011,311320,23522
2011,311330,32325
2011,311340,85811
2011,311350,9162
2011,311360,6336
2011,311370,19922
2011,311380,2462
2011,311390,11855
2011,311400,10968
2011,311410,13843
2011,311420,20232
2011,311430,29757
2011,311440,20480
2011,311450,17256
2011,311455,9515
2011,311460,3953
2011,311470,3361
2011,311480,4543
2011,311490,2243
2011,311500,2876
2011,311510,17423
2011,311520,3949
2011,311530,70201
2011,311535,4893
2011,311540,3476
2011,311545,6661
2011,311547,5084
2011,311550,21673
2011,311560,1204
2011,311570,6790
2011,311580,10269
2011,311590,2825
2011,311600,5644
2011,311610,15187
2011,311615,11077
2011,311620,2772
2011,311630,6563
2011,311640,4566
2011,311650,7743
2011,311660,26021
2011,311670,7095
2011,311680,8998
2011,311690,2982
2011,311700,8152
2011,311710,9855
2011,311720,2752
2011,311730,23495
2011,311740,4463
2011,311750,17853
2011,311760,5187
2011,311770,13001
2011,311780,10500
2011,311783,7149
2011,311787,6008
2011,311790,10602
2011,311800,49077
2011,311810,4947
2011,311820,6559
2011,311830,117562
2011,311840,22281
2011,311850,1730
2011,311860,608715
2011,311870,9265
2011,311880,26057
2011,311890,8679
2011,311900,3441
2011,311910,23866
2011,311920,10230
2011,311930,27555
2011,311940,104174
2011,311950,9116
2011,311960,2990
2011,311970,3310
2011,311980,3370
2011,311990,3723
2011,311995,5837
2011,312000,3088
2011,312010,4220
2011,312015,6105
2011,312020,11422
2011,312030,5774
2011,312040,5015
2011,312050,10201
2011,312060,4779
2011,312070,3951
2011,312080,14655
2011,312083,4705
2011,312087,6986
2011,312090,74734
2011,312100,5225
2011,312110,7967
2011,312120,6850
2011,312125,8322
2011,312130,4787
2011,312140,7017
2011,312150,3000
2011,312160,46005
2011,312170,3839
2011,312180,8628
2011,312190,3302
2011,312200,19188
2011,312210,4935
2011,312220,7070
2011,312230,215247
2011,312235,5967
2011,312240,5781
2011,312245,9166
2011,312247,3796
2011,312250,5189
2011,312260,4523
2011,312270,5194
2011,312280,2991
2011,312290,6051
2011,312300,9372
2011,312310,5211
2011,312320,13732
2011,312330,4437
2011,312340,1447
2011,312350,1846
2011,312352,7456
2011,312360,25472
2011,312370,10352
2011,312380,7125
2011,312385,5185
2011,312390,14329
2011,312400,18018
2011,312410,61283
2011,312420,23035
2011,312430,31124
2011,312440,4450
2011,312450,10882
2011,312460,2455
2011,312470,3510
2011,312480,7490
2011,312490,10600
2011,312500,3765
2011,312510,29319
2011,312520,2350
2011,312530,3359
2011,312540,5097
2011,312550,3064
2011,312560,6926
2011,312570,14224
2011,312580,3066
2011,312590,10723
2011,312595,10402
2011,312600,6674
2011,312610,65299
2011,312620,8305
2011,312630,4125
2011,312640,2726
2011,312650,10244
2011,312660,4892
2011,312670,25016
2011,312675,5752
2011,312680,5872
2011,312690,8978
2011,312695,3340
2011,312700,14427
2011,312705,4671
2011,312707,5876
2011,312710,53998
2011,312720,3900
2011,312730,6929
2011,312733,5130
2011,312735,2977
2011,312737,3079
2011,312738,3685
2011,312740,4228
2011,312750,5937
2011,312760,11681
2011,312770,264960
2011,312780,15086
2011,312790,1373
2011,312800,31526
2011,312810,13892
2011,312820,10221
2011,312825,4738
2011,312830,18721
2011,312840,8691
2011,312850,3911
2011,312860,6559
2011,312870,49614
2011,312880,7185
2011,312890,7333
2011,312900,8665
2011,312910,6080
2011,312920,6157
2011,312930,10361
2011,312940,5029
2011,312950,23385
2011,312960,7885
2011,312965,6126
2011,312970,12326
2011,312980,160943
2011,312990,3389
2011,313000,2875
2011,313005,10856
2011,313010,35620
2011,313020,9411
2011,313030,8011
2011,313040,5921
2011,313050,11562
2011,313055,6464
2011,313060,6941
2011,313065,7323
2011,313070,6252
2011,313080,2640
2011,313090,24248
2011,313100,5804
2011,313110,6771
2011,313115,16876
2011,313120,18315
2011,313130,241539
2011,313140,4114
2011,313150,9565
2011,313160,6511
2011,313170,110663
2011,313180,10760
2011,313190,46029
2011,313200,5022
2011,313210,17741
2011,313220,12455
2011,313230,11879
2011,313240,91159
2011,313250,32388
2011,313260,4102
2011,313270,22820
2011,313280,2261
2011,313290,10321
2011,313300,14142
2011,313310,14272
2011,313320,11878
2011,313330,20981
2011,313340,13797
2011,313350,21388
2011,313360,8765
2011,313370,10037
2011,313375,15042
2011,313380,86124
2011,313390,5754
2011,313400,14447
2011,313410,5845
2011,313420,97792
2011,313430,6120
2011,313440,34890
2011,313450,3896
2011,313460,17411
2011,313470,12138
2011,313480,7511
2011,313490,23062
2011,313500,3001
2011,313505,34071
2011,313507,5094
2011,313510,67199
2011,313520,65606
2011,313530,3975
2011,313535,8315
2011,313540,5341
2011,313545,7165
2011,313550,12786
2011,313560,7948
2011,313570,5155
2011,313580,24226
2011,313590,4764
2011,313600,14971
2011,313610,5334
2011,313620,74142
2011,313630,45559
2011,313640,4339
2011,313650,10360
2011,313652,4543
2011,313655,4432
2011,313657,4591
2011,313660,5565
2011,313665,22649
2011,313670,520811
2011,313680,4130
2011,313690,9358
2011,313695,5703
2011,313700,17084
2011,313710,7592
2011,313720,46539
2011,313730,4208
2011,313740,12316
2011,313750,17228
2011,313753,8710
2011,313760,53645
2011,313770,19616
2011,313780,19655
2011,313790,3442
2011,313800,6492
2011,313810,6479
2011,313820,93231
2011,313830,3204
2011,313835,4810
2011,313840,51210
2011,313850,5312
2011,313860,16183
2011,313862,6946
2011,313865,8453
2011,313867,6230
2011,313868,6422
2011,313870,5418
2011,313880,17537
2011,313890,6981
2011,313900,38981
2011,313910,4918
2011,313920,18740
2011,313925,6336
2011,313930,19649
2011,313940,80530
2011,313950,21487
2011,313960,27130
2011,313970,7235
2011,313980,11840
2011,313990,14186
2011,314000,54796
2011,314010,4204
2011,314015,13396
2011,314020,2803
2011,314030,4010
2011,314040,2944
2011,314050,12672
2011,314053,7288
2011,314055,7935
2011,314060,4576
2011,314070,28141
2011,314080,13521
2011,314085,10085
2011,314090,17743
2011,314100,12646
2011,314110,34295
2011,314120,3756
2011,314130,3476
2011,314140,20979
2011,314150,6335
2011,314160,10392
2011,314170,6016
2011,314180,30824
2011,314190,3841
2011,314200,13080
2011,314210,10288
2011,314220,13911
2011,314225,4577
2011,314230,4706
2011,314240,7068
2011,314250,2344
2011,314260,8203
2011,314270,15745
2011,314280,19743
2011,314290,21853
2011,314300,13055
2011,314310,45916
2011,314315,4675
2011,314320,21236
2011,314330,366135
2011,314340,21434
2011,314345,7533
2011,314350,8305
2011,314360,2637
2011,314370,3374
2011,314380,6227
2011,314390,101431
2011,314400,26659
2011,314410,20418
2011,314420,3157
2011,314430,40774
2011,314435,6398
2011,314437,3280
2011,314440,4660
2011,314450,8009
2011,314460,25803
2011,314465,9851
2011,314467,3674
2011,314470,17511
2011,314480,82273
2011,314490,3767
2011,314500,13067
2011,314505,7399
2011,314510,15489
2011,314520,76482
2011,314530,30746
2011,314535,10368
2011,314537,4991
2011,314540,1951
2011,314545,5343
2011,314550,2555
2011,314560,39637
2011,314570,2122
2011,314580,3061
2011,314585,4504
2011,314587,7348
2011,314590,35643
2011,314600,31734
2011,314610,70589
2011,314620,6001
2011,314625,5881
2011,314630,18955
2011,314640,4611
2011,314650,8031
2011,314655,5942
2011,314660,1554
2011,314670,6544
2011,314675,6781
2011,314690,14306
2011,314700,85448
2011,314710,85076
2011,314720,20346
2011,314730,19524
2011,314740,22731
2011,314750,1753
2011,314760,15638
2011,314770,8176
2011,314780,2073
2011,314790,106987
2011,314795,5611
2011,314800,139849
2011,314810,83188
2011,314820,5320
2011,314830,9289
2011,314840,4904
2011,314850,8565
2011,314860,17266
2011,314870,23857
2011,314875,6707
2011,314880,3323
2011,314890,3880
2011,314900,2220
2011,314910,11426
2011,314915,10426
2011,314920,3500
2011,314930,59213
2011,314940,1785
2011,314950,3177
2011,314960,4104
2011,314970,9159
2011,314980,14561
2011,314990,20191
2011,314995,7005
2011,315000,4135
2011,315010,2829
2011,315015,7246
2011,315020,4065
2011,315030,4682
2011,315040,4669
2011,315050,8268
2011,315053,4467
2011,315057,7232
2011,315060,6399
2011,315070,4803
2011,315080,17250
2011,315090,5236
2011,315100,8064
2011,315110,10390
2011,315120,53604
2011,315130,10841
2011,315140,25545
2011,315150,32121
2011,315160,10545
2011,315170,16022
2011,315180,153726
2011,315190,8920
2011,315200,29337
2011,315210,57551
2011,315213,3991
2011,315217,11408
2011,315220,37607
2011,315230,10490
2011,315240,15736
2011,315250,132445
2011,315260,6178
2011,315270,8444
2011,315280,25973
2011,315290,8776
2011,315300,3295
2011,315310,5514
2011,315320,3877
2011,315330,2960
2011,315340,18639
2011,315350,8308
2011,315360,9676
2011,315370,3325
2011,315380,1867
2011,315390,15423
2011,315400,23783
2011,315410,10308
2011,315415,6619
2011,315420,10958
2011,315430,17098
2011,315440,4723
2011,315445,8010
2011,315450,9361
2011,315460,299729
2011,315470,3842
2011,315480,9200
2011,315490,14120
2011,315500,2477
2011,315510,5204
2011,315520,6004
2011,315530,5325
2011,315540,8725
2011,315550,11913
2011,315560,29242
2011,315570,14150
2011,315580,17168
2011,315590,5304
2011,315600,13549
2011,315610,4887
2011,315620,2133
2011,315630,6982
2011,315640,3586
2011,315645,4277
2011,315650,7586
2011,315660,9939
2011,315670,127097
2011,315680,15661
2011,315690,24093
2011,315700,39367
2011,315710,6866
2011,315720,28160
2011,315725,7719
2011,315727,2821
2011,315730,4551
2011,315733,7929
2011,315737,4366
2011,315740,4963
2011,315750,4576
2011,315760,3951
2011,315765,6079
2011,315770,11588
2011,315780,204327
2011,315790,15111
2011,315800,10568
2011,315810,5273
2011,315820,14399
2011,315830,7209
2011,315840,3643
2011,315850,7963
2011,315860,3867
2011,315870,2254
2011,315880,4623
2011,315890,8581
2011,315895,27965
2011,315900,4045
2011,315910,3813
2011,315920,9008
2011,315930,4976
2011,315935,6605
2011,315940,3563
2011,315950,5670
2011,315960,38253
2011,315970,3233
2011,315980,18275
2011,315990,17440
2011,316000,3540
2011,316010,4063
2011,316020,4101
2011,316030,11747
2011,316040,26168
2011,316045,6979
2011,316050,1774
2011,316060,3219
2011,316070,46246
2011,316080,4642
2011,316090,3531
2011,316095,5425
2011,316100,17336
2011,316105,3377
2011,316110,54007
2011,316120,6480
2011,316130,5815
2011,316140,5139
2011,316150,10459
2011,316160,4341
2011,316165,3534
2011,316170,6328
2011,316180,10585
2011,316190,9878
2011,316200,24029
2011,316210,32141
2011,316220,6935
2011,316225,4676
2011,316230,2730
2011,316240,25307
2011,316245,11829
2011,316250,84919
2011,316255,10363
2011,316257,5249
2011,316260,7827
2011,316265,4091
2011,316270,22420
2011,316280,15556
2011,316290,25155
2011,316292,26104
2011,316294,6834
2011,316295,20168
2011,316300,4089
2011,316310,4273
2011,316320,4011
2011,316330,3832
2011,316340,5608
2011,316350,6535
2011,316360,2609
2011,316370,42021
2011,316380,6770
2011,316390,4996
2011,316400,8289
2011,316410,5531
2011,316420,10468
2011,316430,6714
2011,316440,4997
2011,316443,2816
2011,316447,5813
2011,316450,10574
2011,316460,5894
2011,316470,65491
2011,316480,1601
2011,316490,2121
2011,316500,10586
2011,316510,7077
2011,316520,6690
2011,316530,7073
2011,316540,6302
2011,316550,5657
2011,316553,26470
2011,316555,11008
2011,316556,2823
2011,316557,5226
2011,316560,1988
2011,316570,7279
2011,316580,1830
2011,316590,4527
2011,316600,5687
2011,316610,3496
2011,316620,10210
2011,316630,7139
2011,316640,1793
2011,316650,4222
2011,316660,811
2011,316670,8430
2011,316680,10638
2011,316690,7545
2011,316695,4455
2011,316700,1990
2011,316710,20822
2011,316720,216400
2011,316730,2197
2011,316740,6041
2011,316750,2542
2011,316760,18408
2011,316770,5796
2011,316780,5716
2011,316790,4042
2011,316800,31192
2011,316805,3131
2011,316810,4173
2011,316820,1871
2011,316830,3818
2011,316840,14279
2011,316850,11371
2011,316860,135154
2011,316870,81993
2011,316880,7054
2011,316890,6855
2011,316900,15886
2011,316905,3960
2011,316910,5806
2011,316920,9375
2011,316930,73339
2011,316935,28683
2011,316940,54078
2011,316950,6329
2011,316960,24271
2011,316970,18222
2011,316980,4690
2011,316990,102782
2011,317000,11751
2011,317005,12068
2011,317010,299361
2011,317020,611904
2011,317030,2693
2011,317040,78144
2011,317043,4402
2011,317047,3233
2011,317050,10285
2011,317052,13911
2011,317057,6455
2011,317060,2160
2011,317065,4755
2011,317070,124162
2011,317075,6158
2011,317080,36129
2011,317090,19112
2011,317100,19785
2011,317103,8436
2011,317107,5559
2011,317110,3530
2011,317115,4698
2011,317120,106685
2011,317130,72786
2011,317140,3715
2011,317150,3350
2011,317160,13615
2011,317170,8618
2011,317180,10553
2011,317190,5624
2011,317200,38353
2011,317210,5082
2011,317220,2550
2011,320010,31004
2011,320013,9513
2011,320016,11696
2011,320020,30696
2011,320030,13982
2011,320035,7345
2011,320040,24265
2011,320050,7505
2011,320060,83152
2011,320070,9967
2011,320080,29178
2011,320090,40884
2011,320100,14239
2011,320110,9496
2011,320115,11933
2011,320120,191042
2011,320130,350615
2011,320140,34900
2011,320150,112432
2011,320160,28600
2011,320170,11741
2011,320180,4493
2011,320190,31946
2011,320200,6414
2011,320210,23154
2011,320220,17334
2011,320225,10990
2011,320230,28033
2011,320240,106583
2011,320245,22609
2011,320250,11258
2011,320255,8938
2011,320260,12603
2011,320265,11829
2011,320270,14107
2011,320280,31209
2011,320290,10840
2011,320300,27422
2011,320305,25073
2011,320310,10932
2011,320313,15848
2011,320316,10818
2011,320320,143509
2011,320330,13721
2011,320332,34412
2011,320334,14422
2011,320335,11198
2011,320340,25880
2011,320350,17894
2011,320360,5637
2011,320370,18298
2011,320380,14452
2011,320390,46263
2011,320400,21636
2011,320405,23935
2011,320410,24093
2011,320420,18364
2011,320425,7034
2011,320430,10373
2011,320435,17623
2011,320440,11330
2011,320450,12223
2011,320455,34591
2011,320460,21916
2011,320465,8036
2011,320470,32264
2011,320480,10403
2011,320490,110454
2011,320495,11341
2011,320500,416029
2011,320501,24271
2011,320503,19265
2011,320506,20776
2011,320510,65888
2011,320515,8699
2011,320517,13827
2011,320520,419854
2011,320530,330526
2011,330010,173370
2011,330015,10382
2011,330020,114250
2011,330022,11540
2011,330023,28279
2011,330025,28010
2011,330030,95260
2011,330040,178355
2011,330045,472008
2011,330050,25539
2011,330060,35546
2011,330070,190787
2011,330080,54713
2011,330090,14840
2011,330093,13697
2011,330095,8200
2011,330100,468087
2011,330110,19830
2011,330115,12601
2011,330120,17599
2011,330130,36360
2011,330140,21416
2011,330150,20571
2011,330160,10976
2011,330170,861158
2011,330180,13324
2011,330185,52522
2011,330187,23475
2011,330190,220352
2011,330200,111171
2011,330205,14174
2011,330210,22892
2011,330220,96542
2011,330225,29094
2011,330227,96430
2011,330230,7455
2011,330240,212433
2011,330245,5299
2011,330250,228972
2011,330260,37343
2011,330270,131355
2011,330280,17981
2011,330285,168966
2011,330290,24699
2011,330300,26827
2011,330310,15079
2011,330320,157710
2011,330330,489720
2011,330340,182748
2011,330350,799047
2011,330360,47635
2011,330370,41367
2011,330380,38147
2011,330385,26469
2011,330390,296565
2011,330395,22968
2011,330400,26637
2011,330410,17899
2011,330411,16938
2011,330412,12952
2011,330414,139188
2011,330415,20747
2011,330420,120938
2011,330430,56001
2011,330440,17517
2011,330450,8633
2011,330452,110992
2011,330455,6355949
2011,330460,10310
2011,330470,40735
2011,330475,41371
2011,330480,37601
2011,330490,1008065
2011,330500,33136
2011,330510,459379
2011,330513,7049
2011,330515,20398
2011,330520,89739
2011,330530,8933
2011,330540,17554
2011,330550,75906
2011,330555,79179
2011,330560,21356
2011,330570,14956
2011,330575,31091
2011,330580,165716
2011,330590,10309
2011,330600,77851
2011,330610,72268
2011,330615,9600
2011,330620,34638
2011,330630,259012
2011,350010,33821
2011,350020,3548
2011,350030,32452
2011,350040,7619
2011,350050,17354
2011,350055,5630
2011,350060,2771
2011,350070,34681
2011,350075,4979
2011,350080,3906
2011,350090,3837
2011,350100,15617
2011,350110,4090
2011,350115,16961
2011,350120,3865
2011,350130,23579
2011,350140,4692
2011,350150,3013
2011,350160,212791
2011,350170,34954
2011,350180,5715
2011,350190,66246
2011,350200,4348
2011,350210,55348
2011,350220,22434
2011,350230,5739
2011,350240,3764
2011,350250,35015
2011,350260,4413
2011,350270,25040
2011,350275,17535
2011,350280,182526
2011,350290,27874
2011,350300,5182
2011,350310,6128
2011,350315,2484
2011,350320,210673
2011,350330,119968
2011,350335,1907
2011,350340,7887
2011,350350,3704
2011,350360,10601
2011,350370,8630
2011,350380,45026
2011,350390,76112
2011,350395,1806
2011,350400,95750
2011,350410,127778
2011,350420,14255
2011,350430,4987
2011,350440,11501
2011,350450,83430
2011,350460,14838
2011,350470,3886
2011,350480,8223
2011,350490,10263
2011,350500,3141
2011,350510,6652
2011,350520,31852
2011,350530,35228
2011,350535,5275
2011,350540,7700
2011,350550,112730
2011,350560,28826
2011,350570,243242
2011,350580,20435
2011,350590,56888
2011,350600,346077
2011,350610,75052
2011,350620,2696
2011,350630,10780
2011,350635,48997
2011,350640,7122
2011,350650,109836
2011,350660,28877
2011,350670,13728
2011,350680,10968
2011,350690,9792
2011,350700,49385
2011,350710,20199
2011,350715,3598
2011,350720,806
2011,350730,4309
2011,350740,14632
2011,350745,2321
2011,350750,128789
2011,350760,148411
2011,350770,5070
2011,350775,2594
2011,350780,21412
2011,350790,21787
2011,350800,18635
2011,350810,15539
2011,350820,4083
2011,350830,4343
2011,350840,42257
2011,350850,85414
2011,350860,30313
2011,350870,18551
2011,350880,16670
2011,350890,4072
2011,350900,87704
2011,350910,5105
2011,350920,65139
2011,350925,28307
2011,350930,9814
2011,350940,23571
2011,350945,5595
2011,350950,1090386
2011,350960,74869
2011,350970,48061
2011,350980,4567
2011,350990,12221
2011,350995,4445
2011,351000,29931
2011,351010,2673
2011,351015,4438
2011,351020,46136
2011,351030,17785
2011,351040,49122
2011,351050,102523
2011,351060,371502
2011,351070,11821
2011,351080,28423
2011,351090,2616
2011,351100,18238
2011,351110,113356
2011,351120,7171
2011,351130,8070
2011,351140,17716
2011,351150,40393
2011,351160,15744
2011,351170,15243
2011,351190,7193
2011,351200,17426
2011,351210,5998
2011,351220,25425
2011,351230,16395
2011,351240,21348
2011,351250,5302
2011,351260,4956
2011,351270,3881
2011,351280,59938
2011,351290,7202
2011,351300,205154
2011,351310,31943
2011,351320,7666
2011,351330,2249
2011,351340,77312
2011,351350,119520
2011,351360,21773
2011,351370,31220
2011,351380,388576
2011,351385,1695
2011,351390,11146
2011,351400,8011
2011,351410,24933
2011,351420,2092
2011,351430,8610
2011,351440,43470
2011,351450,12234
2011,351460,8284
2011,351470,6279
2011,351480,14680
2011,351490,15920
2011,351492,3162
2011,351495,2419
2011,351500,242730
2011,351510,63219
2011,351512,3030
2011,351515,16158
2011,351518,42017
2011,351519,4288
2011,351520,8205
2011,351530,2661
2011,351535,9537
2011,351540,15344
2011,351550,64931
2011,351560,5542
2011,351565,1574
2011,351570,170297
2011,351580,1720
2011,351590,2987
2011,351600,12982
2011,351610,2807
2011,351620,321012
2011,351630,156064
2011,351640,133407
2011,351650,2707
2011,351660,6947
2011,351670,43112
2011,351680,4240
2011,351685,4442
2011,351690,10658
2011,351700,10796
2011,351710,4576
2011,351720,10782
2011,351730,5442
2011,351740,37619
2011,351750,18160
2011,351760,17866
2011,351770,19931
2011,351780,8400
2011,351790,10063
2011,351800,1968
2011,351810,6411
2011,351820,30732
2011,351830,26147
2011,351840,112675
2011,351850,14901
2011,351860,35824
2011,351870,292744
2011,351880,1233436
2011,351885,7012
2011,351890,4790
2011,351900,8751
2011,351905,11613
2011,351907,195776
2011,351910,10146
2011,351920,6392
2011,351925,6631
2011,351930,31062
2011,351940,11008
2011,351950,6804
2011,351960,53660
2011,351970,71742
2011,351980,7515
2011,351990,7657
2011,352000,23420
2011,352010,28108
2011,352020,8873
2011,352030,28950
2011,352040,28761
2011,352042,9204
2011,352044,25146
2011,352050,205808
2011,352060,4817
2011,352070,3892
2011,352080,3654
2011,352090,13749
2011,352100,29062
2011,352110,6145
2011,352115,4539
2011,352120,4279
2011,352130,14323
2011,352140,20373
2011,352150,7323
2011,352160,7815
2011,352170,17778
2011,352180,24236
2011,352190,14582
2011,352200,3293
2011,352210,88214
2011,352215,3229
2011,352220,154374
2011,352230,145822
2011,352240,88129
2011,352250,203712
2011,352260,68934
2011,352265,3904
2011,352270,40228
2011,352280,14564
2011,352290,12312
2011,352300,4397
2011,352310,325518
2011,352320,48040
2011,352330,15614
2011,352340,103028
2011,352350,18253
2011,352360,15731
2011,352370,5953
2011,352380,7553
2011,352390,155589
2011,352400,46294
2011,352410,38882
2011,352420,6605
2011,352430,71989
2011,352440,212744
2011,352450,5776
2011,352460,17221
2011,352470,45441
2011,352480,47076
2011,352490,5454
2011,352500,109614
2011,352510,38194
2011,352520,24370
2011,352530,132494
2011,352540,3151
2011,352550,11873
2011,352560,4174
2011,352570,33074
2011,352580,4451
2011,352585,2845
2011,352590,373713
2011,352600,18859
2011,352610,19149
2011,352620,28912
2011,352630,4833
2011,352640,25490
2011,352650,9060
2011,352660,6635
2011,352670,92601
2011,352680,61919
2011,352690,278093
2011,352700,6814
2011,352710,71853
2011,352720,82887
2011,352725,2138
2011,352730,38140
2011,352740,20003
2011,352750,2257
2011,352760,11603
2011,352770,5089
2011,352780,4363
2011,352790,2700
2011,352800,16298
2011,352810,7685
2011,352820,3657
2011,352830,3184
2011,352840,43473
2011,352850,82556
2011,352860,9048
2011,352870,4898
2011,352880,13358
2011,352885,2664
2011,352890,3921
2011,352900,218229
2011,352910,2107
2011,352920,24363
2011,352930,77173
2011,352940,421184
2011,352950,4708
2011,352960,3842
2011,352965,1883
2011,352970,20561
2011,352980,12087
2011,352990,20455
2011,353000,2838
2011,353010,27602
2011,353020,17124
2011,353030,54212
2011,353040,4338
2011,353050,66345
2011,353060,392196
2011,353070,138245
2011,353080,86892
2011,353090,3279
2011,353100,2138
2011,353110,47153
2011,353120,7216
2011,353130,46875
2011,353140,22002
2011,353150,18884
2011,353160,4062
2011,353170,4159
2011,353180,49841
2011,353190,29400
2011,353200,11912
2011,353205,4323
2011,353210,4203
2011,353215,2741
2011,353220,4330
2011,353230,6657
2011,353240,16568
2011,353250,8762
2011,353260,10766
2011,353270,4352
2011,353280,5978
2011,353282,8609
2011,353284,2086
2011,353286,1136
2011,353290,9453
2011,353300,19346
2011,353310,2184
2011,353320,3146
2011,353325,4697
2011,353330,3495
2011,353340,51946
2011,353350,36913
2011,353360,6856
2011,353370,4163
2011,353380,2649
2011,353390,50332
2011,353400,3921
2011,353410,6120
2011,353420,5792
2011,353430,40071
2011,353440,667826
2011,353450,2536
2011,353460,31015
2011,353470,103739
2011,353475,8568
2011,353480,7851
2011,353490,13281
2011,353500,11201
2011,353510,11126
2011,353520,9528
2011,353530,21224
2011,353540,14655
2011,353550,42483
2011,353560,17418
2011,353570,5934
2011,353580,17985
2011,353590,3830
2011,353600,10825
2011,353610,5648
2011,353620,18508
2011,353625,2039
2011,353630,13122
2011,353640,6419
2011,353650,84512
2011,353657,1779
2011,353660,8598
2011,353670,41872
2011,353680,5794
2011,353690,2545
2011,353700,15755
2011,353710,42045
2011,353715,2947
2011,353720,10283
2011,353730,58808
2011,353740,24957
2011,353750,7549
2011,353760,60412
2011,353770,5338
2011,353780,52298
2011,353790,26595
2011,353800,148605
2011,353810,15188
2011,353820,13268
2011,353830,3542
2011,353850,14024
2011,353860,25252
2011,353870,367290
2011,353880,28520
2011,353890,22905
2011,353900,10668
2011,353910,15990
2011,353920,24893
2011,353930,70482
2011,353940,12187
2011,353950,35626
2011,353960,4524
2011,353970,3217
2011,353980,106797
2011,353990,5443
2011,354000,20102
2011,354010,3465
2011,354020,41055
2011,354025,4116
2011,354030,2517
2011,354040,4206
2011,354050,8455
2011,354060,49153
2011,354070,51705
2011,354075,19842
2011,354080,15587
2011,354085,2968
2011,354090,17720
2011,354100,267307
2011,354105,4649
2011,354110,4109
2011,354120,13487
2011,354130,41474
2011,354140,209025
2011,354150,37954
2011,354160,36025
2011,354165,3281
2011,354170,12887
2011,354180,2857
2011,354190,11478
2011,354200,6048
2011,354210,8632
2011,354220,28807
2011,354230,3860
2011,354240,18609
2011,354250,7522
2011,354260,54301
2011,354270,6664
2011,354280,3347
2011,354290,12204
2011,354300,18042
2011,354310,4304
2011,354320,4443
2011,354323,2185
2011,354325,7425
2011,354330,113726
2011,354340,612340
2011,354350,6085
2011,354360,3445
2011,354370,10421
2011,354380,9911
2011,354390,187638
2011,354400,29963
2011,354410,44503
2011,354420,10730
2011,354425,19343
2011,354430,9678
2011,354440,2760
2011,354450,2881
2011,354460,5238
2011,354470,2392
2011,354480,5520
2011,354490,10664
2011,354500,15734
2011,354510,4851
2011,354515,7156
2011,354520,106465
2011,354530,40521
2011,354540,8814
2011,354550,3746
2011,354560,14401
2011,354570,5734
2011,354580,180772
2011,354600,13821
2011,354610,2082
2011,354620,4039
2011,354625,1966
2011,354630,30268
2011,354640,44152
2011,354650,5555
2011,354660,29449
2011,354670,22074
2011,354680,50969
2011,354690,8279
2011,354700,5470
2011,354710,2834
2011,354720,1622
2011,354730,111422
2011,354740,2532
2011,354750,26505
2011,354760,24049
2011,354765,1453
2011,354770,20454
2011,354780,678486
2011,354790,6346
2011,354800,20844
2011,354805,7680
2011,354810,5927
2011,354820,6499
2011,354830,2825
2011,354840,4313
2011,354850,419509
2011,354860,10477
2011,354870,770253
2011,354880,149962
2011,354890,224173
2011,354900,2788
2011,354910,84119
2011,354920,2559
2011,354925,1789
2011,354930,2098
2011,354940,46891
2011,354950,8432
2011,354960,4072
2011,354970,52040
2011,354980,412076
2011,354990,636876
2011,354995,14110
2011,355000,10395
2011,355010,38480
2011,355020,31501
2011,355030,11316119
2011,355040,31951
2011,355050,7222
2011,355060,79757
2011,355070,75163
2011,355080,12072
2011,355090,14398
2011,355100,334663
2011,355110,9121
2011,355120,3614
2011,355130,3069
2011,355140,11549
2011,355150,39360
2011,355160,26582
2011,355170,111257
2011,355180,12951
2011,355190,15647
2011,355200,5824
2011,355210,36992
2011,355220,593776
2011,355230,7441
2011,355240,242960
2011,355250,265074
2011,355255,3429
2011,355260,11430
2011,355270,14817
2011,355280,248127
2011,355290,5752
2011,355300,11086
2011,355310,5916
2011,355320,5443
2011,355330,22418
2011,355340,24168
2011,355350,7970
2011,355360,12722
2011,355365,2727
2011,355370,54136
2011,355380,22315
2011,355385,5204
2011,355390,6671
2011,355395,13050
2011,355400,108393
2011,355410,281336
2011,355420,4769
2011,355430,21493
2011,355440,8563
2011,355450,37229
2011,355460,2640
2011,355465,2263
2011,355470,9368
2011,355475,1557
2011,355480,41457
2011,355490,5448
2011,355495,6005
2011,355500,63487
2011,355510,14345
2011,355520,1933
2011,355530,1949
2011,355535,5372
2011,355540,79718
2011,355550,4448
2011,355560,9505
2011,355570,1618
2011,355580,8837
2011,355590,1240
2011,355600,12782
2011,355610,11223
2011,355620,108622
2011,355630,22884
2011,355635,8942
2011,355640,39494
2011,355645,43789
2011,355650,108186
2011,355660,10745
2011,355670,64870
2011,355680,17400
2011,355690,7050
2011,355695,1742
2011,355700,109798
2011,355710,85387
2011,355715,2365
2011,355720,12108
2011,355730,10136
2011,410010,7727
2011,410020,6328
2011,410030,8351
2011,410040,104350
2011,410045,4100
2011,410050,20615
2011,410060,13736
2011,410070,10135
2011,410080,10363
2011,410090,5504
2011,410100,17438
2011,410105,2864
2011,410110,20530
2011,410115,2861
2011,410120,18870
2011,410130,7347
2011,410140,121924
2011,410150,105588
2011,410160,26007
2011,410165,3515
2011,410170,13445
2011,410180,121032
2011,410185,2420
2011,410190,16225
2011,410200,33003
2011,410210,24780
2011,410220,3906
2011,410230,11422
2011,410240,32066
2011,410250,12545
2011,410260,9766
2011,410270,2728
2011,410275,3903
2011,410280,15083
2011,410290,15892
2011,410300,4523
2011,410302,2738
2011,410304,6537
2011,410305,7872
2011,410310,11136
2011,410315,3769
2011,410320,6591
2011,410322,3286
2011,410330,7758
2011,410335,5700
2011,410337,3157
2011,410340,2712
2011,410345,14933
2011,410347,4263
2011,410350,8100
2011,410360,23974
2011,410370,97390
2011,410380,7279
2011,410390,15270
2011,410395,4054
2011,410400,39092
2011,410405,4352
2011,410410,7186
2011,410420,113882
2011,410425,25184
2011,410430,87710
2011,410440,16491
2011,410442,15045
2011,410445,12963
2011,410450,18549
2011,410460,15016
2011,410465,19494
2011,410470,13737
2011,410480,289340
2011,410490,67353
2011,410500,10186
2011,410510,11142
2011,410520,16983
2011,410530,11078
2011,410540,19613
2011,410550,70922
2011,410560,11180
2011,410570,17156
2011,410580,215242
2011,410590,22452
2011,410600,8312
2011,410610,3650
2011,410620,16095
2011,410630,16352
2011,410640,46934
2011,410645,7256
2011,410650,21630
2011,410655,3930
2011,410657,4270
2011,410660,20431
2011,410670,4548
2011,410680,18069
2011,410685,3140
2011,410690,1764541
2011,410700,14002
2011,410710,5472
2011,410712,3499
2011,410715,5039
2011,410720,36501
2011,410725,7544
2011,410730,5832
2011,410740,6082
2011,410750,13893
2011,410752,1945
2011,410753,3972
2011,410754,4623
2011,410755,3435
2011,410760,16369
2011,410765,83118
2011,410770,4792
2011,410773,5899
2011,410775,8236
2011,410780,5032
2011,410785,4711
2011,410790,5994
2011,410800,11148
2011,410810,2552
2011,410820,7448
2011,410830,255900
2011,410832,6377
2011,410840,79850
2011,410845,5347
2011,410850,13652
2011,410855,3299
2011,410860,28962
2011,410865,7459
2011,410870,6530
2011,410880,30861
2011,410890,6220
2011,410895,7959
2011,410900,3878
2011,410910,2225
2011,410920,5159
2011,410930,14381
2011,410940,168349
2011,410950,7839
2011,410960,32467
2011,410965,5883
2011,410970,28928
2011,410975,6081
2011,410980,48662
2011,410990,8747
2011,411000,4012
2011,411005,2233
2011,411007,11413
2011,411010,28759
2011,411020,10942
2011,411030,2994
2011,411040,4306
2011,411050,14215
2011,411060,14869
2011,411065,2550
2011,411070,56503
2011,411080,10568
2011,411090,4553
2011,411095,9195
2011,411100,6734
2011,411110,5981
2011,411120,10637
2011,411125,24236
2011,411130,3517
2011,411140,12886
2011,411150,31782
2011,411155,7560
2011,411160,3027
2011,411170,4926
2011,411180,39083
2011,411190,12325
2011,411200,32747
2011,411210,20315
2011,411220,6413
2011,411230,4904
2011,411240,8610
2011,411250,12221
2011,411260,1401
2011,411270,11918
2011,411275,8938
2011,411280,10819
2011,411290,3416
2011,411295,7604
2011,411300,6634
2011,411310,4465
2011,411320,45137
2011,411325,6308
2011,411330,30835
2011,411340,4123
2011,411342,3911
2011,411345,5295
2011,411350,21328
2011,411360,4427
2011,411370,511279
2011,411373,7298
2011,411375,5122
2011,411380,4613
2011,411390,13002
2011,411400,13870
2011,411410,20008
2011,411420,32755
2011,411430,22580
2011,411435,3076
2011,411440,16994
2011,411450,13177
2011,411460,47266
2011,411470,5924
2011,411480,32209
2011,411490,8848
2011,411500,6866
2011,411510,10219
2011,411520,362329
2011,411530,6288
2011,411535,5669
2011,411540,13919
2011,411545,4929
2011,411550,4603
2011,411560,16212
2011,411570,29831
2011,411573,3766
2011,411575,8715
2011,411580,42124
2011,411585,5080
2011,411590,2314
2011,411600,1855
2011,411605,10478
2011,411610,12546
2011,411620,15753
2011,411630,3693
2011,411640,3929
2011,411650,1439
2011,411660,3470
2011,411670,11730
2011,411680,7234
2011,411690,26684
2011,411695,5086
2011,411700,8135
2011,411705,11206
2011,411710,13060
2011,411720,5521
2011,411721,3931
2011,411722,7665
2011,411725,10376
2011,411727,7239
2011,411729,2825
2011,411730,23240
2011,411740,3379
2011,411745,5709
2011,411750,36333
2011,411760,43508
2011,411770,32232
2011,411780,14699
2011,411790,28907
2011,411800,11929
2011,411810,10338
2011,411820,141477
2011,411830,2822
2011,411840,82039
2011,411845,4882
2011,411850,73148
2011,411860,5463
2011,411870,6940
2011,411880,13635
2011,411885,5681
2011,411890,10280
2011,411900,6716
2011,411910,11347
2011,411915,118334
2011,411920,6215
2011,411925,2630
2011,411930,30347
2011,411940,23561
2011,411950,94518
2011,411960,32391
2011,411965,2845
2011,411970,4103
2011,411980,13619
2011,411990,314518
2011,411995,21427
2011,412000,14060
2011,412010,4536
2011,412015,3622
2011,412020,2529
2011,412030,4018
2011,412033,3456
2011,412035,5580
2011,412040,4821
2011,412050,10840
2011,412060,48933
2011,412065,4820
2011,412070,7069
2011,412080,20135
2011,412085,3816
2011,412090,30854
2011,412100,11752
2011,412110,5037
2011,412120,17229
2011,412125,4155
2011,412130,3937
2011,412135,2827
2011,412140,16363
2011,412150,14216
2011,412160,6801
2011,412170,25264
2011,412175,7356
2011,412180,10661
2011,412190,13462
2011,412200,14176
2011,412210,3318
2011,412215,13652
2011,412217,3909
2011,412220,30751
2011,412230,31471
2011,412240,58511
2011,412250,11377
2011,412260,9025
2011,412265,5512
2011,412270,6149
2011,412280,4327
2011,412290,5150
2011,412300,13761
2011,412310,3757
2011,412320,3614
2011,412330,8055
2011,412340,10552
2011,412350,23638
2011,412360,1797
2011,412370,8730
2011,412380,13242
2011,412382,3910
2011,412385,11336
2011,412390,12356
2011,412395,3601
2011,412400,5220
2011,412402,10300
2011,412405,21031
2011,412410,42920
2011,412420,2716
2011,412430,2379
2011,412440,18972
2011,412450,5276
2011,412460,6389
2011,412470,11306
2011,412480,10553
2011,412490,5898
2011,412500,11397
2011,412510,13803
2011,412520,9068
2011,412530,5512
2011,412535,5998
2011,412540,6476
2011,412545,3810
2011,412550,268808
2011,412555,2100
2011,412560,41617
2011,412570,25872
2011,412575,6431
2011,412580,10221
2011,412590,2473
2011,412600,8632
2011,412610,5373
2011,412620,6726
2011,412625,83724
2011,412627,5061
2011,412630,18463
2011,412635,4555
2011,412640,5763
2011,412650,15676
2011,412660,18643
2011,412665,3354
2011,412667,12458
2011,412670,4696
2011,412680,14712
2011,412690,5802
2011,412700,10444
2011,412710,70535
2011,412720,15864
2011,412730,15331
2011,412740,16795
2011,412750,19414
2011,412760,14712
2011,412770,120934
2011,412780,8704
2011,412785,11825
2011,412788,6460
2011,412790,8671
2011,412795,7996
2011,412796,13717
2011,412800,21479
2011,412810,101443
2011,412820,53059
2011,412830,2474
2011,412840,11441
2011,412850,19278
2011,412853,10106
2011,412855,8921
2011,412860,7814
2011,412862,3162
2011,412863,5706
2011,412865,3951
2011,412870,6531
2011,412880,5975
2011,420005,2644
2011,420010,17151
2011,420020,9440
2011,420030,4954
2011,420040,6971
2011,420050,6136
2011,420055,2417
2011,420060,5618
2011,420070,9453
2011,420075,1998
2011,420080,6323
2011,420090,5210
2011,420100,8497
2011,420110,3213
2011,420120,7537
2011,420125,9683
2011,420127,4196
2011,420130,25860
2011,420140,61817
2011,420150,7821
2011,420160,3503
2011,420165,2257
2011,420170,7449
2011,420180,3291
2011,420190,5555
2011,420195,9858
2011,420200,110748
2011,420205,8614
2011,420207,8448
2011,420208,2886
2011,420209,1860
2011,420210,22913
2011,420213,6026
2011,420215,2639
2011,420220,10434
2011,420230,58984
2011,420240,312635
2011,420243,3303
2011,420245,14722
2011,420250,4420
2011,420253,2563
2011,420257,2131
2011,420260,9017
2011,420270,4527
2011,420280,29351
2011,420285,3478
2011,420287,2814
2011,420290,107764
2011,420300,71334
2011,420310,6209
2011,420315,3381
2011,420320,63967
2011,420325,2733
2011,420330,11757
2011,420340,7440
2011,420350,9295
2011,420360,33073
2011,420370,10726
2011,420380,52853
2011,420390,20919
2011,420395,21913
2011,420400,9653
2011,420410,4346
2011,420415,2766
2011,420417,3542
2011,420419,2778
2011,420420,186337
2011,420425,15269
2011,420430,69048
2011,420435,3819
2011,420440,10189
2011,420445,2464
2011,420450,14006
2011,420455,14613
2011,420460,193989
2011,420470,10643
2011,420475,1887
2011,420480,37878
2011,420490,8597
2011,420500,14855
2011,420510,3753
2011,420515,3645
2011,420517,3031
2011,420519,2050
2011,420520,4359
2011,420530,10653
2011,420535,1587
2011,420540,427298
2011,420543,2592
2011,420545,22871
2011,420550,34677
2011,420555,2436
2011,420560,3414
2011,420570,18520
2011,420580,15021
2011,420590,58869
2011,420600,13107
2011,420610,6246
2011,420620,10698
2011,420630,18849
2011,420640,10457
2011,420650,35918
2011,420660,4925
2011,420665,4678
2011,420670,21331
2011,420675,1945
2011,420680,3357
2011,420690,17448
2011,420700,59616
2011,420710,12492
2011,420720,11540
2011,420730,40514
2011,420740,5743
2011,420750,55980
2011,420757,2754
2011,420760,4725
2011,420765,8450
2011,420768,6850
2011,420770,7245
2011,420775,4227
2011,420780,9595
2011,420785,2081
2011,420790,10503
2011,420800,6401
2011,420810,20395
2011,420820,186127
2011,420830,47327
2011,420840,15518
2011,420845,15218
2011,420850,22462
2011,420860,4030
2011,420870,10585
2011,420880,17496
2011,420890,145782
2011,420895,1749
2011,420900,27247
2011,420910,520905
2011,420915,4731
2011,420917,2143
2011,420920,2201
2011,420930,156665
2011,420940,51869
2011,420945,1484
2011,420950,6077
2011,420960,14426
2011,420970,11850
2011,420980,3337
2011,420985,4632
2011,420990,10387
2011,421000,10628
2011,421003,5603
2011,421005,1821
2011,421010,53141
2011,421020,3290
2011,421030,7523
2011,421040,6471
2011,421050,22376
2011,421055,2169
2011,421060,14837
2011,421070,2811
2011,421080,6994
2011,421085,2495
2011,421090,4054
2011,421100,10347
2011,421105,9347
2011,421110,8346
2011,421120,16247
2011,421125,2888
2011,421130,62187
2011,421140,4332
2011,421145,4268
2011,421150,12370
2011,421160,13448
2011,421165,2724
2011,421170,21498
2011,421175,16517
2011,421180,7360
2011,421185,2265
2011,421187,1741
2011,421189,2352
2011,421190,139990
2011,421200,7732
2011,421205,2392
2011,421210,16019
2011,421220,18013
2011,421223,4026
2011,421225,6798
2011,421227,4400
2011,421230,6751
2011,421240,4093
2011,421250,25714
2011,421260,2970
2011,421270,6110
2011,421280,17552
2011,421290,16638
2011,421300,3180
2011,421310,4708
2011,421315,2670
2011,421320,28192
2011,421330,4873
2011,421335,3310
2011,421340,11068
2011,421350,16496
2011,421360,33619
2011,421370,15011
2011,421380,7266
2011,421390,1711
2011,421400,15084
2011,421410,2283
2011,421415,2770
2011,421420,10211
2011,421430,2757
2011,421440,6145
2011,421450,6167
2011,421460,7118
2011,421470,10388
2011,421480,61931
2011,421490,4456
2011,421500,40011
2011,421505,2438
2011,421507,4813
2011,421510,10964
2011,421520,5479
2011,421530,7386
2011,421535,3943
2011,421540,4332
2011,421545,10575
2011,421550,15831
2011,421555,2367
2011,421560,2070
2011,421565,8073
2011,421567,8762
2011,421568,2857
2011,421569,1448
2011,421570,20082
2011,421575,2642
2011,421580,75520
2011,421590,2992
2011,421600,10363
2011,421605,5051
2011,421610,9488
2011,421620,43305
2011,421625,6055
2011,421630,27135
2011,421635,3457
2011,421640,7019
2011,421650,24964
2011,421660,212587
2011,421670,13685
2011,421680,9188
2011,421690,21964
2011,421700,11178
2011,421710,3205
2011,421715,1896
2011,421720,36612
2011,421725,4790
2011,421730,9070
2011,421740,15790
2011,421750,16971
2011,421755,3282
2011,421760,13069
2011,421770,26894
2011,421775,2740
2011,421780,17337
2011,421790,8668
2011,421795,1748
2011,421800,31533
2011,421810,5307
2011,421820,37344
2011,421825,7219
2011,421830,18207
2011,421835,3557
2011,421840,6889
2011,421850,6457
2011,421860,6612
2011,421870,97833
2011,421875,4622
2011,421880,11929
2011,421885,2874
2011,421890,10734
2011,421895,2479
2011,421900,20291
2011,421910,3533
2011,421915,2776
2011,421917,4765
2011,421920,6287
2011,421930,47618
2011,421935,5184
2011,421940,3627
2011,421950,44643
2011,421960,4122
2011,421970,25933
2011,421985,3019
2011,430003,4430
2011,430005,3717
2011,430010,16666
2011,430020,7221
2011,430030,6935
2011,430040,77140
2011,430045,4220
2011,430047,2054
2011,430050,7856
2011,430055,1826
2011,430057,2924
2011,430060,196572
2011,430063,6401
2011,430064,7317
2011,430066,1224
2011,430070,6054
2011,430080,12827
2011,430085,3676
2011,430087,4928
2011,430090,6523
2011,430100,18924
2011,430105,7930
2011,430107,2743
2011,430110,13627
2011,430120,12742
2011,430130,18418
2011,430140,10223
2011,430150,7042
2011,430155,3648
2011,430160,116944
2011,430163,11118
2011,430165,5768
2011,430170,6525
2011,430175,7046
2011,430180,5339
2011,430185,3097
2011,430187,4022
2011,430190,12628
2011,430192,1972
2011,430195,2378
2011,430200,11117
2011,430205,2275
2011,430210,108481
2011,430215,2109
2011,430220,6574
2011,430222,2439
2011,430223,2436
2011,430225,2772
2011,430230,11482
2011,430235,11966
2011,430237,2290
2011,430240,11525
2011,430245,7662
2011,430250,6817
2011,430258,2189
2011,430260,3664
2011,430265,4701
2011,430270,20413
2011,430280,33617
2011,430290,13551
2011,430300,83517
2011,430310,119101
2011,430320,4876
2011,430330,4934
2011,430340,5032
2011,430350,62947
2011,430355,2600
2011,430360,6520
2011,430367,3253
2011,430370,6049
2011,430380,5491
2011,430390,60539
2011,430400,5363
2011,430410,3472
2011,430420,30216
2011,430430,6493
2011,430435,8826
2011,430440,39660
2011,430450,53399
2011,430460,325189
2011,430461,1796
2011,430462,1742
2011,430463,42926
2011,430465,3147
2011,430466,24343
2011,430467,3951
2011,430468,11734
2011,430469,2642
2011,430470,59445
2011,430471,7382
2011,430480,25551
2011,430485,1584
2011,430490,8668
2011,430495,3019
2011,430500,9256
2011,430510,441332
2011,430511,2953
2011,430512,6362
2011,430513,4467
2011,430515,2403
2011,430517,10422
2011,430520,13337
2011,430530,9349
2011,430535,35732
2011,430537,3448
2011,430540,4011
2011,430543,5975
2011,430544,4978
2011,430545,12959
2011,430550,4897
2011,430558,2417
2011,430560,3510
2011,430570,6557
2011,430580,9747
2011,430583,1523
2011,430585,2439
2011,430587,2460
2011,430590,7696
2011,430593,1713
2011,430595,3904
2011,430597,2815
2011,430600,14000
2011,430605,7330
2011,430607,2823
2011,430610,62474
2011,430613,2110
2011,430620,12371
2011,430630,4679
2011,430632,3150
2011,430635,2822
2011,430637,3054
2011,430640,27967
2011,430642,2142
2011,430645,3283
2011,430650,14443
2011,430655,2544
2011,430660,38782
2011,430670,3363
2011,430673,5236
2011,430675,2023
2011,430676,34887
2011,430680,20663
2011,430690,24604
2011,430692,1481
2011,430693,8880
2011,430695,3049
2011,430697,2966
2011,430700,96757
2011,430705,3089
2011,430710,6746
2011,430720,5126
2011,430730,7779
2011,430740,3172
2011,430745,3235
2011,430750,15241
2011,430755,5995
2011,430760,43146
2011,430770,80810
2011,430780,30867
2011,430781,3624
2011,430783,2759
2011,430786,2588
2011,430790,64275
2011,430800,6660
2011,430805,2540
2011,430807,3764
2011,430810,12440
2011,430820,27391
2011,430825,1992
2011,430830,10662
2011,430840,6970
2011,430843,2469
2011,430845,4544
2011,430850,29003
2011,430860,31014
2011,430865,3201
2011,430870,5822
2011,430880,8425
2011,430885,1670
2011,430890,16127
2011,430900,16947
2011,430905,6984
2011,430910,32556
2011,430912,2248
2011,430915,3994
2011,430920,257428
2011,430925,1587
2011,430930,95273
2011,430940,23026
2011,430950,8048
2011,430955,4300
2011,430957,2954
2011,430960,18398
2011,430965,6096
2011,430970,4896
2011,430975,4374
2011,430980,4701
2011,430990,7172
2011,430995,4049
2011,431000,19364
2011,431010,32036
2011,431020,79160
2011,431030,4091
2011,431033,18087
2011,431036,3026
2011,431040,6566
2011,431041,2259
2011,431043,6059
2011,431046,1936
2011,431050,7989
2011,431053,5044
2011,431055,3437
2011,431057,2318
2011,431060,38036
2011,431065,2565
2011,431070,4089
2011,431075,2130
2011,431080,20224
2011,431085,4065
2011,431087,2519
2011,431090,3620
2011,431100,27766
2011,431110,11396
2011,431112,4129
2011,431113,3562
2011,431115,8335
2011,431120,19515
2011,431123,2678
2011,431125,6240
2011,431127,1596
2011,431130,27495
2011,431140,72338
2011,431142,2489
2011,431150,7646
2011,431160,5720
2011,431162,5290
2011,431164,1629
2011,431170,5494
2011,431171,4716
2011,431173,2996
2011,431175,7078
2011,431177,6875
2011,431179,2537
2011,431180,36979
2011,431190,5060
2011,431198,3771
2011,431200,2190
2011,431205,4055
2011,431210,5076
2011,431213,2472
2011,431215,3916
2011,431217,1782
2011,431220,4855
2011,431225,7655
2011,431230,4842
2011,431235,1532
2011,431237,3107
2011,431238,2653
2011,431240,59812
2011,431242,2774
2011,431244,3156
2011,431245,6245
2011,431247,5730
2011,431250,12160
2011,431260,4796
2011,431261,2998
2011,431262,1817
2011,431265,16053
2011,431267,1715
2011,431270,12017
2011,431275,3215
2011,431280,4060
2011,431290,8918
2011,431295,1940
2011,431300,3191
2011,431301,2741
2011,431303,4722
2011,431306,18598
2011,431308,2455
2011,431310,6345
2011,431320,19211
2011,431330,23175
2011,431333,2416
2011,431335,3367
2011,431337,23251
2011,431339,3878
2011,431340,239151
2011,431342,3865
2011,431344,2267
2011,431346,1751
2011,431349,3987
2011,431350,41273
2011,431360,4198
2011,431365,10978
2011,431370,34170
2011,431380,6919
2011,431390,38477
2011,431395,9812
2011,431400,6873
2011,431402,7346
2011,431403,3532
2011,431405,52019
2011,431406,5183
2011,431407,6046
2011,431410,186083
2011,431413,2201
2011,431415,8068
2011,431417,2188
2011,431420,7789
2011,431430,3957
2011,431440,328865
2011,431442,5222
2011,431445,2514
2011,431446,2110
2011,431447,4452
2011,431449,4522
2011,431450,12710
2011,431455,2712
2011,431460,19874
2011,431470,10465
2011,431475,2020
2011,431477,3854
2011,431478,1729
2011,431480,31401
2011,431490,1413094
2011,431500,5338
2011,431505,2523
2011,431507,1806
2011,431510,10510
2011,431513,1851
2011,431514,2516
2011,431515,6158
2011,431517,1992
2011,431520,4114
2011,431530,22946
2011,431531,1777
2011,431532,2712
2011,431535,3659
2011,431540,10328
2011,431545,2145
2011,431550,15869
2011,431555,3533
2011,431560,198049
2011,431570,37577
2011,431575,4350
2011,431580,10362
2011,431590,5743
2011,431595,2522
2011,431600,19611
2011,431610,10235
2011,431620,5473
2011,431630,7158
2011,431640,39604
2011,431642,2591
2011,431643,2844
2011,431645,11907
2011,431647,2670
2011,431650,6827
2011,431660,15422
2011,431670,8738
2011,431673,1651
2011,431675,5766
2011,431680,119199
2011,431690,262369
2011,431695,6066
2011,431697,2366
2011,431700,8213
2011,431710,81821
2011,431720,68862
2011,431725,1729
2011,431730,30813
2011,431740,49005
2011,431750,76239
2011,431755,2134
2011,431760,39889
2011,431770,11097
2011,431775,1986
2011,431780,13933
2011,431790,14339
2011,431795,2444
2011,431800,61426
2011,431805,2934
2011,431810,19135
2011,431820,20600
2011,431830,60452
2011,431840,22277
2011,431842,4711
2011,431843,2580
2011,431844,2767
2011,431845,2699
2011,431846,2179
2011,431848,4149
2011,431849,2185
2011,431850,25635
2011,431860,6893
2011,431861,2108
2011,431862,3305
2011,431870,215664
2011,431880,43067
2011,431890,34393
2011,431900,20191
2011,431910,5731
2011,431912,3198
2011,431915,7429
2011,431920,5675
2011,431930,6301
2011,431935,3352
2011,431936,1894
2011,431937,2874
2011,431940,16321
2011,431950,22104
2011,431960,23735
2011,431970,3596
2011,431971,2171
2011,431973,2649
2011,431975,1965
2011,431980,8448
2011,431990,75430
2011,432000,131587
2011,432010,21525
2011,432020,10863
2011,432023,2996
2011,432026,7069
2011,432030,4935
2011,432032,2806
2011,432035,5222
2011,432040,14511
2011,432045,2249
2011,432050,6205
2011,432055,5895
2011,432057,2107
2011,432060,3819
2011,432065,2425
2011,432067,10058
2011,432070,14317
2011,432080,30069
2011,432085,4175
2011,432090,19640
2011,432100,10440
2011,432110,16655
2011,432120,54783
2011,432130,26108
2011,432132,2970
2011,432135,5352
2011,432140,13672
2011,432143,9976
2011,432145,27743
2011,432146,2746
2011,432147,6382
2011,432149,2934
2011,432150,34946
2011,432160,42395
2011,432162,2312
2011,432163,2833
2011,432166,10271
2011,432170,24188
2011,432180,23695
2011,432183,2890
2011,432185,4363
2011,432190,23912
2011,432195,5777
2011,432200,26072
2011,432210,5867
2011,432215,4402
2011,432218,1562
2011,432220,22384
2011,432225,3999
2011,432230,8482
2011,432232,3508
2011,432234,2267
2011,432235,1455
2011,432237,2436
2011,432240,125320
2011,432250,61650
2011,432252,3269
2011,432253,11117
2011,432254,5178
2011,432255,1992
2011,432260,66308
2011,432270,24189
2011,432280,23067
2011,432285,1956
2011,432290,5252
2011,432300,240302
2011,432310,5221
2011,432320,3017
2011,432330,3217
2011,432335,2143
2011,432340,4225
2011,432345,4218
2011,432350,2820
2011,432360,1566
2011,432370,2762
2011,432375,3448
2011,432377,2807
2011,432380,12760
2011,500020,14686
2011,500025,4638
2011,500060,35133
2011,500070,23940
2011,500080,8535
2011,500085,9326
2011,500090,8270
2011,500100,22621
2011,500110,45781
2011,500124,10420
2011,500150,6624
2011,500190,20119
2011,500200,10960
2011,500210,23290
2011,500215,7956
2011,500220,19789
2011,500230,11817
2011,500240,26156
2011,500260,13617
2011,500270,796252
2011,500280,5460
2011,500290,21034
2011,500295,20262
2011,500310,4960
2011,500315,14161
2011,500320,104318
2011,500325,20027
2011,500330,32259
2011,500345,12200
2011,500348,10442
2011,500350,5413
2011,500370,198422
2011,500375,11743
2011,500380,19030
2011,500390,2937
2011,500400,9919
2011,500410,10309
2011,500430,14972
2011,500440,7654
2011,500450,21159
2011,500460,18833
2011,500470,22395
2011,500480,7854
2011,500490,6415
2011,500500,24485
2011,500510,4008
2011,500515,5971
2011,500520,19948
2011,500525,6565
2011,500540,38264
2011,500560,25794
2011,500568,17149
2011,500570,47174
2011,500580,14338
2011,500600,16930
2011,500620,46369
2011,500625,4827
2011,500630,40330
2011,500635,12514
2011,500640,7924
2011,500660,79174
2011,500690,15530
2011,500710,21271
2011,500720,31279
2011,500730,5006
2011,500740,18948
2011,500750,4972
2011,500755,7307
2011,500769,22617
2011,500770,10769
2011,500780,6303
2011,500790,43564
2011,500793,15240
2011,500795,10330
2011,500797,3520
2011,500800,17567
2011,500830,103536
2011,500840,5911
2011,510010,5493
2011,510020,21325
2011,510025,49332
2011,510030,15969
2011,510035,5403
2011,510040,10505
2011,510050,10180
2011,510060,8349
2011,510080,8713
2011,510100,3180
2011,510120,1077
2011,510125,15470
2011,510130,10218
2011,510140,19006
2011,510160,7585
2011,510170,32134
2011,510180,56903
2011,510185,5437
2011,510190,15783
2011,510250,88428
2011,510260,14450
2011,510263,28340
2011,510267,32692
2011,510268,5327
2011,510269,4771
2011,510270,19011
2011,510279,10890
2011,510285,8265
2011,510300,17980
2011,510305,11122
2011,510310,5500
2011,510320,30975
2011,510325,27616
2011,510330,18419
2011,510335,25684
2011,510336,3447
2011,510337,15455
2011,510340,556299
2011,510343,4893
2011,510345,8605
2011,510350,20475
2011,510360,8153
2011,510370,11253
2011,510380,3757
2011,510385,6423
2011,510390,5080
2011,510395,3118
2011,510410,32525
2011,510420,14038
2011,510450,2424
2011,510452,5382
2011,510454,5420
2011,510455,4483
2011,510460,11653
2011,510480,25790
2011,510490,7740
2011,510500,10255
2011,510510,32948
2011,510515,39351
2011,510517,11671
2011,510520,11382
2011,510523,5492
2011,510525,47571
2011,510530,2204
2011,510550,14634
2011,510558,11819
2011,510560,14396
2011,510562,25495
2011,510590,15003
2011,510600,6374
2011,510610,11579
2011,510615,12004
2011,510617,3110
2011,510618,5544
2011,510619,3487
2011,510620,4495
2011,510621,12174
2011,510622,33034
2011,510623,17771
2011,510624,9492
2011,510625,19783
2011,510626,7512
2011,510627,3768
2011,510628,5924
2011,510629,10718
2011,510630,19594
2011,510631,2068
2011,510637,15920
2011,510642,31170
2011,510645,2715
2011,510650,31857
2011,510665,5523
2011,510670,1744
2011,510675,41741
2011,510677,10912
2011,510680,5433
2011,510682,11111
2011,510685,3568
2011,510700,17413
2011,510704,53004
2011,510706,13476
2011,510710,18945
2011,510715,2584
2011,510718,9002
2011,510719,2216
2011,510720,5069
2011,510724,4123
2011,510726,3001
2011,510729,3634
2011,510730,17461
2011,510735,5266
2011,510740,4209
2011,510757,3638
2011,510760,198950
2011,510770,17601
2011,510774,1967
2011,510775,3842
2011,510776,2585
2011,510777,7484
2011,510779,3898
2011,510780,18696
2011,510785,10716
2011,510787,18880
2011,510788,1393
2011,510790,116014
2011,510792,68894
2011,510794,9863
2011,510795,85319
2011,510800,10723
2011,510805,11107
2011,510810,3436
2011,510820,4013
2011,510830,3727
2011,510835,3052
2011,510840,255449
2011,510850,10326
2011,510860,21828
2011,510880,4877
2011,510885,2980
2011,510890,6793
2011,510895,8191
2011,520005,7023
2011,520010,16088
2011,520013,20431
2011,520015,2479
2011,520017,5138
2011,520020,1999
2011,520025,163495
2011,520030,24104
2011,520050,2046
2011,520055,4654
2011,520060,6939
2011,520080,8125
2011,520082,3462
2011,520085,5553
2011,520090,3568
2011,520110,338545
2011,520120,1030
2011,520130,20353
2011,520140,465093
2011,520145,2429
2011,520150,3832
2011,520160,3778
2011,520170,18437
2011,520180,8514
2011,520215,7526
2011,520235,3222
2011,520250,7681
2011,520260,3606
2011,520280,2446
2011,520310,3825
2011,520320,8906
2011,520330,24965
2011,520340,8451
2011,520350,21071
2011,520355,7704
2011,520357,3573
2011,520360,3268
2011,520380,5527
2011,520390,9080
2011,520393,2553
2011,520396,3317
2011,520400,7400
2011,520410,10700
2011,520420,1411
2011,520425,8234
2011,520430,13491
2011,520440,16917
2011,520450,72071
2011,520455,3361
2011,520460,3404
2011,520465,3653
2011,520470,11224
2011,520480,6178
2011,520485,6361
2011,520490,18515
2011,520495,4787
2011,520500,9014
2011,520505,3620
2011,520510,88354
2011,520520,4714
2011,520530,9411
2011,520540,20825
2011,520545,7625
2011,520547,7249
2011,520549,57108
2011,520551,17621
2011,520552,3510
2011,520570,2606
2011,520580,10414
2011,520590,8299
2011,520620,47537
2011,520630,2933
2011,520640,15844
2011,520650,3547
2011,520660,2954
2011,520670,3292
2011,520680,2761
2011,520690,2058
2011,520710,2478
2011,520725,7841
2011,520735,3728
2011,520740,11347
2011,520750,3315
2011,520753,6950
2011,520760,6263
2011,520780,11709
2011,520790,12416
2011,520800,101731
2011,520810,4829
2011,520815,3328
2011,520830,4946
2011,520840,10697
2011,520850,5288
2011,520860,60347
2011,520870,1318149
2011,520880,34852
2011,520890,24544
2011,520910,32597
2011,520915,5022
2011,520920,13985
2011,520929,2344
2011,520940,4226
2011,520945,2258
2011,520960,3581
2011,520970,17729
2011,520980,3990
2011,520990,12540
2011,520993,5735
2011,520995,13831
2011,521000,48580
2011,521010,24897
2011,521015,2846
2011,521020,31273
2011,521030,2879
2011,521040,35947
2011,521056,4523
2011,521060,5418
2011,521080,5017
2011,521090,18806
2011,521100,7604
2011,521120,26078
2011,521130,6366
2011,521140,8598
2011,521150,93763
2011,521160,2638
2011,521170,6151
2011,521180,42530
2011,521190,88970
2011,521200,2989
2011,521205,2314
2011,521210,7135
2011,521220,19086
2011,521225,1280
2011,521230,7891
2011,521250,177099
2011,521260,2372
2011,521270,7028
2011,521280,10550
2011,521290,2084
2011,521295,4406
2011,521300,11717
2011,521305,2677
2011,521308,30966
2011,521310,54003
2011,521340,1744
2011,521350,7795
2011,521370,7987
2011,521375,10790
2011,521377,4148
2011,521380,41804
2011,521385,2346
2011,521390,4947
2011,521400,13575
2011,521405,6310
2011,521410,3841
2011,521440,7970
2011,521450,24643
2011,521460,42652
2011,521470,2265
2011,521480,2073
2011,521483,11994
2011,521486,8475
2011,521487,2833
2011,521490,3453
2011,521500,8261
2011,521520,3469
2011,521523,96603
2011,521525,3997
2011,521530,14395
2011,521540,4010
2011,521550,5559
2011,521560,28144
2011,521565,3376
2011,521570,23762
2011,521580,2337
2011,521590,3557
2011,521600,2675
2011,521630,9170
2011,521640,10866
2011,521645,2963
2011,521680,10276
2011,521690,2730
2011,521710,24062
2011,521720,11188
2011,521730,23142
2011,521740,28957
2011,521760,82258
2011,521770,17165
2011,521800,42568
2011,521805,3388
2011,521810,3850
2011,521830,31833
2011,521839,3227
2011,521850,43735
2011,521860,10548
2011,521870,4582
2011,521878,3406
2011,521880,181020
2011,521890,18979
2011,521900,7552
2011,521910,5812
2011,521920,3117
2011,521925,4815
2011,521930,36617
2011,521935,3694
2011,521940,7066
2011,521945,3185
2011,521950,2860
2011,521960,3942
2011,521970,10171
2011,521971,4452
2011,521973,4826
2011,521975,64120
2011,521980,11398
2011,521990,6128
2011,522000,10528
2011,522005,1664
2011,522010,30315
2011,522015,4658
2011,522020,22244
2011,522026,3779
2011,522028,1994
2011,522040,17360
2011,522045,86849
2011,522050,7561
2011,522060,19193
2011,522068,6537
2011,522070,2837
2011,522100,3538
2011,522108,3050
2011,522119,6675
2011,522130,2819
2011,522140,106256
2011,522145,3454
2011,522150,4817
2011,522155,4467
2011,522157,2925
2011,522160,37190
2011,522170,13818
2011,522180,3072
2011,522185,135909
2011,522190,3670
2011,522200,12644
2011,522205,7476
2011,522220,4847
2011,522230,5196
2011,530010,2609998
2013,110001,25728
2013,110002,101269
2013,110003,6495
2013,110004,85863
2013,110005,18041
2013,110006,19190
2013,110007,9036
2013,110008,15853
2013,110009,31699
2013,110010,45761
2013,110011,55597
2013,110012,128026
2013,110013,35633
2013,110014,21427
2013,110015,40099
2013,110018,36939
2013,110020,484992
2013,110025,23017
2013,110026,3666
2013,110028,55357
2013,110029,8887
2013,110030,87727
2013,110032,23668
2013,110033,26227
2013,110034,17399
2013,110037,13827
2013,110040,19459
2013,110045,36555
2013,110050,10515
2013,110060,6268
2013,110070,13939
2013,110080,22973
2013,110090,3689
2013,110092,9636
2013,110094,19410
2013,110100,10534
2013,110110,9661
2013,110120,10899
2013,110130,12469
2013,110140,15541
2013,110143,7883
2013,110145,5477
2013,110146,2440
2013,110147,3597
2013,110148,6219
2013,110149,18265
2013,110150,12505
2013,110155,5080
2013,110160,11343
2013,110170,13491
2013,110175,10518
2013,110180,8425
2013,120001,13353
2013,120005,6480
2013,120010,22899
2013,120013,9003
2013,120017,9836
2013,120020,80377
2013,120025,16099
2013,120030,32411
2013,120032,7147
2013,120033,16410
2013,120034,8386
2013,120035,15857
2013,120038,17795
2013,120039,10143
2013,120040,357194
2013,120042,15968
2013,120043,5374
2013,120045,20799
2013,120050,40311
2013,120060,37571
2013,120070,17021
2013,120080,16029
2013,130002,15166
2013,130006,10436
2013,130008,11636
2013,130010,18351
2013,130014,19860
2013,130020,17174
2013,130030,35554
2013,130040,27110
2013,130050,29737
2013,130060,37564
2013,130063,17332
2013,130068,16820
2013,130070,32792
2013,130080,38073
2013,130083,12004
2013,130090,14754
2013,130100,27405
2013,130110,35431
2013,130115,26722
2013,130120,81325
2013,130130,25696
2013,130140,33127
2013,130150,18051
2013,130160,21859
2013,130165,15291
2013,130170,49137
2013,130180,25362
2013,130185,44503
2013,130190,94278
2013,130195,8232
2013,130200,8774
2013,130210,6083
2013,130220,12408
2013,130230,17376
2013,130240,41600
2013,130250,91795
2013,130255,26530
2013,130260,1982177
2013,130270,51331
2013,130280,18310
2013,130290,57663
2013,130300,19792
2013,130310,33829
2013,130320,16719
2013,130330,23486
2013,130340,109225
2013,130350,19149
2013,130353,30978
2013,130356,28999
2013,130360,20986
2013,130370,24327
2013,130380,41575
2013,130390,34963
2013,130395,12115
2013,130400,8946
2013,130406,58314
2013,130410,18383
2013,130420,62885
2013,130423,18162
2013,130426,12801
2013,130430,17367
2013,130440,20091
2013,140002,10432
2013,140005,16428
2013,140010,308996
2013,140015,11525
2013,140017,15393
2013,140020,19696
2013,140023,8826
2013,140028,9762
2013,140030,15890
2013,140040,9754
2013,140045,11423
2013,140047,26326
2013,140050,7284
2013,140060,7210
2013,140070,9127
2013,150010,147267
2013,150013,7013
2013,150020,54030
2013,150030,36598
2013,150034,25899
2013,150040,54035
2013,150050,33562
2013,150060,105106
2013,150070,26547
2013,150080,493976
2013,150085,23609
2013,150090,42591
2013,150095,28441
2013,150100,15959
2013,150110,26666
2013,150120,41232
2013,150125,3340
2013,150130,109975
2013,150140,1425922
2013,150145,16808
2013,150150,56112
2013,150157,15916
2013,150160,14689
2013,150170,118678
2013,150172,15300
2013,150175,7285
2013,150178,58033
2013,150180,96444
2013,150190,27000
2013,150195,29533
2013,150200,21740
2013,150210,127401
2013,150215,31062
2013,150220,65498
2013,150230,52537
2013,150240,183917
2013,150250,22029
2013,150260,11600
2013,150270,46206
2013,150275,30233
2013,150276,11704
2013,150277,17983
2013,150280,30915
2013,150285,13097
2013,150290,36557
2013,150293,54602
2013,150295,32420
2013,150300,7680
2013,150304,18741
2013,150307,25287
2013,150309,36500
2013,150310,30727
2013,150320,36883
2013,150330,59644
2013,150340,10693
2013,150345,54609
2013,150350,31634
2013,150360,98363
2013,150370,51711
2013,150375,11412
2013,150380,54376
2013,150390,51483
2013,150400,26542
2013,150405,28636
2013,150410,8240
2013,150420,251885
2013,150430,28631
2013,150440,27153
2013,150442,117614
2013,150445,28987
2013,150450,25860
2013,150460,28454
2013,150470,74768
2013,150475,15232
2013,150480,56147
2013,150490,36632
2013,150495,20528
2013,150497,15422
2013,150500,14305
2013,150503,25203
2013,150506,67652
2013,150510,50171
2013,150520,30088
2013,150530,66821
2013,150540,16854
2013,150543,29547
2013,150548,43057
2013,150549,7465
2013,150550,103775
2013,150553,176582
2013,150555,5743
2013,150560,7889
2013,150563,12720
2013,150565,26842
2013,150570,28025
2013,150580,56094
2013,150590,36841
2013,150600,29342
2013,150610,10432
2013,150611,12838
2013,150613,79010
2013,150616,17774
2013,150618,48959
2013,150619,44349
2013,150620,38552
2013,150630,21592
2013,150635,18736
2013,150640,8957
2013,150650,63973
2013,150655,19455
2013,150658,18934
2013,150660,23649
2013,150670,63031
2013,150680,288462
2013,150690,6341
2013,150700,28575
2013,150710,17266
2013,150715,24012
2013,150720,30550
2013,150730,106940
2013,150740,15301
2013,150745,25056
2013,150746,5608
2013,150747,21536
2013,150750,13419
2013,150760,54417
2013,150770,24363
2013,150775,5395
2013,150780,12331
2013,150790,23861
2013,150795,90552
2013,150796,10822
2013,150797,17614
2013,150800,59112
2013,150803,28775
2013,150805,17670
2013,150808,36021
2013,150810,103619
2013,150812,49972
2013,150815,44731
2013,150820,50055
2013,150830,58323
2013,150835,14072
2013,150840,42085
2013,160005,4761
2013,160010,8483
2013,160015,12828
2013,160020,9793
2013,160021,5173
2013,160023,6525
2013,160025,4722
2013,160027,43832
2013,160030,437256
2013,160040,18739
2013,160050,22986
2013,160053,18708
2013,160055,4277
2013,160060,108897
2013,160070,14292
2013,160080,13724
2013,170025,2506
2013,170030,5820
2013,170035,5686
2013,170040,7553
2013,170070,8557
2013,170100,9952
2013,170105,3332
2013,170110,4504
2013,170130,5958
2013,170190,6716
2013,170200,8868
2013,170210,164093
2013,170215,5379
2013,170220,33524
2013,170230,6844
2013,170240,10833
2013,170255,17140
2013,170270,3625
2013,170290,9632
2013,170300,10720
2013,170305,3336
2013,170307,4371
2013,170310,5557
2013,170320,4547
2013,170330,4241
2013,170360,2154
2013,170370,5400
2013,170380,10522
2013,170382,2236
2013,170384,9000
2013,170386,4053
2013,170388,2457
2013,170389,3906
2013,170390,4965
2013,170410,2737
2013,170460,1386
2013,170510,3362
2013,170550,33078
2013,170555,4827
2013,170560,4240
2013,170600,5314
2013,170610,7399
2013,170625,1651
2013,170650,5670
2013,170700,20566
2013,170710,6681
2013,170720,7319
2013,170730,4718
2013,170740,10203
2013,170755,3892
2013,170765,5421
2013,170770,8800
2013,170820,18804
2013,170825,2527
2013,170830,5115
2013,170900,12644
2013,170930,24629
2013,170950,81792
2013,170980,1804
2013,171050,7363
2013,171070,6092
2013,171090,3690
2013,171110,2488
2013,171150,3698
2013,171180,2262
2013,171190,11525
2013,171195,3875
2013,171200,2956
2013,171215,1749
2013,171240,3806
2013,171245,2847
2013,171250,4730
2013,171270,2430
2013,171280,3313
2013,171320,20243
2013,171330,13164
2013,171360,7286
2013,171370,2196
2013,171380,6180
2013,171395,3356
2013,171420,9268
2013,171430,4301
2013,171488,11301
2013,171500,4018
2013,171510,4043
2013,171515,2349
2013,171525,2600
2013,171550,1085
2013,171570,5432
2013,171575,7600
2013,171610,47724
2013,171620,10585
2013,171630,4772
2013,171650,12490
2013,171660,11075
2013,171665,5305
2013,171670,8642
2013,171700,4576
2013,171720,3017
2013,171750,7168
2013,171780,4654
2013,171790,7628
2013,171800,2973
2013,171820,51501
2013,171830,8085
2013,171840,3756
2013,171845,2529
2013,171850,4029
2013,171855,4435
2013,171865,1895
2013,171870,2715
2013,171875,6459
2013,171880,4241
2013,171884,3411
2013,171886,7054
2013,171888,3143
2013,171889,2255
2013,171890,4752
2013,171900,2695
2013,172000,2543
2013,172010,4954
2013,172015,1518
2013,172020,11271
2013,172025,3030
2013,172030,4553
2013,172049,4322
2013,172065,5289
2013,172080,9297
2013,172085,1856
2013,172090,15931
2013,172093,2056
2013,172097,2695
2013,172100,257904
2013,172110,7158
2013,172120,23165
2013,172125,1718
2013,172130,2342
2013,172208,11450
2013,172210,11736
2013,210005,107790
2013,210010,6197
2013,210015,12028
2013,210020,21644
2013,210030,25177
2013,210040,11564
2013,210043,25748
2013,210047,31253
2013,210050,10904
2013,210055,6669
2013,210060,39544
2013,210070,26339
2013,210080,14815
2013,210083,17474
2013,210087,14658
2013,210090,44317
2013,210095,31867
2013,210100,28986
2013,210110,11706
2013,210120,101851
2013,210125,15982
2013,210130,17164
2013,210135,5440
2013,210140,89126
2013,210150,18074
2013,210160,85022
2013,210170,58599
2013,210173,7105
2013,210177,10717
2013,210180,5510
2013,210190,20821
2013,210193,6176
2013,210197,8626
2013,210200,40134
2013,210203,31320
2013,210207,15604
2013,210210,34754
2013,210215,4591
2013,210220,27697
2013,210230,23238
2013,210232,68626
2013,210235,15008
2013,210237,8698
2013,210240,10822
2013,210250,18751
2013,210255,13808
2013,210260,19426
2013,210270,21125
2013,210275,10729
2013,210280,23939
2013,210290,22811
2013,210300,159396
2013,210310,10414
2013,210312,8255
2013,210315,12395
2013,210317,20382
2013,210320,76217
2013,210325,14125
2013,210330,119641
2013,210340,47821
2013,210350,39915
2013,210355,15313
2013,210360,63154
2013,210370,31149
2013,210375,12646
2013,210380,22844
2013,210390,10942
2013,210400,17460
2013,210405,38932
2013,210407,8263
2013,210408,9783
2013,210409,18087
2013,210410,12343
2013,210420,15212
2013,210430,11046
2013,210440,17572
2013,210450,10466
2013,210455,17094
2013,210460,16312
2013,210462,7532
2013,210465,10113
2013,210467,25262
2013,210470,6151
2013,210480,65078
2013,210490,11939
2013,210500,27364
2013,210510,26014
2013,210515,13347
2013,210520,11431
2013,210530,251468
2013,210535,14084
2013,210540,64951
2013,210542,25269
2013,210545,9360
2013,210547,15899
2013,210550,23450
2013,210560,15755
2013,210565,3653
2013,210570,48002
2013,210580,9873
2013,210590,15742
2013,210592,10989
2013,210594,8775
2013,210596,12687
2013,210598,7211
2013,210600,11580
2013,210610,11714
2013,210620,6697
2013,210630,18680
2013,210632,20268
2013,210635,7721
2013,210637,15011
2013,210640,15951
2013,210650,22515
2013,210660,32545
2013,210663,15322
2013,210667,8237
2013,210670,20576
2013,210675,26419
2013,210680,14504
2013,210690,32180
2013,210700,9183
2013,210710,18544
2013,210720,13465
2013,210725,5120
2013,210730,4599
2013,210735,19963
2013,210740,18934
2013,210745,13911
2013,210750,113378
2013,210760,19133
2013,210770,20636
2013,210780,33883
2013,210790,18216
2013,210800,18687
2013,210805,15234
2013,210810,20514
2013,210820,39337
2013,210825,23874
2013,210830,36520
2013,210840,13956
2013,210845,22123
2013,210850,31866
2013,210860,80365
2013,210870,21512
2013,210880,17917
2013,210890,18633
2013,210900,22651
2013,210905,5943
2013,210910,46039
2013,210920,12103
2013,210923,6674
2013,210927,17988
2013,210930,11105
2013,210940,14588
2013,210945,28543
2013,210950,20011
2013,210955,7514
2013,210960,40983
2013,210970,5538
2013,210975,7426
2013,210980,41081
2013,210990,82106
2013,211000,75444
2013,211003,23256
2013,211010,24706
2013,211020,34710
2013,211023,12521
2013,211027,14828
2013,211030,14289
2013,211040,18118
2013,211050,42867
2013,211060,27369
2013,211065,7147
2013,211070,33725
2013,211080,4593
2013,211085,11027
2013,211090,11955
2013,211100,20152
2013,211102,15599
2013,211105,10917
2013,211107,17809
2013,211110,25199
2013,211120,170423
2013,211125,7507
2013,211130,1053922
2013,211140,19510
2013,211150,40095
2013,211153,12287
2013,211157,4520
2013,211160,18093
2013,211163,5554
2013,211167,6329
2013,211170,21445
2013,211172,12959
2013,211174,10657
2013,211176,14315
2013,211178,10693
2013,211180,17449
2013,211190,10454
2013,211195,5498
2013,211200,8130
2013,211210,28368
2013,211220,161721
2013,211223,19559
2013,211227,5681
2013,211230,40273
2013,211240,34554
2013,211245,24190
2013,211250,55705
2013,211260,31335
2013,211270,52937
2013,211280,50687
2013,211285,12352
2013,211290,31793
2013,211300,30959
2013,211400,49848
2013,220005,6890
2013,220010,5097
2013,220020,16869
2013,220025,7467
2013,220027,5211
2013,220030,13923
2013,220040,39522
2013,220045,5216
2013,220050,17298
2013,220060,6703
2013,220070,9456
2013,220080,3090
2013,220090,5784
2013,220095,2459
2013,220100,4688
2013,220105,7645
2013,220110,11341
2013,220115,11014
2013,220117,3886
2013,220120,45786
2013,220130,3278
2013,220140,6627
2013,220150,26215
2013,220155,3882
2013,220157,3413
2013,220160,10014
2013,220170,5389
2013,220173,6086
2013,220177,6516
2013,220180,4425
2013,220190,23826
2013,220191,5447
2013,220192,5512
2013,220194,6335
2013,220196,8116
2013,220198,3749
2013,220200,19352
2013,220202,8138
2013,220205,10220
2013,220207,3438
2013,220208,7375
2013,220209,5742
2013,220210,5489
2013,220211,4851
2013,220213,5746
2013,220217,7016
2013,220220,45827
2013,220225,3920
2013,220230,20528
2013,220240,11173
2013,220245,3975
2013,220250,10527
2013,220253,5676
2013,220255,4951
2013,220260,18469
2013,220265,5213
2013,220270,27274
2013,220271,4601
2013,220272,5677
2013,220273,3901
2013,220275,6238
2013,220277,7515
2013,220280,4528
2013,220285,4594
2013,220290,25927
2013,220300,8033
2013,220310,10164
2013,220320,11030
2013,220323,4811
2013,220325,4297
2013,220327,5027
2013,220330,13496
2013,220335,6818
2013,220340,6712
2013,220342,4292
2013,220345,9364
2013,220350,14496
2013,220360,4773
2013,220370,38607
2013,220375,5171
2013,220380,4396
2013,220385,2511
2013,220390,58586
2013,220400,5270
2013,220410,4392
2013,220415,2984
2013,220420,8924
2013,220430,11368
2013,220435,5276
2013,220440,10504
2013,220450,10342
2013,220455,4464
2013,220460,3809
2013,220465,9136
2013,220470,15017
2013,220480,9534
2013,220490,8368
2013,220500,11302
2013,220510,10806
2013,220515,5710
2013,220520,18501
2013,220525,4389
2013,220527,4743
2013,220530,4403
2013,220535,2971
2013,220540,14032
2013,220545,5253
2013,220550,38005
2013,220551,4828
2013,220552,5479
2013,220553,4623
2013,220554,2741
2013,220555,8245
2013,220556,4568
2013,220557,6566
2013,220558,3948
2013,220559,4995
2013,220560,5266
2013,220570,29252
2013,220580,25005
2013,220585,8034
2013,220590,5260
2013,220595,8121
2013,220600,4484
2013,220605,6305
2013,220610,10664
2013,220620,32900
2013,220630,1244
2013,220635,6797
2013,220640,10411
2013,220650,7541
2013,220660,10438
2013,220665,4082
2013,220667,6622
2013,220669,8781
2013,220670,7300
2013,220672,8289
2013,220675,4696
2013,220680,8419
2013,220690,6505
2013,220695,3354
2013,220700,36195
2013,220710,2698
2013,220720,6735
2013,220730,4077
2013,220735,3460
2013,220740,4997
2013,220750,14090
2013,220755,3919
2013,220760,10494
2013,220770,148832
2013,220775,4457
2013,220777,6223
2013,220779,3888
2013,220780,20093
2013,220785,3655
2013,220790,37968
2013,220793,2463
2013,220795,4264
2013,220800,76042
2013,220810,11884
2013,220820,17979
2013,220830,28179
2013,220840,62542
2013,220850,12188
2013,220855,2625
2013,220860,3109
2013,220865,8743
2013,220870,8556
2013,220880,17696
2013,220885,4259
2013,220887,4354
2013,220890,7068
2013,220900,6327
2013,220910,6110
2013,220915,3893
2013,220920,6150
2013,220930,5666
2013,220935,4522
2013,220937,5182
2013,220940,6182
2013,220945,2102
2013,220950,3706
2013,220955,4363
2013,220960,2945
2013,220965,5728
2013,220970,6335
2013,220975,2923
2013,220980,4866
2013,220985,4509
2013,220987,5760
2013,220990,6122
2013,220995,4728
2013,220997,7636
2013,221000,20000
2013,221005,5227
2013,221010,3707
2013,221020,6621
2013,221030,5761
2013,221035,4483
2013,221037,2591
2013,221038,2403
2013,221039,2995
2013,221040,18162
2013,221050,13913
2013,221060,33400
2013,221062,3499
2013,221063,4189
2013,221065,9777
2013,221070,14372
2013,221080,12341
2013,221090,4527
2013,221093,6457
2013,221095,2826
2013,221097,2683
2013,221100,836475
2013,221110,43403
2013,221120,20779
2013,221130,20541
2013,221135,4910
2013,221140,4346
2013,221150,3020
2013,221160,3010
2013,221170,4355
2013,230010,11089
2013,230015,16011
2013,230020,60137
2013,230030,52661
2013,230040,16784
2013,230050,11171
2013,230060,7196
2013,230070,16767
2013,230075,41227
2013,230080,7172
2013,230090,14397
2013,230100,76186
2013,230110,71749
2013,230120,25988
2013,230125,10723
2013,230130,21170
2013,230140,11482
2013,230150,7766
2013,230160,22988
2013,230170,24716
2013,230180,6165
2013,230185,17775
2013,230190,57818
2013,230195,20371
2013,230200,22104
2013,230205,14771
2013,230210,34512
2013,230220,51442
2013,230230,31804
2013,230240,53608
2013,230250,47218
2013,230260,61918
2013,230270,27030
2013,230280,76439
2013,230290,17470
2013,230300,21236
2013,230310,18629
2013,230320,26821
2013,230330,18815
2013,230340,17282
2013,230350,68926
2013,230360,19676
2013,230365,10218
2013,230370,344936
2013,230380,24958
2013,230390,12865
2013,230393,13195
2013,230395,19187
2013,230400,22653
2013,230410,74103
2013,230420,126591
2013,230423,17569
2013,230425,23344
2013,230426,9360
2013,230427,7041
2013,230428,49455
2013,230430,19015
2013,230435,22998
2013,230440,2551806
2013,230445,15603
2013,230450,13402
2013,230460,6591
2013,230465,15281
2013,230470,53435
2013,230480,4569
2013,230490,10668
2013,230495,25310
2013,230500,38832
2013,230510,3909
2013,230520,19882
2013,230523,60584
2013,230526,13155
2013,230530,24458
2013,230533,11890
2013,230535,19129
2013,230540,66885
2013,230550,100053
2013,230560,25946
2013,230565,11500
2013,230570,12256
2013,230580,41190
2013,230590,38159
2013,230600,14011
2013,230610,23202
2013,230620,7567
2013,230625,37705
2013,230630,50211
2013,230640,122220
2013,230650,19409
2013,230655,39494
2013,230660,19861
2013,230670,18040
2013,230680,10892
2013,230690,34683
2013,230700,33174
2013,230710,27067
2013,230720,7764
2013,230725,18292
2013,230730,261289
2013,230740,24351
2013,230750,31435
2013,230760,57372
2013,230763,19017
2013,230765,217922
2013,230770,120405
2013,230780,25944
2013,230790,10693
2013,230800,36854
2013,230810,45640
2013,230820,14377
2013,230830,28487
2013,230835,13207
2013,230837,13259
2013,230840,35056
2013,230850,43493
2013,230860,16984
2013,230870,62287
2013,230880,8393
2013,230890,21561
2013,230900,14335
2013,230910,12196
2013,230920,14908
2013,230930,31692
2013,230940,28075
2013,230945,24829
2013,230950,21503
2013,230960,66510
2013,230970,77723
2013,230980,11857
2013,230990,6131
2013,231000,9126
2013,231010,12624
2013,231020,32919
2013,231025,31413
2013,231030,31462
2013,231040,11517
2013,231050,42643
2013,231060,8666
2013,231070,36442
2013,231080,16063
2013,231085,19733
2013,231090,16169
2013,231095,10556
2013,231100,12203
2013,231110,15108
2013,231120,10651
2013,231123,6278
2013,231126,20505
2013,231130,83990
2013,231135,15046
2013,231140,75565
2013,231150,21241
2013,231160,27088
2013,231170,19281
2013,231180,73436
2013,231190,15835
2013,231195,15976
2013,231200,31133
2013,231210,17445
2013,231220,43358
2013,231230,45653
2013,231240,46247
2013,231250,7829
2013,231260,12663
2013,231270,26656
2013,231280,7210
2013,231290,197663
2013,231300,18025
2013,231310,30018
2013,231320,25675
2013,231325,8949
2013,231330,57246
2013,231335,18083
2013,231340,72110
2013,231350,53561
2013,231355,15224
2013,231360,33205
2013,231370,7660
2013,231375,19349
2013,231380,20768
2013,231390,13348
2013,231395,18024
2013,231400,39651
2013,231410,57719
2013,240010,11355
2013,240020,56354
2013,240030,11191
2013,240040,3156
2013,240050,13878
2013,240060,4945
2013,240070,13440
2013,240080,11905
2013,240090,7172
2013,240100,36049
2013,240110,26868
2013,240120,13764
2013,240130,9660
2013,240140,9048
2013,240145,26347
2013,240150,4067
2013,240160,5385
2013,240165,2412
2013,240170,9965
2013,240180,12286
2013,240185,6257
2013,240190,3531
2013,240200,66246
2013,240210,10879
2013,240220,32945
2013,240230,20414
2013,240240,7896
2013,240250,10491
2013,240260,71856
2013,240270,11292
2013,240280,5580
2013,240290,4946
2013,240300,8182
2013,240310,44528
2013,240320,7178
2013,240325,229414
2013,240330,5515
2013,240340,6054
2013,240350,10753
2013,240360,26677
2013,240370,5973
2013,240375,3000
2013,240380,9245
2013,240390,2929
2013,240400,4280
2013,240410,2446
2013,240420,24476
2013,240430,12934
2013,240440,9998
2013,240450,13922
2013,240460,13070
2013,240470,14814
2013,240480,2190
2013,240485,7336
2013,240490,5822
2013,240500,8573
2013,240510,7086
2013,240520,5453
2013,240530,9651
2013,240540,5490
2013,240550,2676
2013,240560,14342
2013,240570,12526
2013,240580,34057
2013,240590,2687
2013,240600,6049
2013,240610,18366
2013,240615,3790
2013,240620,6587
2013,240630,7372
2013,240640,2759
2013,240650,14942
2013,240660,8009
2013,240670,10977
2013,240680,4784
2013,240690,3860
2013,240700,10042
2013,240710,75548
2013,240720,30749
2013,240725,3805
2013,240730,8506
2013,240740,8615
2013,240750,11419
2013,240760,4448
2013,240770,11644
2013,240780,21833
2013,240790,2261
2013,240800,280314
2013,240810,853928
2013,240820,25800
2013,240830,37079
2013,240840,4391
2013,240850,4860
2013,240860,4165
2013,240870,3924
2013,240880,5139
2013,240890,21288
2013,240895,10607
2013,240910,12188
2013,240920,3040
2013,240930,12561
2013,240933,5174
2013,240940,29430
2013,240950,3505
2013,240960,2607
2013,240970,7186
2013,240980,14729
2013,240990,14402
2013,241000,3683
2013,241010,14845
2013,241020,7708
2013,241025,5689
2013,241030,9515
2013,241040,9081
2013,241050,4961
2013,241060,3191
2013,241070,3399
2013,241080,4280
2013,241090,7640
2013,241100,4549
2013,241105,3935
2013,241110,3689
2013,241120,38142
2013,241140,13688
2013,241142,2647
2013,241150,23492
2013,241160,2967
2013,241170,4205
2013,241180,3556
2013,241190,4103
2013,241200,95218
2013,241210,6174
2013,241220,42345
2013,241230,12856
2013,241240,4488
2013,241250,22921
2013,241255,9237
2013,241260,16888
2013,241270,6296
2013,241280,8351
2013,241290,11187
2013,241300,6328
2013,241310,5980
2013,241320,4215
2013,241330,5896
2013,241335,11159
2013,241340,8083
2013,241350,6620
2013,241355,4752
2013,241360,4674
2013,241370,5333
2013,241380,2468
2013,241390,12301
2013,241400,15175
2013,241410,10468
2013,241415,5843
2013,241420,12708
2013,241430,2398
2013,241440,32942
2013,241445,3406
2013,241450,10893
2013,241460,13939
2013,241470,5467
2013,241475,4050
2013,241480,11644
2013,241490,1696
2013,241500,3056
2013,250010,9893
2013,250020,5586
2013,250030,28733
2013,250040,20294
2013,250050,14088
2013,250053,5398
2013,250057,2446
2013,250060,18868
2013,250070,17917
2013,250073,2176
2013,250077,8081
2013,250080,17252
2013,250090,13157
2013,250100,19653
2013,250110,23472
2013,250115,1908
2013,250120,6819
2013,250130,19259
2013,250135,3732
2013,250140,8561
2013,250150,22012
2013,250153,4577
2013,250157,8305
2013,250160,14847
2013,250170,5824
2013,250180,95196
2013,250190,17495
2013,250200,7291
2013,250205,3266
2013,250210,5608
2013,250215,6669
2013,250220,2495
2013,250230,5044
2013,250240,11409
2013,250250,17434
2013,250260,6210
2013,250270,5297
2013,250280,13676
2013,250290,6364
2013,250300,21212
2013,250310,5319
2013,250320,63035
2013,250330,9950
2013,250340,3673
2013,250350,17141
2013,250355,7035
2013,250360,7304
2013,250370,60612
2013,250375,3131
2013,250380,5859
2013,250390,5917
2013,250400,400002
2013,250403,6082
2013,250407,4054
2013,250410,2529
2013,250415,7304
2013,250420,4905
2013,250430,29794
2013,250435,4714
2013,250440,18769
2013,250450,6711
2013,250460,23115
2013,250470,4770
2013,250480,15391
2013,250485,1856
2013,250490,16836
2013,250500,7106
2013,250510,20299
2013,250520,6895
2013,250523,6321
2013,250527,5259
2013,250530,2529
2013,250535,5142
2013,250540,8196
2013,250550,3675
2013,250560,6636
2013,250570,10535
2013,250580,3645
2013,250590,3439
2013,250600,32264
2013,250610,11449
2013,250620,2981
2013,250625,8466
2013,250630,57383
2013,250640,14098
2013,250650,3311
2013,250660,6027
2013,250670,11659
2013,250680,17912
2013,250690,24663
2013,250700,24128
2013,250710,17918
2013,250720,10590
2013,250730,14248
2013,250740,7689
2013,250750,769607
2013,250760,7742
2013,250770,17565
2013,250780,6934
2013,250790,10560
2013,250800,9919
2013,250810,4710
2013,250820,7564
2013,250830,26788
2013,250840,2809
2013,250850,7320
2013,250855,4157
2013,250860,12460
2013,250870,4044
2013,250880,5679
2013,250890,43678
2013,250900,11007
2013,250905,8117
2013,250910,21648
2013,250915,6423
2013,250920,13438
2013,250930,7952
2013,250933,4453
2013,250937,2821
2013,250939,6283
2013,250940,13349
2013,250950,5351
2013,250960,4688
2013,250970,32211
2013,250980,9750
2013,250990,10439
2013,251000,7342
2013,251010,10661
2013,251020,6058
2013,251030,4647
2013,251040,6790
2013,251050,3804
2013,251060,3003
2013,251065,1823
2013,251070,2338
2013,251080,104716
2013,251090,12117
2013,251100,3787
2013,251110,7830
2013,251120,28056
2013,251130,15870
2013,251140,18597
2013,251150,11620
2013,251160,6860
2013,251170,5159
2013,251180,10523
2013,251190,18148
2013,251200,17894
2013,251203,3788
2013,251207,4165
2013,251210,32654
2013,251220,4033
2013,251230,22461
2013,251240,13386
2013,251250,42586
2013,251260,1834
2013,251270,18686
2013,251272,5963
2013,251274,3448
2013,251275,4419
2013,251276,4359
2013,251278,1856
2013,251280,8513
2013,251290,23883
2013,251300,3752
2013,251310,12144
2013,251315,6610
2013,251320,6573
2013,251330,5949
2013,251335,3592
2013,251340,15145
2013,251350,5292
2013,251360,7209
2013,251365,2669
2013,251370,132871
2013,251380,4612
2013,251385,2565
2013,251390,32651
2013,251392,4355
2013,251394,2522
2013,251396,2999
2013,251398,3389
2013,251400,4352
2013,251410,4442
2013,251420,7674
2013,251430,6179
2013,251440,4738
2013,251445,5762
2013,251450,19732
2013,251455,4077
2013,251460,3411
2013,251465,1753
2013,251470,4102
2013,251480,3749
2013,251490,7794
2013,251500,6970
2013,251510,11495
2013,251520,3380
2013,251530,51700
2013,251540,10701
2013,251550,13409
2013,251560,3190
2013,251570,3055
2013,251580,7089
2013,251590,6218
2013,251593,4728
2013,251597,7623
2013,251600,26431
2013,251610,14418
2013,251615,3376
2013,251620,68030
2013,251630,16595
2013,251640,10665
2013,251650,15190
2013,251660,14467
2013,251670,14739
2013,251675,2951
2013,251680,9410
2013,251690,15062
2013,251700,9862
2013,251710,2668
2013,251720,5228
2013,251740,2169
2013,260005,97786
2013,260010,36379
2013,260020,18625
2013,260030,23842
2013,260040,34978
2013,260050,42008
2013,260060,14155
2013,260070,38242
2013,260080,22853
2013,260090,22555
2013,260100,10706
2013,260105,19333
2013,260110,80577
2013,260120,72102
2013,260130,13523
2013,260140,41987
2013,260150,11777
2013,260160,20680
2013,260170,74902
2013,260180,12433
2013,260190,60213
2013,260200,36783
2013,260210,47273
2013,260220,38816
2013,260230,38287
2013,260240,9006
2013,260250,7464
2013,260260,47972
2013,260270,12934
2013,260280,55268
2013,260290,196152
2013,260300,32596
2013,260310,19674
2013,260320,27766
2013,260330,11223
2013,260340,5754
2013,260345,151587
2013,260350,17980
2013,260360,8405
2013,260370,24918
2013,260380,20004
2013,260390,19187
2013,260392,12387
2013,260400,79308
2013,260410,337416
2013,260415,14159
2013,260420,40328
2013,260430,11323
2013,260440,13002
2013,260450,21006
2013,260460,25435
2013,260470,17830
2013,260480,12647
2013,260490,14815
2013,260500,23695
2013,260510,35574
2013,260515,17925
2013,260520,66419
2013,260530,32076
2013,260540,21444
2013,260545,2837
2013,260550,11850
2013,260560,22610
2013,260570,31088
2013,260580,14932
2013,260590,29515
2013,260600,135138
2013,260610,30000
2013,260620,77945
2013,260630,7191
2013,260640,80450
2013,260650,18913
2013,260660,28197
2013,260670,7714
2013,260680,109322
2013,260690,12097
2013,260700,21003
2013,260710,4570
2013,260720,87926
2013,260730,30037
2013,260740,4643
2013,260750,26651
2013,260760,23923
2013,260765,36233
2013,260770,13932
2013,260775,25220
2013,260780,16638
2013,260790,675599
2013,260795,11696
2013,260800,16679
2013,260805,14464
2013,260810,32355
2013,260820,16056
2013,260825,11061
2013,260830,14325
2013,260840,15050
2013,260845,17034
2013,260850,21210
2013,260860,12685
2013,260870,16100
2013,260875,24183
2013,260880,38545
2013,260890,56407
2013,260900,24793
2013,260910,14770
2013,260915,19788
2013,260920,12009
2013,260930,14915
2013,260940,59836
2013,260950,31834
2013,260960,388127
2013,260970,23552
2013,260980,14071
2013,260990,67689
2013,261000,61731
2013,261010,8191
2013,261020,26515
2013,261030,11399
2013,261040,20990
2013,261050,29082
2013,261060,54051
2013,261070,316714
2013,261080,21558
2013,261090,65374
2013,261100,34523
2013,261110,319893
2013,261120,11261
2013,261130,26716
2013,261140,14200
2013,261150,25220
2013,261153,6846
2013,261160,1599513
2013,261170,19947
2013,261180,46200
2013,261190,22970
2013,261200,10835
2013,261210,10076
2013,261220,59037
2013,261230,15702
2013,261240,24049
2013,261245,14487
2013,261247,12240
2013,261250,96908
2013,261255,13977
2013,261260,40908
2013,261270,13626
2013,261280,11411
2013,261290,14900
2013,261300,56413
2013,261310,36485
2013,261320,22162
2013,261330,21079
2013,261340,19663
2013,261350,33541
2013,261360,33105
2013,261370,108301
2013,261380,17612
2013,261390,83051
2013,261400,18951
2013,261410,35042
2013,261420,43036
2013,261430,11246
2013,261440,5918
2013,261450,61875
2013,261460,27591
2013,261470,12932
2013,261480,23833
2013,261485,22046
2013,261500,26772
2013,261510,6991
2013,261520,9916
2013,261530,54115
2013,261540,39913
2013,261550,13497
2013,261560,27756
2013,261570,15280
2013,261580,25882
2013,261590,8129
2013,261600,17455
2013,261610,9408
2013,261618,7859
2013,261620,19457
2013,261630,31866
2013,261640,133907
2013,261650,14513
2013,270010,20545
2013,270020,17989
2013,270030,227640
2013,270040,46787
2013,270050,15377
2013,270060,8112
2013,270070,18201
2013,270080,4737
2013,270090,6751
2013,270100,27074
2013,270110,10823
2013,270120,10729
2013,270130,21480
2013,270135,6925
2013,270140,55161
2013,270150,9631
2013,270160,17880
2013,270170,17266
2013,270180,8758
2013,270190,7413
2013,270200,11110
2013,270210,21307
2013,270220,5817
2013,270230,55648
2013,270235,23885
2013,270240,50999
2013,270250,11234
2013,270255,18123
2013,270260,22377
2013,270270,4678
2013,270280,12862
2013,270290,39657
2013,270300,15762
2013,270310,26051
2013,270320,24328
2013,270330,18516
2013,270340,5511
2013,270350,7193
2013,270360,8234
2013,270370,5718
2013,270375,11969
2013,270380,23813
2013,270390,4275
2013,270400,25073
2013,270410,18566
2013,270420,28244
2013,270430,996733
2013,270440,19874
2013,270450,31299
2013,270460,10168
2013,270470,49853
2013,270480,13807
2013,270490,3698
2013,270500,25349
2013,270510,25005
2013,270520,17110
2013,270530,5439
2013,270540,7219
2013,270550,28158
2013,270560,12479
2013,270570,21499
2013,270580,9114
2013,270590,5159
2013,270600,11594
2013,270610,11409
2013,270620,4934
2013,270630,73532
2013,270640,24975
2013,270642,10674
2013,270644,12474
2013,270650,15372
2013,270660,7685
2013,270670,63595
2013,270680,17941
2013,270690,35003
2013,270700,2961
2013,270710,24556
2013,270720,14401
2013,270730,27047
2013,270740,8362
2013,270750,20066
2013,270760,11700
2013,270770,71834
2013,270780,6836
2013,270790,7257
2013,270800,47352
2013,270810,11134
2013,270820,7006
2013,270830,23847
2013,270840,31867
2013,270850,34239
2013,270860,59077
2013,270870,7709
2013,270880,33826
2013,270890,15737
2013,270895,13765
2013,270900,6374
2013,270910,19725
2013,270915,43605
2013,270920,27488
2013,270930,65495
2013,270940,26289
2013,280010,2358
2013,280020,21023
2013,280030,614577
2013,280040,10796
2013,280050,17825
2013,280060,27495
2013,280067,26529
2013,280070,8110
2013,280100,17594
2013,280110,4057
2013,280120,27136
2013,280130,32666
2013,280140,21109
2013,280150,14937
2013,280160,5846
2013,280170,17536
2013,280190,3955
2013,280200,4715
2013,280210,67491
2013,280220,5529
2013,280230,14730
2013,280240,11712
2013,280250,3143
2013,280260,5824
2013,280270,8582
2013,280280,16940
2013,280290,91873
2013,280300,40821
2013,280310,5048
2013,280320,32496
2013,280330,17903
2013,280340,13253
2013,280350,100330
2013,280360,28533
2013,280370,6723
2013,280380,3610
2013,280390,12501
2013,280400,16998
2013,280410,11350
2013,280420,14513
2013,280430,7598
2013,280440,18964
2013,280445,8788
2013,280450,34799
2013,280460,25839
2013,280470,6456
2013,280480,172547
2013,280490,13896
2013,280500,3141
2013,280510,9298
2013,280520,6318
2013,280530,8877
2013,280540,32949
2013,280550,23078
2013,280560,28237
2013,280570,29467
2013,280580,19937
2013,280590,9863
2013,280600,18071
2013,280610,10013
2013,280620,19994
2013,280630,13628
2013,280640,7456
2013,280650,3886
2013,280660,11899
2013,280670,84620
2013,280680,10801
2013,280690,3705
2013,280700,3859
2013,280710,40199
2013,280720,8496
2013,280730,3117
2013,280740,50557
2013,280750,13192
2013,280760,23950
2013,290010,9132
2013,290020,18989
2013,290030,15615
2013,290035,16929
2013,290040,16871
2013,290050,11509
2013,290060,4767
2013,290070,152570
2013,290080,23176
2013,290090,6327
2013,290100,37081
2013,290110,26477
2013,290115,16884
2013,290120,20698
2013,290130,14738
2013,290135,14936
2013,290140,14762
2013,290150,11113
2013,290160,18744
2013,290170,12206
2013,290180,11973
2013,290190,18976
2013,290195,7795
2013,290200,14232
2013,290205,12351
2013,290210,55655
2013,290220,11157
2013,290225,11822
2013,290230,9146
2013,290240,13525
2013,290250,13892
2013,290260,21174
2013,290265,12534
2013,290270,53361
2013,290280,22409
2013,290290,35567
2013,290300,14684
2013,290310,6261
2013,290320,150896
2013,290323,14855
2013,290327,15470
2013,290330,6767
2013,290340,23471
2013,290350,18539
2013,290360,15737
2013,290370,15141
2013,290380,18888
2013,290390,68282
2013,290395,10644
2013,290400,14742
2013,290405,16132
2013,290410,22389
2013,290420,11162
2013,290430,14866
2013,290440,10545
2013,290450,11301
2013,290460,68776
2013,290470,19311
2013,290475,21115
2013,290480,10828
2013,290485,18713
2013,290490,34244
2013,290500,23232
2013,290510,10429
2013,290515,15842
2013,290520,52166
2013,290530,18489
2013,290540,17168
2013,290550,13465
2013,290560,33068
2013,290570,275575
2013,290580,37207
2013,290590,29812
2013,290600,71507
2013,290610,10130
2013,290620,26006
2013,290630,33570
2013,290640,9143
2013,290650,89419
2013,290660,14527
2013,290670,27057
2013,290680,35029
2013,290682,16956
2013,290685,12128
2013,290687,28853
2013,290689,10292
2013,290690,22328
2013,290700,9611
2013,290710,29768
2013,290720,70796
2013,290730,27097
2013,290740,3420
2013,290750,55021
2013,290755,9760
2013,290760,18061
2013,290770,11444
2013,290780,34424
2013,290790,16860
2013,290800,20620
2013,290810,19281
2013,290820,22226
2013,290830,18644
2013,290840,67126
2013,290850,32761
2013,290860,25714
2013,290870,18359
2013,290880,4354
2013,290890,23314
2013,290900,8752
2013,290910,15024
2013,290920,17422
2013,290930,32980
2013,290940,14390
2013,290950,5341
2013,290960,21435
2013,290970,14189
2013,290980,63299
2013,290990,34725
2013,291000,12721
2013,291005,75103
2013,291010,12379
2013,291020,4127
2013,291030,8426
2013,291040,21418
2013,291050,42640
2013,291060,35930
2013,291070,60558
2013,291072,110803
2013,291075,18524
2013,291077,5908
2013,291080,606139
2013,291085,17603
2013,291090,5744
2013,291100,11392
2013,291110,24799
2013,291120,32814
2013,291125,4747
2013,291130,11338
2013,291140,16003
2013,291150,8325
2013,291160,21125
2013,291165,9388
2013,291170,84645
2013,291180,22583
2013,291185,13812
2013,291190,26591
2013,291200,10866
2013,291210,24595
2013,291220,19071
2013,291230,16582
2013,291240,18398
2013,291250,15162
2013,291260,5158
2013,291270,24059
2013,291280,8603
2013,291290,18546
2013,291300,16647
2013,291310,18752
2013,291320,27285
2013,291330,6265
2013,291340,16159
2013,291345,13636
2013,291350,27615
2013,291360,184616
2013,291370,39938
2013,291380,15753
2013,291390,47178
2013,291400,62253
2013,291410,9992
2013,291420,7471
2013,291430,11412
2013,291440,24882
2013,291450,29579
2013,291460,72041
2013,291465,30636
2013,291470,65806
2013,291480,218124
2013,291490,26753
2013,291500,15996
2013,291510,13433
2013,291520,15829
2013,291530,7420
2013,291535,14392
2013,291540,7507
2013,291550,21884
2013,291560,67128
2013,291570,8259
2013,291580,23723
2013,291590,8023
2013,291600,20735
2013,291610,22329
2013,291620,10682
2013,291630,10942
2013,291640,74652
2013,291650,35255
2013,291660,10799
2013,291670,8231
2013,291680,19837
2013,291685,14700
2013,291690,13267
2013,291700,38330
2013,291710,21106
2013,291720,19211
2013,291730,28639
2013,291733,11253
2013,291735,9417
2013,291740,15350
2013,291750,84328
2013,291760,54902
2013,291770,32740
2013,291780,18114
2013,291790,10997
2013,291800,161391
2013,291810,40587
2013,291820,14936
2013,291830,13667
2013,291835,24633
2013,291840,214748
2013,291845,10403
2013,291850,15848
2013,291855,6493
2013,291860,7741
2013,291870,4017
2013,291875,15542
2013,291880,24207
2013,291890,3971
2013,291900,4079
2013,291905,8847
2013,291910,9673
2013,291915,27338
2013,291920,184383
2013,291930,11300
2013,291940,12962
2013,291950,45236
2013,291955,73061
2013,291960,11835
2013,291970,18419
2013,291980,49436
2013,291990,8417
2013,291992,19600
2013,291995,5972
2013,292000,9864
2013,292010,20194
2013,292020,17375
2013,292030,8942
2013,292040,14600
2013,292045,13598
2013,292050,24491
2013,292060,45740
2013,292070,21016
2013,292080,11026
2013,292090,15221
2013,292100,44538
2013,292105,12114
2013,292110,23358
2013,292120,27569
2013,292130,11569
2013,292140,17714
2013,292145,10270
2013,292150,54884
2013,292160,8987
2013,292170,37326
2013,292180,12421
2013,292190,10568
2013,292200,39927
2013,292205,12191
2013,292210,26518
2013,292220,7825
2013,292225,11465
2013,292230,30635
2013,292240,22928
2013,292250,29122
2013,292260,13555
2013,292265,13216
2013,292270,17013
2013,292273,8083
2013,292275,6913
2013,292280,8058
2013,292285,8527
2013,292290,25725
2013,292300,42265
2013,292303,11786
2013,292305,15943
2013,292310,26620
2013,292320,22738
2013,292330,8804
2013,292335,17603
2013,292340,22260
2013,292350,9122
2013,292360,21838
2013,292370,32258
2013,292380,29654
2013,292390,11166
2013,292400,117377
2013,292405,14478
2013,292410,7450
2013,292420,18051
2013,292430,18421
2013,292440,35237
2013,292450,16708
2013,292460,21113
2013,292465,10798
2013,292467,10415
2013,292470,12678
2013,292480,24462
2013,292490,9516
2013,292500,26225
2013,292510,48576
2013,292520,36551
2013,292525,16321
2013,292530,141006
2013,292540,9574
2013,292550,29095
2013,292560,14629
2013,292570,13442
2013,292575,26238
2013,292580,26023
2013,292590,28996
2013,292593,10045
2013,292595,24258
2013,292600,41824
2013,292610,13092
2013,292620,23209
2013,292630,35237
2013,292640,35586
2013,292650,15186
2013,292660,50805
2013,292665,9195
2013,292670,13592
2013,292680,15427
2013,292690,12033
2013,292700,40203
2013,292710,8632
2013,292720,31799
2013,292730,14937
2013,292740,2883682
2013,292750,20509
2013,292760,15381
2013,292770,27854
2013,292780,6808
2013,292790,10884
2013,292800,36452
2013,292805,13710
2013,292810,41824
2013,292820,26998
2013,292830,9370
2013,292840,28349
2013,292850,10423
2013,292860,61407
2013,292870,99407
2013,292880,52186
2013,292890,31785
2013,292895,9820
2013,292900,15004
2013,292905,15443
2013,292910,21513
2013,292920,36677
2013,292925,19495
2013,292930,36641
2013,292935,6202
2013,292937,10938
2013,292940,11105
2013,292950,45090
2013,292960,17594
2013,292970,20195
2013,292975,12078
2013,292980,12644
2013,292990,44765
2013,293000,11336
2013,293010,80258
2013,293015,33034
2013,293020,40720
2013,293030,18467
2013,293040,15672
2013,293050,82157
2013,293060,13238
2013,293070,129964
2013,293075,13188
2013,293076,12317
2013,293077,23435
2013,293080,17073
2013,293090,12990
2013,293100,21246
2013,293105,17493
2013,293110,8510
2013,293120,20474
2013,293130,17345
2013,293135,153385
2013,293140,8125
2013,293150,22873
2013,293160,15016
2013,293170,13526
2013,293180,18560
2013,293190,55923
2013,293200,25274
2013,293210,21897
2013,293220,21183
2013,293230,27312
2013,293240,14436
2013,293245,18635
2013,293250,22989
2013,293260,17239
2013,293270,22004
2013,293280,19516
2013,293290,96287
2013,293300,27162
2013,293305,14654
2013,293310,9309
2013,293315,13581
2013,293317,9449
2013,293320,41524
2013,293325,6781
2013,293330,336987
2013,293340,9504
2013,293345,13089
2013,293350,23046
2013,293360,48100
2013,310010,6967
2013,310020,23451
2013,310030,13703
2013,310040,4045
2013,310050,10297
2013,310060,15034
2013,310070,2070
2013,310080,4293
2013,310090,19186
2013,310100,13306
2013,310110,25675
2013,310120,6274
2013,310130,2768
2013,310140,3018
2013,310150,35559
2013,310160,77618
2013,310163,6490
2013,310170,40749
2013,310180,7437
2013,310190,19391
2013,310200,14306
2013,310205,5605
2013,310210,12120
2013,310220,4395
2013,310230,15642
2013,310240,3657
2013,310250,5023
2013,310260,39416
2013,310270,9333
2013,310280,12507
2013,310285,8371
2013,310290,11507
2013,310300,9738
2013,310310,1692
2013,310320,2335
2013,310330,2113
2013,310340,37169
2013,310350,114970
2013,310360,2888
2013,310370,8454
2013,310375,6527
2013,310380,2866
2013,310390,8517
2013,310400,99986
2013,310410,10146
2013,310420,38630
2013,310430,14503
2013,310440,2924
2013,310445,5036
2013,310450,18198
2013,310460,13738
2013,310470,14344
2013,310480,5062
2013,310490,19045
2013,310500,8093
2013,310510,23665
2013,310520,5059
2013,310530,5603
2013,310540,30501
2013,310550,5770
2013,310560,132980
2013,310570,5991
2013,310590,20484
2013,310600,10342
2013,310610,3499
2013,310620,2479165
2013,310630,25026
2013,310640,7789
2013,310650,12508
2013,310660,4648
2013,310665,4597
2013,310670,406474
2013,310680,3765
2013,310690,14268
2013,310700,2664
2013,310710,40018
2013,310720,5163
2013,310730,48974
2013,310740,48350
2013,310750,6663
2013,310760,4091
2013,310770,5817
2013,310780,15633
2013,310790,10759
2013,310800,17805
2013,310810,7012
2013,310820,5904
2013,310825,10395
2013,310830,18271
2013,310840,15326
2013,310850,6612
2013,310855,15310
2013,310860,32378
2013,310870,4664
2013,310880,5091
2013,310890,14982
2013,310900,36748
2013,310910,11211
2013,310920,10583
2013,310925,4122
2013,310930,23979
2013,310940,27974
2013,310945,6774
2013,310950,14262
2013,310960,3734
2013,310970,11481
2013,310980,2628
2013,310990,10918
2013,311000,43036
2013,311010,5260
2013,311020,4135
2013,311030,14250
2013,311040,3158
2013,311050,21844
2013,311060,28123
2013,311070,12997
2013,311080,3706
2013,311090,16215
2013,311100,21340
2013,311110,19959
2013,311115,3821
2013,311120,53656
2013,311130,11831
2013,311140,7444
2013,311150,14964
2013,311160,28683
2013,311170,4729
2013,311180,11882
2013,311190,5739
2013,311200,15066
2013,311205,4406
2013,311210,5416
2013,311220,4848
2013,311230,36740
2013,311240,7222
2013,311250,9382
2013,311260,15961
2013,311265,5221
2013,311270,14894
2013,311280,8535
2013,311290,9349
2013,311300,23340
2013,311310,3341
2013,311320,24594
2013,311330,33358
2013,311340,89578
2013,311350,9467
2013,311360,6604
2013,311370,20214
2013,311380,2567
2013,311390,12249
2013,311400,11382
2013,311410,14451
2013,311420,21294
2013,311430,30695
2013,311440,21206
2013,311450,18205
2013,311455,9890
2013,311460,4081
2013,311470,3502
2013,311480,4651
2013,311490,2307
2013,311500,2999
2013,311510,17967
2013,311520,4057
2013,311530,73232
2013,311535,5136
2013,311540,3608
2013,311545,6761
2013,311547,5200
2013,311550,22257
2013,311560,1227
2013,311570,7029
2013,311580,10583
2013,311590,2977
2013,311600,5811
2013,311610,15638
2013,311615,11972
2013,311620,2827
2013,311630,6793
2013,311640,4751
2013,311650,7909
2013,311660,27321
2013,311670,7392
2013,311680,9213
2013,311690,3093
2013,311700,8094
2013,311710,10222
2013,311720,2840
2013,311730,25139
2013,311740,4609
2013,311750,18273
2013,311760,5400
2013,311770,13499
2013,311780,11048
2013,311783,7464
2013,311787,6336
2013,311790,11198
2013,311800,51709
2013,311810,5103
2013,311820,6824
2013,311830,123275
2013,311840,23032
2013,311850,1785
2013,311860,637961
2013,311870,9492
2013,311880,26889
2013,311890,8963
2013,311900,3556
2013,311910,24484
2013,311920,10453
2013,311930,28398
2013,311940,108302
2013,311950,9387
2013,311960,3093
2013,311970,3429
2013,311980,3426
2013,311990,3819
2013,311995,6110
2013,312000,3100
2013,312010,4377
2013,312015,6408
2013,312020,12046
2013,312030,5976
2013,312040,5182
2013,312050,10486
2013,312060,4966
2013,312070,4103
2013,312080,15227
2013,312083,4895
2013,312087,7345
2013,312090,77824
2013,312100,5409
2013,312110,8197
2013,312120,7096
2013,312125,9053
2013,312130,4968
2013,312140,7259
2013,312150,3060
2013,312160,47647
2013,312170,3935
2013,312180,8657
2013,312190,3417
2013,312200,19879
2013,312210,5078
2013,312220,7376
2013,312230,226345
2013,312235,6315
2013,312240,5990
2013,312245,9838
2013,312247,3872
2013,312250,5303
2013,312260,4632
2013,312270,5344
2013,312280,3074
2013,312290,6334
2013,312300,9805
2013,312310,5343
2013,312320,14048
2013,312330,4516
2013,312340,1504
2013,312350,1909
2013,312352,7747
2013,312360,26759
2013,312370,10812
2013,312380,7345
2013,312385,5360
2013,312390,14940
2013,312400,18707
2013,312410,65224
2013,312420,24098
2013,312430,32081
2013,312440,4625
2013,312450,11285
2013,312460,2496
2013,312470,3602
2013,312480,7804
2013,312490,11042
2013,312500,3901
2013,312510,31693
2013,312520,2419
2013,312530,3423
2013,312540,5157
2013,312550,3170
2013,312560,7236
2013,312570,14864
2013,312580,3232
2013,312590,10807
2013,312595,10822
2013,312600,7026
2013,312610,67617
2013,312620,8817
2013,312630,4302
2013,312640,2850
2013,312650,10542
2013,312660,5098
2013,312670,25983
2013,312675,5825
2013,312680,6033
2013,312690,9366
2013,312695,3462
2013,312700,15658
2013,312705,4777
2013,312707,5919
2013,312710,56720
2013,312720,4108
2013,312730,7092
2013,312733,5264
2013,312735,3097
2013,312737,3226
2013,312738,3849
2013,312740,4370
2013,312750,6148
2013,312760,12030
2013,312770,275568
2013,312780,15667
2013,312790,1414
2013,312800,33020
2013,312810,14349
2013,312820,10521
2013,312825,4919
2013,312830,19298
2013,312840,8977
2013,312850,3991
2013,312860,6741
2013,312870,51488
2013,312880,7356
2013,312890,7693
2013,312900,8838
2013,312910,6144
2013,312920,6416
2013,312930,10768
2013,312940,5163
2013,312950,24435
2013,312960,8215
2013,312965,6250
2013,312970,13006
2013,312980,169908
2013,312990,3503
2013,313000,2979
2013,313005,11411
2013,313010,38285
2013,313020,9997
2013,313030,8213
2013,313040,6225
2013,313050,12061
2013,313055,6739
2013,313060,7217
2013,313065,7528
2013,313070,6568
2013,313080,2740
2013,313090,24882
2013,313100,6068
2013,313110,7297
2013,313115,17729
2013,313120,19165
2013,313130,253098
2013,313140,4250
2013,313150,9942
2013,313160,6795
2013,313170,115817
2013,313180,11224
2013,313190,48614
2013,313200,5241
2013,313210,18316
2013,313220,12999
2013,313230,12403
2013,313240,94940
2013,313250,33804
2013,313260,4270
2013,313270,23528
2013,313280,2281
2013,313290,10572
2013,313300,14855
2013,313310,14902
2013,313320,12280
2013,313330,21569
2013,313340,14501
2013,313350,22054
2013,313360,9236
2013,313370,10563
2013,313375,15694
2013,313380,90084
2013,313390,5833
2013,313400,14963
2013,313410,6051
2013,313420,102020
2013,313430,6263
2013,313440,36837
2013,313450,3976
2013,313460,18508
2013,313470,12511
2013,313480,7755
2013,313490,24354
2013,313500,3112
2013,313505,36098
2013,313507,5303
2013,313510,70041
2013,313520,67875
2013,313530,4168
2013,313535,8599
2013,313540,5387
2013,313545,7479
2013,313550,13041
2013,313560,8069
2013,313570,5307
2013,313580,25150
2013,313590,4899
2013,313600,15483
2013,313610,5305
2013,313620,77474
2013,313630,47549
2013,313640,4538
2013,313650,10744
2013,313652,4656
2013,313655,4681
2013,313657,4778
2013,313660,5752
2013,313665,24255
2013,313670,545942
2013,313680,4288
2013,313690,9887
2013,313695,5863
2013,313700,17782
2013,313710,7802
2013,313720,49089
2013,313730,4298
2013,313740,12808
2013,313750,17885
2013,313753,9134
2013,313760,57589
2013,313770,20219
2013,313780,20453
2013,313790,3524
2013,313800,6740
2013,313810,6663
2013,313820,98172
2013,313830,3296
2013,313835,4965
2013,313840,52915
2013,313850,5401
2013,313860,16740
2013,313862,7269
2013,313865,8821
2013,313867,6407
2013,313868,6660
2013,313870,5571
2013,313880,18168
2013,313890,7200
2013,313900,40760
2013,313910,5091
2013,313920,19228
2013,313925,6554
2013,313930,19898
2013,313940,84934
2013,313950,22348
2013,313960,27983
2013,313970,7600
2013,313980,12384
2013,313990,14551
2013,314000,57639
2013,314010,4297
2013,314015,14222
2013,314020,2917
2013,314030,4125
2013,314040,2979
2013,314050,13180
2013,314053,7744
2013,314055,8299
2013,314060,4673
2013,314070,29578
2013,314080,14104
2013,314085,10608
2013,314090,18491
2013,314100,12947
2013,314110,36031
2013,314120,3856
2013,314130,3644
2013,314140,21513
2013,314150,6533
2013,314160,10753
2013,314170,6084
2013,314180,31811
2013,314190,3957
2013,314200,13552
2013,314210,10674
2013,314220,14540
2013,314225,4772
2013,314230,4883
2013,314240,7363
2013,314250,2379
2013,314260,8537
2013,314270,15974
2013,314280,20594
2013,314290,22218
2013,314300,13435
2013,314310,47595
2013,314315,4855
2013,314320,21878
2013,314330,385898
2013,314340,22557
2013,314345,7901
2013,314350,8657
2013,314360,2669
2013,314370,3421
2013,314380,6351
2013,314390,105861
2013,314400,27456
2013,314410,21007
2013,314420,3256
2013,314430,41876
2013,314435,6708
2013,314437,3376
2013,314440,4802
2013,314450,8363
2013,314460,26725
2013,314465,10219
2013,314467,3662
2013,314470,18002
2013,314480,87391
2013,314490,3830
2013,314500,13988
2013,314505,7623
2013,314510,16191
2013,314520,84550
2013,314530,31715
2013,314535,10738
2013,314537,5196
2013,314540,1957
2013,314545,5659
2013,314550,2677
2013,314560,41181
2013,314570,2181
2013,314580,3164
2013,314585,4660
2013,314587,7701
2013,314590,37492
2013,314600,33031
2013,314610,73349
2013,314620,6148
2013,314625,6154
2013,314630,19744
2013,314640,4708
2013,314650,8307
2013,314655,6137
2013,314660,1590
2013,314670,6738
2013,314675,6674
2013,314690,15007
2013,314700,89530
2013,314710,89418
2013,314720,21164
2013,314730,20410
2013,314740,23762
2013,314750,1776
2013,314760,16224
2013,314770,8377
2013,314780,2121
2013,314790,111651
2013,314795,5846
2013,314800,146416
2013,314810,87178
2013,314820,5548
2013,314830,9605
2013,314840,5020
2013,314850,8771
2013,314860,17797
2013,314870,24612
2013,314875,6978
2013,314880,3414
2013,314890,4006
2013,314900,2345
2013,314910,11683
2013,314915,10970
2013,314920,3626
2013,314930,61975
2013,314940,1838
2013,314950,3296
2013,314960,4284
2013,314970,9943
2013,314980,15323
2013,314990,21013
2013,314995,7150
2013,315000,4274
2013,315010,2887
2013,315015,7744
2013,315020,4192
2013,315030,4766
2013,315040,4867
2013,315050,8582
2013,315053,4696
2013,315057,7491
2013,315060,6575
2013,315070,5253
2013,315080,17804
2013,315090,5432
2013,315100,8404
2013,315110,10754
2013,315120,55704
2013,315130,11123
2013,315140,26797
2013,315150,33580
2013,315160,11194
2013,315170,16633
2013,315180,161025
2013,315190,9050
2013,315200,30699
2013,315210,59614
2013,315213,4161
2013,315217,11881
2013,315220,38697
2013,315230,10955
2013,315240,16350
2013,315250,140223
2013,315260,6291
2013,315270,8807
2013,315280,27109
2013,315290,8975
2013,315300,3455
2013,315310,5630
2013,315320,3928
2013,315330,3050
2013,315340,19325
2013,315350,8535
2013,315360,10181
2013,315370,3470
2013,315380,1934
2013,315390,16055
2013,315400,24423
2013,315410,10635
2013,315415,6920
2013,315420,11378
2013,315430,17631
2013,315440,4889
2013,315445,8257
2013,315450,9643
2013,315460,315819
2013,315470,3990
2013,315480,9704
2013,315490,14376
2013,315500,2575
2013,315510,5333
2013,315520,6045
2013,315530,5585
2013,315540,9013
2013,315550,12328
2013,315560,30418
2013,315570,14578
2013,315580,17804
2013,315590,5487
2013,315600,13755
2013,315610,4955
2013,315620,2229
2013,315630,7429
2013,315640,3671
2013,315645,4464
2013,315650,7428
2013,315660,10278
2013,315670,132636
2013,315680,16042
2013,315690,25225
2013,315700,40942
2013,315710,7084
2013,315720,29595
2013,315725,8027
2013,315727,2972
2013,315730,4646
2013,315733,8298
2013,315737,4434
2013,315740,5050
2013,315750,4661
2013,315760,4034
2013,315765,6309
2013,315770,12455
2013,315780,213345
2013,315790,15772
2013,315800,10918
2013,315810,5406
2013,315820,14839
2013,315830,7379
2013,315840,3793
2013,315850,8106
2013,315860,3997
2013,315870,2361
2013,315880,4793
2013,315890,8834
2013,315895,30255
2013,315900,4211
2013,315910,3908
2013,315920,9239
2013,315930,5090
2013,315935,6924
2013,315940,3628
2013,315950,5782
2013,315960,40435
2013,315970,3347
2013,315980,19106
2013,315990,18162
2013,316000,3650
2013,316010,4138
2013,316020,4151
2013,316030,12042
2013,316040,27352
2013,316045,7236
2013,316050,1820
2013,316060,3276
2013,316070,47557
2013,316080,4915
2013,316090,3673
2013,316095,5622
2013,316100,17811
2013,316105,3467
2013,316110,56003
2013,316120,6666
2013,316130,6069
2013,316140,5211
2013,316150,11178
2013,316160,4372
2013,316165,3740
2013,316170,6651
2013,316180,11289
2013,316190,10384
2013,316200,25007
2013,316210,33774
2013,316220,7241
2013,316225,4858
2013,316230,2808
2013,316240,25961
2013,316245,12421
2013,316250,88405
2013,316255,10917
2013,316257,5530
2013,316260,7964
2013,316265,4276
2013,316270,23303
2013,316280,16028
2013,316290,26114
2013,316292,28064
2013,316294,7155
2013,316295,21538
2013,316300,4241
2013,316310,4556
2013,316320,4163
2013,316330,3942
2013,316340,5717
2013,316350,6694
2013,316360,2721
2013,316370,44037
2013,316380,6991
2013,316390,5054
2013,316400,8397
2013,316410,5616
2013,316420,11179
2013,316430,6973
2013,316440,5249
2013,316443,2936
2013,316447,6140
2013,316450,10740
2013,316460,6255
2013,316470,68518
2013,316480,1622
2013,316490,2206
2013,316500,10955
2013,316510,7257
2013,316520,6962
2013,316530,7420
2013,316540,6616
2013,316550,5957
2013,316553,28625
2013,316555,11592
2013,316556,2856
2013,316557,5398
2013,316560,2046
2013,316570,7598
2013,316580,1804
2013,316590,4564
2013,316600,5864
2013,316610,3597
2013,316620,10544
2013,316630,7375
2013,316640,1855
2013,316650,4353
2013,316660,825
2013,316670,8720
2013,316680,11142
2013,316690,7778
2013,316695,4650
2013,316700,2037
2013,316710,21419
2013,316720,227571
2013,316730,2271
2013,316740,6249
2013,316750,2628
2013,316760,19188
2013,316770,5897
2013,316780,5971
2013,316790,4085
2013,316800,32698
2013,316805,3210
2013,316810,4423
2013,316820,1923
2013,316830,3980
2013,316840,14677
2013,316850,11745
2013,316860,140067
2013,316870,86014
2013,316880,7457
2013,316890,6955
2013,316900,16494
2013,316905,4099
2013,316910,6066
2013,316920,9321
2013,316930,76734
2013,316935,30302
2013,316940,56156
2013,316950,6593
2013,316960,25171
2013,316970,19114
2013,316980,4897
2013,316990,108493
2013,317000,12248
2013,317005,12487
2013,317010,315360
2013,317020,646673
2013,317030,2746
2013,317040,81693
2013,317043,4498
2013,317047,3326
2013,317050,10581
2013,317052,14963
2013,317057,6635
2013,317060,2216
2013,317065,4942
2013,317070,130139
2013,317075,6558
2013,317080,37879
2013,317090,19678
2013,317100,20506
2013,317103,8875
2013,317107,5746
2013,317110,3733
2013,317115,4859
2013,317120,114365
2013,317130,76147
2013,317140,3790
2013,317150,3406
2013,317160,14016
2013,317170,8864
2013,317180,10830
2013,317190,5720
2013,317200,40356
2013,317210,5258
2013,317220,2619
2013,320010,32551
2013,320013,10045
2013,320016,12164
2013,320020,32267
2013,320030,14859
2013,320035,7841
2013,320040,26658
2013,320050,7916
2013,320060,91562
2013,320070,10862
2013,320080,31126
2013,320090,43882
2013,320100,15169
2013,320110,10095
2013,320115,12669
2013,320120,205213
2013,320130,375974
2013,320140,37331
2013,320150,120677
2013,320160,30659
2013,320170,12579
2013,320180,4688
2013,320190,34059
2013,320200,6827
2013,320210,24327
2013,320220,19177
2013,320225,11953
2013,320230,30144
2013,320240,116278
2013,320245,24575
2013,320250,12124
2013,320255,9400
2013,320260,13548
2013,320265,12798
2013,320270,14844
2013,320280,33610
2013,320290,11349
2013,320300,29258
2013,320305,27599
2013,320310,11707
2013,320313,16869
2013,320316,11418
2013,320320,157814
2013,320330,14808
2013,320332,37140
2013,320334,15689
2013,320335,12092
2013,320340,27309
2013,320350,19049
2013,320360,5909
2013,320370,19081
2013,320380,15438
2013,320390,49564
2013,320400,23125
2013,320405,25700
2013,320410,26023
2013,320420,20082
2013,320425,7590
2013,320430,11130
2013,320435,18892
2013,320440,11993
2013,320450,12881
2013,320455,37720
2013,320460,23432
2013,320465,8595
2013,320470,35232
2013,320480,10987
2013,320490,120725
2013,320495,12179
2013,320500,467318
2013,320501,26843
2013,320503,20744
2013,320506,22873
2013,320510,72115
2013,320515,9272
2013,320517,14614
2013,320520,458489
2013,320530,348268
2013,330010,181486
2013,330015,10736
2013,330020,118964
2013,330022,11785
2013,330023,29790
2013,330025,28627
2013,330030,96261
2013,330040,179472
2013,330045,477583
2013,330050,25969
2013,330060,35825
2013,330070,200380
2013,330080,55632
2013,330090,14862
2013,330093,14408
2013,330095,8240
2013,330100,477208
2013,330110,19825
2013,330115,12599
2013,330120,17944
2013,330130,38492
2013,330140,21844
2013,330150,20863
2013,330160,11070
2013,330170,873921
2013,330180,13505
2013,330185,54706
2013,330187,24788
2013,330190,225263
2013,330200,115542
2013,330205,14405
2013,330210,22870
2013,330220,98004
2013,330225,29744
2013,330227,98393
2013,330230,7385
2013,330240,224442
2013,330245,5360
2013,330250,232419
2013,330260,39210
2013,330270,139552
2013,330280,18072
2013,330285,170185
2013,330290,24815
2013,330300,26786
2013,330310,15069
2013,330320,158288
2013,330330,494200
2013,330340,184122
2013,330350,804815
2013,330360,48705
2013,330370,41955
2013,330380,39434
2013,330385,26696
2013,330390,297888
2013,330395,23488
2013,330400,27311
2013,330410,18188
2013,330411,17663
2013,330412,13283
2013,330414,141753
2013,330415,21806
2013,330420,123385
2013,330430,56942
2013,330440,17709
2013,330450,8783
2013,330452,122196
2013,330455,6429923
2013,330460,10282
2013,330470,41035
2013,330475,41397
2013,330480,37717
2013,330490,1025507
2013,330500,33951
2013,330510,460799
2013,330513,7143
2013,330515,20704
2013,330520,93659
2013,330530,9012
2013,330540,17610
2013,330550,79421
2013,330555,81260
2013,330560,21366
2013,330570,15070
2013,330575,31844
2013,330580,169849
2013,330590,10347
2013,330600,78723
2013,330610,73154
2013,330615,9861
2013,330620,35112
2013,330630,261522
2013,350010,34953
2013,350020,3639
2013,350030,34188
2013,350040,7942
2013,350050,18108
2013,350055,5876
2013,350060,3004
2013,350070,36150
2013,350075,5356
2013,350080,4064
2013,350090,4010
2013,350100,16137
2013,350110,4193
2013,350115,17784
2013,350120,3915
2013,350130,24482
2013,350140,4937
2013,350150,3137
2013,350160,224551
2013,350170,37165
2013,350180,5916
2013,350190,69322
2013,350200,4612
2013,350210,57145
2013,350220,23666
2013,350230,6120
2013,350240,3941
2013,350250,36151
2013,350260,4468
2013,350270,25491
2013,350275,19144
2013,350280,190536
2013,350290,30088
2013,350300,5416
2013,350310,6334
2013,350315,2541
2013,350320,222036
2013,350330,126391
2013,350335,1925
2013,350340,8245
2013,350350,3839
2013,350360,10989
2013,350370,9095
2013,350380,48420
2013,350390,81326
2013,350395,1854
2013,350400,100204
2013,350410,134567
2013,350420,14831
2013,350430,5210
2013,350440,12307
2013,350450,87238
2013,350460,15851
2013,350470,4433
2013,350480,8631
2013,350490,10680
2013,350500,3297
2013,350510,6998
2013,350520,33466
2013,350530,36310
2013,350535,5514
2013,350540,7878
2013,350550,117779
2013,350560,30506
2013,350570,256756
2013,350580,21061
2013,350590,59654
2013,350600,362062
2013,350610,77487
2013,350620,2831
2013,350630,11133
2013,350635,53679
2013,350640,7519
2013,350650,115898
2013,350660,30492
2013,350670,14356
2013,350680,11568
2013,350690,10504
2013,350700,53431
2013,350710,21976
2013,350715,3772
2013,350720,834
2013,350730,4540
2013,350740,15335
2013,350745,2458
2013,350750,136269
2013,350760,156995
2013,350770,5345
2013,350775,2723
2013,350780,22797
2013,350790,22959
2013,350800,19395
2013,350810,16312
2013,350820,4279
2013,350830,4430
2013,350840,45112
2013,350850,89668
2013,350860,31791
2013,350870,18926
2013,350880,17346
2013,350890,4201
2013,350900,93215
2013,350910,5418
2013,350920,69584
2013,350925,29059
2013,350930,10232
2013,350940,24783
2013,350945,5836
2013,350950,1144862
2013,350960,79091
2013,350970,50221
2013,350980,4776
2013,350990,12598
2013,350995,4722
2013,351000,30993
2013,351010,2767
2013,351015,4737
2013,351020,47510
2013,351030,18933
2013,351040,51949
2013,351050,109678
2013,351060,387788
2013,351070,12233
2013,351080,29597
2013,351090,2657
2013,351100,19360
2013,351110,118209
2013,351120,7502
2013,351130,8553
2013,351140,18703
2013,351150,43473
2013,351160,16717
2013,351170,16092
2013,351190,7717
2013,351200,18107
2013,351210,6196
2013,351220,26689
2013,351230,17162
2013,351240,22648
2013,351250,5615
2013,351260,5009
2013,351270,4018
2013,351280,64415
2013,351290,7404
2013,351300,220941
2013,351310,33543
2013,351320,8089
2013,351330,2260
2013,351340,80408
2013,351350,125178
2013,351360,22251
2013,351370,32595
2013,351380,406718
2013,351385,1760
2013,351390,11604
2013,351400,8432
2013,351410,26126
2013,351420,2148
2013,351430,8884
2013,351440,45346
2013,351450,12585
2013,351460,8874
2013,351470,6389
2013,351480,15238
2013,351490,16762
2013,351492,3359
2013,351495,2486
2013,351500,256247
2013,351510,66273
2013,351512,3149
2013,351515,17681
2013,351518,43611
2013,351519,4525
2013,351520,8458
2013,351530,2752
2013,351535,9729
2013,351540,15889
2013,351550,67543
2013,351560,5736
2013,351565,1646
2013,351570,180326
2013,351580,1699
2013,351590,3042
2013,351600,13704
2013,351610,2843
2013,351620,336734
2013,351630,164718
2013,351640,141824
2013,351650,2790
2013,351660,7019
2013,351670,44479
2013,351680,4482
2013,351685,4635
2013,351690,10970
2013,351700,11209
2013,351710,4745
2013,351720,11385
2013,351730,5654
2013,351740,39314
2013,351750,19409
2013,351760,18129
2013,351770,20733
2013,351780,8586
2013,351790,10584
2013,351800,2023
2013,351810,6629
2013,351820,32023
2013,351830,27679
2013,351840,117663
2013,351850,16149
2013,351860,37747
2013,351870,306683
2013,351880,1299249
2013,351885,7341
2013,351890,5023
2013,351900,9154
2013,351905,12707
2013,351907,209139
2013,351910,10776
2013,351920,6530
2013,351925,7431
2013,351930,32810
2013,351940,11615
2013,351950,7203
2013,351960,56531
2013,351970,75241
2013,351980,7877
2013,351990,7966
2013,352000,24299
2013,352010,29365
2013,352020,9251
2013,352030,30124
2013,352040,30983
2013,352042,9908
2013,352044,26138
2013,352050,222042
2013,352060,4951
2013,352070,3988
2013,352080,3826
2013,352090,14383
2013,352100,31745
2013,352110,6638
2013,352115,4858
2013,352120,4369
2013,352130,15184
2013,352140,21815
2013,352150,7666
2013,352160,8123
2013,352170,18158
2013,352180,25535
2013,352190,15104
2013,352200,3505
2013,352210,93696
2013,352215,3332
2013,352220,163363
2013,352230,153810
2013,352240,91807
2013,352250,217005
2013,352260,72048
2013,352265,4081
2013,352270,41920
2013,352280,15064
2013,352290,13023
2013,352300,4629
2013,352310,344558
2013,352320,49818
2013,352330,16441
2013,352340,109907
2013,352350,19297
2013,352360,16709
2013,352370,6232
2013,352380,7807
2013,352390,163882
2013,352400,51082
2013,352410,40552
2013,352420,6846
2013,352430,75041
2013,352440,223064
2013,352450,6233
2013,352460,17801
2013,352470,49497
2013,352480,48724
2013,352490,5868
2013,352500,116041
2013,352510,40640
2013,352520,26353
2013,352530,140077
2013,352540,3230
2013,352550,12492
2013,352560,4361
2013,352570,34846
2013,352580,4639
2013,352585,3042
2013,352590,393920
2013,352600,19765
2013,352610,19535
2013,352620,30239
2013,352630,4966
2013,352640,26853
2013,352650,9995
2013,352660,6950
2013,352670,97505
2013,352680,65026
2013,352690,291748
2013,352700,7265
2013,352710,75117
2013,352720,86337
2013,352725,2227
2013,352730,41700
2013,352740,20918
2013,352750,2345
2013,352760,12704
2013,352770,5384
2013,352780,4523
2013,352790,2754
2013,352800,16909
2013,352810,7978
2013,352820,3756
2013,352830,3246
2013,352840,45436
2013,352850,88883
2013,352860,9464
2013,352870,5251
2013,352880,13842
2013,352885,2818
2013,352890,4057
2013,352900,228618
2013,352910,2160
2013,352920,25473
2013,352930,80528
2013,352940,444136
2013,352950,5014
2013,352960,3934
2013,352965,1935
2013,352970,21471
2013,352980,12583
2013,352990,20790
2013,353000,2968
2013,353010,28758
2013,353020,17820
2013,353030,56910
2013,353040,4574
2013,353050,68590
2013,353060,414907
2013,353070,144963
2013,353080,90558
2013,353090,3411
2013,353100,2219
2013,353110,50641
2013,353120,7593
2013,353130,48907
2013,353140,23294
2013,353150,19376
2013,353160,4187
2013,353170,4381
2013,353180,53488
2013,353190,30991
2013,353200,12621
2013,353205,4534
2013,353210,4375
2013,353215,2905
2013,353220,4564
2013,353230,6821
2013,353240,17451
2013,353250,9017
2013,353260,11203
2013,353270,4669
2013,353280,6367
2013,353282,9100
2013,353284,2087
2013,353286,1195
2013,353290,10108
2013,353300,20346
2013,353310,2270
2013,353320,3423
2013,353325,5089
2013,353330,3728
2013,353340,55229
2013,353350,38828
2013,353360,7164
2013,353370,4296
2013,353380,2676
2013,353390,52650
2013,353400,4128
2013,353410,6366
2013,353420,6244
2013,353430,42020
2013,353440,691652
2013,353450,2614
2013,353460,32229
2013,353470,108674
2013,353475,9215
2013,353480,8216
2013,353490,13829
2013,353500,11904
2013,353510,11922
2013,353520,9700
2013,353530,21987
2013,353540,15288
2013,353550,44310
2013,353560,18040
2013,353570,6207
2013,353580,18965
2013,353590,3983
2013,353600,11124
2013,353610,5979
2013,353620,19239
2013,353625,2118
2013,353630,13821
2013,353640,6807
2013,353650,92668
2013,353657,1836
2013,353660,8893
2013,353670,44073
2013,353680,6009
2013,353690,2595
2013,353700,16382
2013,353710,44509
2013,353715,3054
2013,353720,10791
2013,353730,61371
2013,353740,25742
2013,353750,8006
2013,353760,63815
2013,353770,5626
2013,353780,54323
2013,353790,27880
2013,353800,157062
2013,353810,16013
2013,353820,14067
2013,353830,3665
2013,353850,14278
2013,353860,26371
2013,353870,385287
2013,353880,29532
2013,353890,24098
2013,353900,11112
2013,353910,17091
2013,353920,26146
2013,353930,73656
2013,353940,12839
2013,353950,37499
2013,353960,4808
2013,353970,3378
2013,353980,112015
2013,353990,5726
2013,354000,21060
2013,354010,3537
2013,354020,44236
2013,354025,4341
2013,354030,2593
2013,354040,4299
2013,354050,9021
2013,354060,51320
2013,354070,54056
2013,354075,21501
2013,354080,16401
2013,354085,3315
2013,354090,19077
2013,354100,287967
2013,354105,4912
2013,354110,4205
2013,354120,13724
2013,354130,43155
2013,354140,218960
2013,354150,39265
2013,354160,37985
2013,354165,3489
2013,354170,13501
2013,354180,3060
2013,354190,12234
2013,354200,6339
2013,354210,8952
2013,354220,29732
2013,354230,3952
2013,354240,19468
2013,354250,8218
2013,354260,56123
2013,354270,7054
2013,354280,3427
2013,354290,12750
2013,354300,18093
2013,354310,4510
2013,354320,4575
2013,354323,2248
2013,354325,7667
2013,354330,118871
2013,354340,649556
2013,354350,6096
2013,354360,3574
2013,354370,10768
2013,354380,10170
2013,354390,196821
2013,354400,31982
2013,354410,47142
2013,354420,11429
2013,354425,19156
2013,354430,10168
2013,354440,2917
2013,354450,3017
2013,354460,5452
2013,354470,2460
2013,354480,5853
2013,354490,11225
2013,354500,16462
2013,354510,5079
2013,354515,7607
2013,354520,112052
2013,354530,42710
2013,354540,9156
2013,354550,3974
2013,354560,15017
2013,354570,5941
2013,354580,188302
2013,354600,14395
2013,354610,2141
2013,354620,4251
2013,354625,2056
2013,354630,32009
2013,354640,46092
2013,354650,5701
2013,354660,30872
2013,354670,23793
2013,354680,53784
2013,354690,8613
2013,354700,5776
2013,354710,2929
2013,354720,1629
2013,354730,120998
2013,354740,2585
2013,354750,27411
2013,354760,25246
2013,354765,1511
2013,354770,21059
2013,354780,704942
2013,354790,6644
2013,354800,21957
2013,354805,8048
2013,354810,6078
2013,354820,6733
2013,354830,2963
2013,354840,4532
2013,354850,433153
2013,354860,10831
2013,354870,805895
2013,354880,156362
2013,354890,236457
2013,354900,2864
2013,354910,87912
2013,354920,2624
2013,354925,1865
2013,354930,2150
2013,354940,49259
2013,354950,8759
2013,354960,4190
2013,354970,54024
2013,354980,434039
2013,354990,673255
2013,354995,14874
2013,355000,10721
2013,355010,40027
2013,355020,32621
2013,355030,11821873
2013,355040,33638
2013,355050,7508
2013,355060,84460
2013,355070,80379
2013,355080,12394
2013,355090,14976
2013,355100,350465
2013,355110,9628
2013,355120,3707
2013,355130,3252
2013,355140,12592
2013,355150,41728
2013,355160,27879
2013,355170,117539
2013,355180,13239
2013,355190,16482
2013,355200,6083
2013,355210,38878
2013,355220,629231
2013,355230,7691
2013,355240,258556
2013,355250,279520
2013,355255,3642
2013,355260,11949
2013,355270,15590
2013,355280,264352
2013,355290,6023
2013,355300,12034
2013,355310,6153
2013,355320,5606
2013,355330,23159
2013,355340,25199
2013,355350,8125
2013,355360,13091
2013,355365,2814
2013,355370,56204
2013,355380,23083
2013,355385,5489
2013,355390,7028
2013,355395,13845
2013,355400,114314
2013,355410,296431
2013,355420,4828
2013,355430,22424
2013,355440,8969
2013,355450,39324
2013,355460,2709
2013,355465,2354
2013,355470,9754
2013,355475,1635
2013,355480,43871
2013,355490,5669
2013,355495,6369
2013,355500,65540
2013,355510,14976
2013,355520,2000
2013,355530,1942
2013,355535,5732
2013,355540,84377
2013,355550,4637
2013,355560,9885
2013,355570,1712
2013,355580,9121
2013,355590,1252
2013,355600,13345
2013,355610,12012
2013,355620,116308
2013,355630,24323
2013,355635,9550
2013,355640,41279
2013,355645,47013
2013,355650,114170
2013,355660,11032
2013,355670,69845
2013,355680,18191
2013,355690,7652
2013,355695,1809
2013,355700,115585
2013,355710,89715
2013,355715,2509
2013,355720,12480
2013,355730,10669
2013,410010,7881
2013,410020,6416
2013,410030,8797
2013,410040,110256
2013,410045,3754
2013,410050,21489
2013,410060,14334
2013,410070,10350
2013,410080,10869
2013,410090,5815
2013,410100,18281
2013,410105,2929
2013,410110,20988
2013,410115,2954
2013,410120,19412
2013,410130,7567
2013,410140,128058
2013,410150,112198
2013,410160,27170
2013,410165,3513
2013,410170,13926
2013,410180,129209
2013,410185,2421
2013,410190,16436
2013,410200,33988
2013,410210,25745
2013,410220,4010
2013,410230,12059
2013,410240,32800
2013,410250,12683
2013,410260,10143
2013,410270,2813
2013,410275,3926
2013,410280,15565
2013,410290,16416
2013,410300,4559
2013,410302,2763
2013,410304,6702
2013,410305,8028
2013,410310,11826
2013,410315,3824
2013,410320,6866
2013,410322,3372
2013,410330,7724
2013,410335,5799
2013,410337,3136
2013,410340,2833
2013,410345,16020
2013,410347,4334
2013,410350,8423
2013,410360,24928
2013,410370,102222
2013,410380,7603
2013,410390,15463
2013,410395,4130
2013,410400,41060
2013,410405,4361
2013,410410,7550
2013,410420,120730
2013,410425,26755
2013,410430,91648
2013,410440,16633
2013,410442,15657
2013,410445,13396
2013,410450,19182
2013,410460,15592
2013,410465,20863
2013,410470,14239
2013,410480,305615
2013,410490,70086
2013,410500,10467
2013,410510,11382
2013,410520,17619
2013,410530,11528
2013,410540,20077
2013,410550,75360
2013,410560,11800
2013,410570,17501
2013,410580,227220
2013,410590,23402
2013,410600,8648
2013,410610,3794
2013,410620,17067
2013,410630,16954
2013,410640,48420
2013,410645,7525
2013,410650,22035
2013,410655,3887
2013,410657,4383
2013,410660,21107
2013,410670,4656
2013,410680,18702
2013,410685,3185
2013,410690,1848946
2013,410700,14620
2013,410710,5540
2013,410712,3583
2013,410715,5223
2013,410720,38385
2013,410725,8007
2013,410730,6024
2013,410740,6223
2013,410750,14298
2013,410752,1946
2013,410753,4202
2013,410754,4642
2013,410755,3456
2013,410760,17006
2013,410765,89037
2013,410770,4917
2013,410773,6008
2013,410775,8364
2013,410780,5149
2013,410785,4822
2013,410790,6324
2013,410800,11328
2013,410810,2650
2013,410820,7468
2013,410830,263508
2013,410832,6483
2013,410840,84437
2013,410845,5346
2013,410850,14039
2013,410855,3315
2013,410860,29743
2013,410865,7590
2013,410870,6515
2013,410880,32190
2013,410890,6468
2013,410895,8343
2013,410900,3968
2013,410910,2289
2013,410920,5373
2013,410930,14372
2013,410940,175779
2013,410950,8012
2013,410960,34338
2013,410965,5902
2013,410970,30242
2013,410975,6306
2013,410980,51255
2013,410990,8809
2013,411000,4205
2013,411005,2299
2013,411007,12087
2013,411010,30359
2013,411020,11282
2013,411030,3100
2013,411040,4456
2013,411050,14809
2013,411060,15078
2013,411065,2564
2013,411070,58957
2013,411080,10773
2013,411090,4659
2013,411095,9869
2013,411100,6887
2013,411110,6173
2013,411120,11211
2013,411125,25974
2013,411130,3476
2013,411140,13451
2013,411150,32699
2013,411155,7901
2013,411160,3159
2013,411170,5135
2013,411180,40221
2013,411190,12939
2013,411200,34096
2013,411210,21057
2013,411220,6341
2013,411230,5058
2013,411240,9020
2013,411250,12371
2013,411260,1424
2013,411270,12387
2013,411275,9072
2013,411280,11347
2013,411290,3483
2013,411295,7755
2013,411300,6897
2013,411310,4511
2013,411320,47023
2013,411325,6384
2013,411330,31936
2013,411340,4200
2013,411342,3891
2013,411345,5309
2013,411350,22288
2013,411360,4626
2013,411370,537566
2013,411373,7487
2013,411375,5193
2013,411380,4805
2013,411390,13475
2013,411400,14095
2013,411410,21156
2013,411420,34006
2013,411430,24112
2013,411435,3053
2013,411440,17402
2013,411450,13610
2013,411460,49773
2013,411470,6034
2013,411480,33794
2013,411490,9088
2013,411500,7100
2013,411510,10526
2013,411520,385753
2013,411530,6529
2013,411535,5810
2013,411540,14397
2013,411545,4965
2013,411550,4745
2013,411560,17026
2013,411570,31690
2013,411573,3765
2013,411575,9355
2013,411580,44149
2013,411585,5316
2013,411590,2355
2013,411600,1896
2013,411605,10813
2013,411610,12800
2013,411620,16325
2013,411630,3857
2013,411640,4053
2013,411650,1500
2013,411660,3560
2013,411670,11786
2013,411680,7023
2013,411690,27678
2013,411695,5218
2013,411700,8363
2013,411705,12010
2013,411710,13452
2013,411720,5733
2013,411721,4106
2013,411722,7994
2013,411725,10698
2013,411727,7100
2013,411729,2906
2013,411730,23646
2013,411740,3482
2013,411745,5927
2013,411750,38385
2013,411760,46294
2013,411770,33469
2013,411780,14780
2013,411790,30327
2013,411800,12661
2013,411810,10863
2013,411820,148232
2013,411830,2980
2013,411840,85643
2013,411845,5170
2013,411850,77230
2013,411860,5700
2013,411870,7219
2013,411880,14087
2013,411885,5923
2013,411890,10765
2013,411900,6822
2013,411910,11956
2013,411915,124528
2013,411920,6409
2013,411925,2724
2013,411930,31617
2013,411940,24613
2013,411950,101053
2013,411960,32841
2013,411965,3004
2013,411970,4250
2013,411980,13964
2013,411990,331084
2013,411995,23261
2013,412000,14203
2013,412010,4727
2013,412015,3640
2013,412020,2605
2013,412030,4138
2013,412033,3614
2013,412035,5643
2013,412040,5056
2013,412050,11199
2013,412060,50983
2013,412065,4887
2013,412070,7344
2013,412080,21417
2013,412085,3963
2013,412090,32393
2013,412100,12171
2013,412110,5077
2013,412120,18089
2013,412125,4332
2013,412130,4018
2013,412135,2868
2013,412140,16932
2013,412150,14752
2013,412160,6989
2013,412170,26268
2013,412175,7697
2013,412180,10956
2013,412190,13740
2013,412200,14809
2013,412210,3385
2013,412215,13524
2013,412217,4056
2013,412220,31947
2013,412230,32911
2013,412240,61837
2013,412250,11365
2013,412260,9391
2013,412265,5509
2013,412270,6462
2013,412280,4287
2013,412290,5246
2013,412300,14357
2013,412310,3769
2013,412320,3654
2013,412330,8222
2013,412340,11158
2013,412350,24895
2013,412360,1804
2013,412370,8935
2013,412380,13908
2013,412382,3997
2013,412385,11315
2013,412390,12562
2013,412395,3780
2013,412400,5315
2013,412402,10548
2013,412405,22127
2013,412410,44754
2013,412420,2774
2013,412430,2387
2013,412440,19748
2013,412450,5455
2013,412460,6668
2013,412470,11588
2013,412480,10777
2013,412490,6051
2013,412500,11461
2013,412510,14462
2013,412520,9313
2013,412530,5671
2013,412535,6088
2013,412540,6596
2013,412545,3880
2013,412550,287792
2013,412555,2170
2013,412560,43750
2013,412570,26920
2013,412575,6495
2013,412580,10664
2013,412590,2506
2013,412600,8917
2013,412610,5595
2013,412620,6912
2013,412625,88365
2013,412627,5293
2013,412630,19154
2013,412635,4667
2013,412640,5820
2013,412650,16255
2013,412660,19661
2013,412665,3366
2013,412667,13298
2013,412670,4915
2013,412680,15434
2013,412690,5906
2013,412700,11140
2013,412710,74270
2013,412720,16562
2013,412730,16063
2013,412740,17402
2013,412750,20184
2013,412760,15575
2013,412770,128448
2013,412780,8776
2013,412785,12196
2013,412788,7127
2013,412790,8887
2013,412795,8243
2013,412796,13937
2013,412800,21971
2013,412810,106387
2013,412820,55467
2013,412830,2570
2013,412840,11729
2013,412850,19838
2013,412853,10763
2013,412855,9081
2013,412860,7911
2013,412862,3159
2013,412863,5837
2013,412865,4075
2013,412870,6775
2013,412880,6077
2013,420005,2656
2013,420010,17584
2013,420020,9957
2013,420030,5172
2013,420040,7110
2013,420050,6313
2013,420055,2430
2013,420060,5926
2013,420070,9737
2013,420075,2007
2013,420080,6145
2013,420090,5166
2013,420100,8230
2013,420110,3259
2013,420120,7906
2013,420125,10099
2013,420127,4270
2013,420130,29593
2013,420140,64405
2013,420150,8159
2013,420160,3562
2013,420165,2281
2013,420170,7683
2013,420180,3310
2013,420190,5661
2013,420195,10876
2013,420200,120926
2013,420205,9330
2013,420207,9259
2013,420208,2865
2013,420209,1842
2013,420210,24943
2013,420213,6191
2013,420215,2692
2013,420220,10906
2013,420230,62383
2013,420240,329082
2013,420243,3393
2013,420245,16311
2013,420250,4566
2013,420253,2721
2013,420257,2160
2013,420260,9397
2013,420270,4785
2013,420280,30868
2013,420285,3599
2013,420287,2741
2013,420290,116634
2013,420300,74276
2013,420310,6274
2013,420315,3416
2013,420320,70068
2013,420325,2711
2013,420330,11972
2013,420340,7419
2013,420350,9203
2013,420360,34386
2013,420370,11286
2013,420380,53969
2013,420390,21726
2013,420395,23018
2013,420400,10112
2013,420410,4208
2013,420415,2792
2013,420417,3472
2013,420419,2871
2013,420420,198188
2013,420425,15860
2013,420430,71499
2013,420435,4043
2013,420440,10272
2013,420445,2520
2013,420450,14716
2013,420455,14301
2013,420460,202395
2013,420470,10905
2013,420475,1931
2013,420480,38890
2013,420490,8612
2013,420500,15227
2013,420510,3912
2013,420515,3828
2013,420517,3118
2013,420519,2081
2013,420520,4448
2013,420530,10797
2013,420535,1605
2013,420540,453285
2013,420543,2603
2013,420545,24256
2013,420550,35618
2013,420555,2354
2013,420560,3379
2013,420570,20024
2013,420580,16081
2013,420590,62618
2013,420600,13655
2013,420610,6418
2013,420620,11064
2013,420630,20474
2013,420640,10492
2013,420650,38851
2013,420660,5054
2013,420665,4746
2013,420670,21961
2013,420675,1973
2013,420680,3359
2013,420690,18097
2013,420700,51416
2013,420710,13124
2013,420720,11301
2013,420730,42244
2013,420740,5946
2013,420750,60433
2013,420757,2842
2013,420760,4713
2013,420765,8714
2013,420768,7123
2013,420770,7435
2013,420775,4212
2013,420780,9948
2013,420785,2067
2013,420790,10843
2013,420800,6420
2013,420810,21015
2013,420820,197809
2013,420830,52923
2013,420840,16107
2013,420845,16899
2013,420850,23490
2013,420860,4057
2013,420870,10677
2013,420880,18425
2013,420890,156519
2013,420895,1721
2013,420900,28398
2013,420910,546981
2013,420915,4837
2013,420917,2158
2013,420920,2242
2013,420930,158961
2013,420940,43979
2013,420945,1488
2013,420950,6402
2013,420960,14841
2013,420970,12077
2013,420980,3298
2013,420985,4674
2013,420990,11005
2013,421000,11395
2013,421003,5698
2013,421005,1831
2013,421010,54708
2013,421020,3375
2013,421030,7782
2013,421040,6784
2013,421050,23602
2013,421055,2094
2013,421060,15586
2013,421070,2767
2013,421080,7085
2013,421085,2476
2013,421090,4147
2013,421100,10877
2013,421105,9604
2013,421110,8478
2013,421120,16888
2013,421125,2928
2013,421130,68337
2013,421140,4577
2013,421145,4338
2013,421150,13135
2013,421160,14098
2013,421165,2681
2013,421170,22171
2013,421175,17349
2013,421180,7436
2013,421185,2281
2013,421187,1698
2013,421189,2385
2013,421190,150623
2013,421200,7747
2013,421205,2488
2013,421210,16270
2013,421220,18568
2013,421223,3915
2013,421225,7447
2013,421227,4387
2013,421230,7045
2013,421240,4110
2013,421250,27936
2013,421260,2958
2013,421265,9687
2013,421270,6140
2013,421280,19329
2013,421290,17868
2013,421300,3310
2013,421310,4533
2013,421315,2761
2013,421320,30009
2013,421330,4885
2013,421335,3381
2013,421340,11358
2013,421350,18066
2013,421360,34551
2013,421370,15882
2013,421380,7377
2013,421390,1691
2013,421400,15943
2013,421410,2314
2013,421415,2848
2013,421420,10255
2013,421430,2827
2013,421440,6245
2013,421450,6185
2013,421460,7319
2013,421470,10879
2013,421480,65256
2013,421490,4557
2013,421500,41167
2013,421505,2482
2013,421507,4810
2013,421510,11270
2013,421520,5421
2013,421530,7553
2013,421535,3948
2013,421540,4495
2013,421545,11294
2013,421550,16315
2013,421555,2354
2013,421560,2116
2013,421565,8261
2013,421567,8883
2013,421568,2776
2013,421569,1414
2013,421570,21221
2013,421575,2641
2013,421580,78998
2013,421590,2989
2013,421600,10753
2013,421605,5255
2013,421610,9530
2013,421620,46477
2013,421625,6211
2013,421630,30337
2013,421635,3578
2013,421640,7183
2013,421650,25841
2013,421660,224779
2013,421670,13904
2013,421680,9061
2013,421690,22786
2013,421700,11940
2013,421710,3239
2013,421715,1897
2013,421720,38162
2013,421725,5139
2013,421730,9382
2013,421740,17538
2013,421750,17351
2013,421755,3323
2013,421760,13499
2013,421770,28209
2013,421775,2698
2013,421780,17856
2013,421790,8777
2013,421795,1746
2013,421800,33847
2013,421810,5387
2013,421820,39740
2013,421825,7495
2013,421830,18740
2013,421835,3706
2013,421840,7036
2013,421850,6925
2013,421860,6901
2013,421870,101284
2013,421875,4660
2013,421880,12353
2013,421885,2802
2013,421890,11012
2013,421895,2507
2013,421900,20826
2013,421910,3590
2013,421915,2718
2013,421917,4752
2013,421920,6377
2013,421930,49768
2013,421935,5190
2013,421940,3769
2013,421950,46981
2013,421960,4124
2013,421970,27039
2013,421985,3153
2013,422000,11628
2013,430003,4638
2013,430005,3838
2013,430010,17161
2013,430020,7420
2013,430030,7010
2013,430040,79054
2013,430045,4244
2013,430047,2106
2013,430050,7871
2013,430055,1856
2013,430057,3035
2013,430060,204750
2013,430063,6693
2013,430064,7560
2013,430066,1278
2013,430070,6235
2013,430080,13263
2013,430085,3778
2013,430087,5195
2013,430090,6687
2013,430100,19792
2013,430105,8488
2013,430107,2857
2013,430110,14132
2013,430120,13235
2013,430130,18979
2013,430140,10573
2013,430150,7206
2013,430155,3748
2013,430160,121235
2013,430163,11895
2013,430165,6008
2013,430170,6744
2013,430175,7331
2013,430180,5498
2013,430185,3216
2013,430187,4176
2013,430190,13150
2013,430192,1993
2013,430195,2476
2013,430200,11478
2013,430205,2305
2013,430210,111384
2013,430215,2173
2013,430220,6800
2013,430222,2520
2013,430223,2537
2013,430225,2860
2013,430230,11823
2013,430235,12644
2013,430237,2311
2013,430240,12004
2013,430245,7910
2013,430250,6953
2013,430258,2248
2013,430260,3735
2013,430265,4902
2013,430270,21131
2013,430280,34676
2013,430290,13834
2013,430300,85955
2013,430310,124472
2013,430320,5056
2013,430330,5075
2013,430340,5148
2013,430350,65409
2013,430355,2701
2013,430360,6712
2013,430367,3375
2013,430370,6156
2013,430380,5658
2013,430390,63339
2013,430400,5404
2013,430410,3559
2013,430420,31334
2013,430430,6654
2013,430435,9214
2013,430440,41682
2013,430450,55462
2013,430460,338531
2013,430461,1841
2013,430462,1783
2013,430463,45744
2013,430465,3318
2013,430466,25256
2013,430467,4177
2013,430468,12323
2013,430469,2741
2013,430470,61702
2013,430471,7742
2013,430480,26976
2013,430485,1604
2013,430490,8993
2013,430495,3139
2013,430500,9477
2013,430510,465304
2013,430511,3036
2013,430512,6523
2013,430513,4639
2013,430515,2465
2013,430517,11012
2013,430520,13872
2013,430530,9631
2013,430535,37589
2013,430537,3532
2013,430540,4100
2013,430543,6269
2013,430544,5201
2013,430545,13844
2013,430550,5029
2013,430558,2497
2013,430560,3572
2013,430570,6791
2013,430580,10077
2013,430583,1567
2013,430585,2497
2013,430587,2546
2013,430590,7885
2013,430593,1754
2013,430595,4019
2013,430597,2895
2013,430600,14360
2013,430605,7659
2013,430607,2915
2013,430610,64126
2013,430613,2136
2013,430620,12876
2013,430630,4834
2013,430632,3199
2013,430635,2853
2013,430637,3144
2013,430640,29528
2013,430642,2192
2013,430645,3403
2013,430650,15038
2013,430655,2623
2013,430660,39957
2013,430670,3421
2013,430673,5301
2013,430675,2082
2013,430676,36911
2013,430680,21609
2013,430690,25563
2013,430692,1462
2013,430693,9101
2013,430695,3108
2013,430697,3063
2013,430700,101122
2013,430705,3198
2013,430710,6969
2013,430720,5248
2013,430730,7899
2013,430740,3287
2013,430745,3291
2013,430750,15770
2013,430755,6178
2013,430760,45500
2013,430770,83700
2013,430780,32309
2013,430781,3741
2013,430783,2795
2013,430786,2689
2013,430790,67465
2013,430800,6871
2013,430805,2587
2013,430807,3993
2013,430810,12992
2013,430820,28739
2013,430825,2021
2013,430830,10945
2013,430840,7144
2013,430843,2537
2013,430845,4654
2013,430850,30251
2013,430860,32578
2013,430865,3260
2013,430870,5963
2013,430880,8685
2013,430885,1717
2013,430890,16647
2013,430900,17343
2013,430905,7364
2013,430910,34110
2013,430912,2295
2013,430915,4168
2013,430920,269022
2013,430925,1625
2013,430930,98688
2013,430940,24142
2013,430950,8227
2013,430955,4517
2013,430957,3056
2013,430960,19112
2013,430965,6386
2013,430970,5030
2013,430975,4516
2013,430980,4850
2013,430990,7422
2013,430995,4170
2013,431000,20116
2013,431010,33711
2013,431020,82276
2013,431030,4215
2013,431033,19338
2013,431036,3135
2013,431040,6714
2013,431041,2324
2013,431043,6334
2013,431046,1990
2013,431050,8132
2013,431053,5268
2013,431055,3549
2013,431057,2358
2013,431060,39173
2013,431065,2625
2013,431070,4106
2013,431075,2166
2013,431080,21450
2013,431085,4156
2013,431087,2623
2013,431090,3724
2013,431100,28482
2013,431110,11675
2013,431112,4199
2013,431113,3665
2013,431115,8629
2013,431120,20097
2013,431123,2795
2013,431125,6467
2013,431127,1648
2013,431130,28406
2013,431140,76187
2013,431142,2579
2013,431150,7862
2013,431160,5827
2013,431162,5567
2013,431164,1692
2013,431170,5660
2013,431171,4845
2013,431173,3087
2013,431175,7333
2013,431177,7068
2013,431179,2639
2013,431180,39182
2013,431190,5123
2013,431198,3906
2013,431200,2235
2013,431205,4176
2013,431210,5198
2013,431213,2559
2013,431215,4126
2013,431217,1819
2013,431220,4938
2013,431225,7956
2013,431230,4990
2013,431235,1568
2013,431237,3221
2013,431238,2720
2013,431240,62484
2013,431242,2906
2013,431244,3225
2013,431245,6488
2013,431247,6008
2013,431250,12637
2013,431260,4970
2013,431261,3116
2013,431262,1885
2013,431265,16785
2013,431267,1763
2013,431270,12348
2013,431275,3376
2013,431280,4289
2013,431290,9343
2013,431295,1978
2013,431300,3311
2013,431301,2822
2013,431303,4962
2013,431306,19620
2013,431308,2545
2013,431310,6569
2013,431320,20126
2013,431330,24495
2013,431333,2466
2013,431335,3520
2013,431337,24859
2013,431339,4045
2013,431340,247781
2013,431342,3907
2013,431344,2330
2013,431346,1801
2013,431349,4138
2013,431350,43256
2013,431360,4276
2013,431365,11372
2013,431370,35120
2013,431380,7156
2013,431390,40439
2013,431395,10029
2013,431400,7203
2013,431402,7615
2013,431403,3686
2013,431405,54599
2013,431406,5421
2013,431407,6307
2013,431410,194432
2013,431413,2284
2013,431415,8382
2013,431417,2226
2013,431420,8024
2013,431430,4070
2013,431440,341180
2013,431442,5462
2013,431445,2602
2013,431446,2151
2013,431447,4577
2013,431449,4715
2013,431450,13047
2013,431454,2681
2013,431455,2738
2013,431460,20614
2013,431470,10739
2013,431475,2094
2013,431477,3982
2013,431478,1757
2013,431480,33212
2013,431490,1467816
2013,431500,5410
2013,431505,2579
2013,431507,1797
2013,431510,10802
2013,431513,1878
2013,431514,2652
2013,431515,6364
2013,431517,2048
2013,431520,4215
2013,431530,23631
2013,431531,1842
2013,431532,2807
2013,431535,3794
2013,431540,10845
2013,431545,2205
2013,431550,16357
2013,431555,3531
2013,431560,206161
2013,431570,38861
2013,431575,4531
2013,431580,10837
2013,431590,5942
2013,431595,2572
2013,431600,20479
2013,431610,10610
2013,431620,5596
2013,431630,7338
2013,431640,40825
2013,431642,2675
2013,431643,2905
2013,431645,12360
2013,431647,2762
2013,431650,7182
2013,431660,16029
2013,431670,8905
2013,431673,1700
2013,431675,6068
2013,431680,124577
2013,431690,273489
2013,431695,6295
2013,431697,2469
2013,431700,8455
2013,431710,83702
2013,431720,71665
2013,431725,1782
2013,431730,31618
2013,431740,50608
2013,431750,78836
2013,431755,2200
2013,431760,41579
2013,431770,11312
2013,431775,2053
2013,431780,14365
2013,431790,14778
2013,431795,2504
2013,431800,63194
2013,431805,3046
2013,431810,19621
2013,431820,21408
2013,431830,62594
2013,431840,23263
2013,431842,4851
2013,431843,2657
2013,431844,2850
2013,431845,2761
2013,431846,2217
2013,431848,4373
2013,431849,2237
2013,431850,26721
2013,431860,7116
2013,431861,2218
2013,431862,3441
2013,431870,225520
2013,431880,44498
2013,431890,35344
2013,431900,21024
2013,431910,5868
2013,431912,3303
2013,431915,7698
2013,431920,5794
2013,431930,6425
2013,431935,3522
2013,431936,1969
2013,431937,2975
2013,431940,16817
2013,431950,23128
2013,431960,24465
2013,431970,3665
2013,431971,2249
2013,431973,2743
2013,431975,2062
2013,431980,8754
2013,431990,78718
2013,432000,137104
2013,432010,22632
2013,432020,11188
2013,432023,3078
2013,432026,7343
2013,432030,5114
2013,432032,2890
2013,432035,5438
2013,432040,15401
2013,432045,2277
2013,432050,6285
2013,432055,6166
2013,432057,2153
2013,432060,3915
2013,432065,2495
2013,432067,10390
2013,432070,14861
2013,432080,31150
2013,432085,4385
2013,432090,20905
2013,432100,10789
2013,432110,17273
2013,432120,56896
2013,432130,27039
2013,432132,3078
2013,432135,5539
2013,432140,14075
2013,432143,10467
2013,432145,29411
2013,432146,2874
2013,432147,6484
2013,432149,3007
2013,432150,36595
2013,432160,45079
2013,432162,2387
2013,432163,2898
2013,432166,10707
2013,432170,25535
2013,432180,24471
2013,432183,2953
2013,432185,4487
2013,432190,24665
2013,432195,5962
2013,432200,27394
2013,432210,6024
2013,432215,4565
2013,432218,1598
2013,432220,23314
2013,432225,4248
2013,432230,8663
2013,432232,3608
2013,432234,2302
2013,432235,1457
2013,432237,2497
2013,432240,129504
2013,432250,64252
2013,432252,3404
2013,432253,11563
2013,432254,5447
2013,432255,2071
2013,432260,69154
2013,432270,25338
2013,432280,24252
2013,432285,1997
2013,432290,5344
2013,432300,250028
2013,432310,5305
2013,432320,3091
2013,432330,3341
2013,432335,2202
2013,432340,4377
2013,432345,4359
2013,432350,2899
2013,432360,1614
2013,432370,2862
2013,432375,3510
2013,432377,2925
2013,432380,13689
2013,500020,13938
2013,500025,4883
2013,500060,36686
2013,500070,24534
2013,500080,8758
2013,500085,9829
2013,500090,8545
2013,500100,23733
2013,500110,46830
2013,500124,11014
2013,500150,6747
2013,500190,21142
2013,500200,11167
2013,500210,23888
2013,500215,7979
2013,500220,20597
2013,500230,11943
2013,500240,27554
2013,500260,13770
2013,500270,832352
2013,500280,5699
2013,500290,21491
2013,500295,21257
2013,500310,5289
2013,500315,14607
2013,500320,107347
2013,500325,18835
2013,500330,32948
2013,500345,12524
2013,500348,10793
2013,500350,5616
2013,500370,207498
2013,500375,12029
2013,500380,19260
2013,500390,2997
2013,500400,10025
2013,500410,10287
2013,500430,15429
2013,500440,7711
2013,500450,22231
2013,500460,19672
2013,500470,22832
2013,500480,8288
2013,500490,6696
2013,500500,25180
2013,500510,4051
2013,500515,6241
2013,500520,21106
2013,500525,6851
2013,500540,41099
2013,500560,26670
2013,500568,17658
2013,500570,49827
2013,500580,14379
2013,500600,18503
2013,500620,49104
2013,500625,4581
2013,500627,4942
2013,500630,41227
2013,500635,13123
2013,500640,7908
2013,500660,83747
2013,500690,16162
2013,500710,22429
2013,500720,33362
2013,500730,4989
2013,500740,19351
2013,500750,5156
2013,500755,7530
2013,500769,24035
2013,500770,10876
2013,500780,6427
2013,500790,48027
2013,500793,16543
2013,500795,10777
2013,500797,3570
2013,500800,18942
2013,500830,109633
2013,500840,6013
2013,510010,5431
2013,510020,22549
2013,510025,49761
2013,510030,16818
2013,510035,5809
2013,510040,10909
2013,510050,10476
2013,510060,9070
2013,510080,9094
2013,510100,3133
2013,510120,1024
2013,510125,15803
2013,510130,9955
2013,510140,19919
2013,510160,7565
2013,510170,33022
2013,510180,57791
2013,510185,5756
2013,510190,16895
2013,510250,89683
2013,510260,14827
2013,510263,30335
2013,510267,35578
2013,510268,5778
2013,510269,4728
2013,510270,19681
2013,510279,10626
2013,510285,8353
2013,510300,18393
2013,510305,11366
2013,510310,5525
2013,510320,31515
2013,510325,30848
2013,510330,19045
2013,510335,27144
2013,510336,3607
2013,510337,16689
2013,510340,569830
2013,510343,4961
2013,510345,8816
2013,510350,20822
2013,510360,8101
2013,510370,12088
2013,510380,3651
2013,510385,6761
2013,510390,5215
2013,510395,3072
2013,510410,33326
2013,510420,14304
2013,510450,2491
2013,510452,6057
2013,510454,5794
2013,510455,4238
2013,510460,12109
2013,510480,26157
2013,510490,7851
2013,510500,9728
2013,510510,33353
2013,510515,39592
2013,510517,12900
2013,510520,11252
2013,510523,5647
2013,510525,52843
2013,510530,2148
2013,510550,14999
2013,510558,11324
2013,510560,14973
2013,510562,26002
2013,510590,15002
2013,510600,6209
2013,510610,11497
2013,510615,12946
2013,510617,3318
2013,510618,5824
2013,510619,3534
2013,510620,4252
2013,510621,12295
2013,510622,36659
2013,510623,18437
2013,510624,10207
2013,510625,20143
2013,510626,7979
2013,510627,3815
2013,510628,5611
2013,510629,10801
2013,510630,20383
2013,510631,2232
2013,510637,16348
2013,510642,32100
2013,510645,2683
2013,510650,32053
2013,510665,5855
2013,510670,1679
2013,510675,42605
2013,510677,11336
2013,510680,5389
2013,510682,11317
2013,510685,3354
2013,510700,16919
2013,510704,55451
2013,510706,14631
2013,510710,18801
2013,510715,2612
2013,510718,9316
2013,510719,2259
2013,510720,5063
2013,510724,4219
2013,510726,3025
2013,510729,3741
2013,510730,18339
2013,510735,5333
2013,510740,4341
2013,510757,3726
2013,510760,208019
2013,510770,17393
2013,510774,2139
2013,510775,3666
2013,510776,2831
2013,510777,7709
2013,510779,4275
2013,510780,19302
2013,510785,10951
2013,510787,20934
2013,510788,1463
2013,510790,123634
2013,510792,75104
2013,510794,9678
2013,510795,90252
2013,510800,11586
2013,510805,10621
2013,510810,3482
2013,510820,3859
2013,510830,3639
2013,510835,3050
2013,510840,262880
2013,510850,10561
2013,510860,22990
2013,510880,4731
2013,510885,3052
2013,510890,7323
2013,510895,8444
2013,520005,7567
2013,520010,17326
2013,520013,21366
2013,520015,2550
2013,520017,5395
2013,520020,2021
2013,520025,177890
2013,520030,25468
2013,520050,2089
2013,520055,5140
2013,520060,7262
2013,520080,8448
2013,520082,3625
2013,520085,5813
2013,520090,3570
2013,520110,357402
2013,520120,1082
2013,520130,21195
2013,520140,500619
2013,520145,2501
2013,520150,4008
2013,520160,3823
2013,520170,19267
2013,520180,9108
2013,520215,7772
2013,520235,3180
2013,520250,8335
2013,520260,3599
2013,520280,2504
2013,520310,4197
2013,520320,9606
2013,520330,26642
2013,520340,8752
2013,520350,22479
2013,520355,8319
2013,520357,3838
2013,520360,3444
2013,520380,5724
2013,520390,9395
2013,520393,2606
2013,520396,3398
2013,520400,7717
2013,520410,11348
2013,520420,1436
2013,520425,8414
2013,520430,14364
2013,520440,17773
2013,520450,77899
2013,520455,3540
2013,520460,3539
2013,520465,3745
2013,520470,11807
2013,520480,6631
2013,520485,6821
2013,520490,19282
2013,520495,4365
2013,520500,9470
2013,520505,3676
2013,520510,94896
2013,520520,4910
2013,520530,9719
2013,520540,21652
2013,520545,8026
2013,520547,8042
2013,520549,61552
2013,520551,18623
2013,520552,3575
2013,520570,2616
2013,520580,10829
2013,520590,8809
2013,520620,51149
2013,520630,3016
2013,520640,16487
2013,520650,3627
2013,520660,3010
2013,520670,3381
2013,520680,2869
2013,520690,2119
2013,520710,2544
2013,520725,7938
2013,520735,3819
2013,520740,11854
2013,520750,3393
2013,520753,7064
2013,520760,6298
2013,520780,12342
2013,520790,13596
2013,520800,108503
2013,520810,4835
2013,520815,3545
2013,520830,5046
2013,520840,11001
2013,520850,5491
2013,520860,63938
2013,520870,1393575
2013,520880,37713
2013,520890,24793
2013,520910,33759
2013,520915,5334
2013,520920,14397
2013,520929,2333
2013,520940,4267
2013,520945,2221
2013,520960,3704
2013,520970,19015
2013,520980,4006
2013,520990,13159
2013,520993,5979
2013,520995,14560
2013,521000,50736
2013,521010,25980
2013,521015,2930
2013,521020,32143
2013,521030,2938
2013,521040,38324
2013,521056,4673
2013,521060,5521
2013,521080,5050
2013,521090,20161
2013,521100,7264
2013,521120,26695
2013,521130,6700
2013,521140,8893
2013,521150,98484
2013,521160,2651
2013,521170,6291
2013,521180,45291
2013,521190,93759
2013,521200,3044
2013,521205,2411
2013,521210,7374
2013,521220,19458
2013,521225,1377
2013,521230,8133
2013,521250,188181
2013,521260,2433
2013,521270,7596
2013,521280,10610
2013,521290,2169
2013,521295,4510
2013,521300,12513
2013,521305,2730
2013,521308,31384
2013,521310,58062
2013,521340,1744
2013,521350,8166
2013,521370,8210
2013,521375,11611
2013,521377,4325
2013,521380,43792
2013,521385,2387
2013,521390,4940
2013,521400,14360
2013,521405,6180
2013,521410,3928
2013,521440,8421
2013,521450,26364
2013,521460,44540
2013,521470,2342
2013,521480,2155
2013,521483,12488
2013,521486,8633
2013,521487,2926
2013,521490,3504
2013,521500,8806
2013,521520,3445
2013,521523,103085
2013,521525,4204
2013,521530,15024
2013,521540,4062
2013,521550,5933
2013,521560,30059
2013,521565,3482
2013,521570,25437
2013,521580,2407
2013,521590,3656
2013,521600,2733
2013,521630,9593
2013,521640,11175
2013,521645,3074
2013,521680,10545
2013,521690,2703
2013,521710,24708
2013,521720,11314
2013,521730,24111
2013,521740,30232
2013,521760,86014
2013,521770,17749
2013,521800,44265
2013,521805,3577
2013,521810,3984
2013,521830,33712
2013,521839,3401
2013,521850,46187
2013,521860,10899
2013,521870,4747
2013,521878,3724
2013,521880,197048
2013,521890,19661
2013,521900,7766
2013,521910,6118
2013,521920,3144
2013,521925,5073
2013,521930,37994
2013,521935,3814
2013,521940,7599
2013,521945,3301
2013,521950,2823
2013,521960,3923
2013,521970,10142
2013,521971,4644
2013,521973,5253
2013,521975,67993
2013,521980,12016
2013,521990,6315
2013,522000,11467
2013,522005,1649
2013,522010,31832
2013,522015,4884
2013,522020,22773
2013,522026,3935
2013,522028,2054
2013,522040,18493
2013,522045,95018
2013,522050,7962
2013,522060,19976
2013,522068,6773
2013,522070,2941
2013,522100,3628
2013,522108,3213
2013,522119,7132
2013,522130,2895
2013,522140,113447
2013,522145,3553
2013,522150,4897
2013,522155,4751
2013,522157,2986
2013,522160,38854
2013,522170,14184
2013,522180,3153
2013,522185,146694
2013,522190,3798
2013,522200,13227
2013,522205,7933
2013,522220,5246
2013,522230,5460
2013,530010,2789761
2015,110001,25578
2015,110002,104401
2015,110003,6355
2015,110004,87226
2015,110005,17986
2015,110006,18817
2015,110007,8842
2015,110008,16651
2015,110009,32385
2015,110010,46632
2015,110011,55738
2015,110012,130419
2015,110013,37167
2015,110014,21592
2015,110015,39924
2015,110018,37512
2015,110020,502748
2015,110025,22557
2015,110026,3750
2015,110028,56242
2015,110029,8532
2015,110030,91801
2015,110032,23933
2015,110033,27600
2015,110034,17063
2015,110037,13940
2015,110040,20210
2015,110045,37838
2015,110050,10276
2015,110060,6367
2015,110070,14220
2015,110080,24155
2015,110090,3617
2015,110092,10129
2015,110094,20974
2015,110100,10127
2015,110110,9995
2015,110120,10823
2015,110130,12360
2015,110140,15873
2015,110143,7824
2015,110145,5697
2015,110146,2424
2015,110147,3501
2015,110148,6103
2015,110149,19002
2015,110150,12581
2015,110155,5003
2015,110160,11347
2015,110170,13293
2015,110175,10843
2015,110180,8231
2015,120001,13869
2015,120005,6738
2015,120010,23849
2015,120013,9339
2015,120017,10498
2015,120020,81519
2015,120025,16731
2015,120030,32385
2015,120032,7509
2015,120033,17173
2015,120034,8641
2015,120035,16895
2015,120038,18159
2015,120039,10759
2015,120040,370550
2015,120042,16974
2015,120043,5809
2015,120045,21182
2015,120050,41750
2015,120060,38819
2015,120070,17608
2015,120080,16757
2015,130002,15545
2015,130006,10847
2015,130008,12320
2015,130010,19292
2015,130014,20648
2015,130020,18133
2015,130030,37033
2015,130040,27433
2015,130050,30658
2015,130060,39484
2015,130063,18171
2015,130068,17668
2015,130070,33498
2015,130080,39292
2015,130083,12420
2015,130090,15130
2015,130100,27880
2015,130110,36435
2015,130115,27981
2015,130120,83078
2015,130130,26777
2015,130140,34025
2015,130150,18786
2015,130160,20742
2015,130165,15826
2015,130170,51302
2015,130180,26860
2015,130185,45984
2015,130190,97122
2015,130195,8179
2015,130200,8953
2015,130210,5125
2015,130220,13198
2015,130230,16585
2015,130240,43263
2015,130250,94175
2015,130255,28413
2015,130260,2057711
2015,130270,53053
2015,130280,18423
2015,130290,59983
2015,130300,20358
2015,130310,35156
2015,130320,17671
2015,130330,24315
2015,130340,111575
2015,130350,19378
2015,130353,32812
2015,130356,30530
2015,130360,22404
2015,130370,23688
2015,130380,43094
2015,130390,36536
2015,130395,12781
2015,130400,9081
2015,130406,61028
2015,130410,18152
2015,130420,62444
2015,130423,18478
2015,130426,13121
2015,130430,17163
2015,130440,21140
2015,140002,11006
2015,140005,16176
2015,140010,320714
2015,140015,11739
2015,140017,16149
2015,140020,20261
2015,140023,9165
2015,140028,10320
2015,140030,16380
2015,140040,10148
2015,140045,11908
2015,140047,27288
2015,140050,7516
2015,140060,7407
2015,140070,9488
2015,150010,150431
2015,150013,7126
2015,150020,54064
2015,150030,37398
2015,150034,26305
2015,150040,54662
2015,150050,33372
2015,150060,108382
2015,150070,27540
2015,150080,505404
2015,150085,25414
2015,150090,43700
2015,150095,29492
2015,150100,15953
2015,150110,28292
2015,150120,43757
2015,150125,3267
2015,150130,115779
2015,150140,1439561
2015,150145,17036
2015,150150,58637
2015,150157,16227
2015,150160,15282
2015,150170,121528
2015,150172,14984
2015,150175,7232
2015,150178,61222
2015,150180,98231
2015,150190,27689
2015,150195,31300
2015,150200,22449
2015,150210,130868
2015,150215,33632
2015,150220,66353
2015,150230,52693
2015,150240,189784
2015,150250,22566
2015,150260,11682
2015,150270,46395
2015,150275,31352
2015,150276,12423
2015,150277,17709
2015,150280,32248
2015,150285,13562
2015,150290,37800
2015,150293,56398
2015,150295,32664
2015,150300,7333
2015,150304,19261
2015,150307,25326
2015,150309,37975
2015,150310,31623
2015,150320,37333
2015,150330,60343
2015,150340,11053
2015,150345,58558
2015,150350,31654
2015,150360,98446
2015,150370,51775
2015,150375,9677
2015,150380,56006
2015,150390,53989
2015,150400,27368
2015,150405,28959
2015,150410,8279
2015,150420,262085
2015,150430,28656
2015,150440,27368
2015,150442,122916
2015,150445,29887
2015,150450,26397
2015,150460,29398
2015,150470,77385
2015,150475,15446
2015,150480,56312
2015,150490,37977
2015,150495,20663
2015,150497,15836
2015,150500,14635
2015,150503,25135
2015,150506,70835
2015,150510,50459
2015,150520,30880
2015,150530,69024
2015,150540,17114
2015,150543,30776
2015,150548,44778
2015,150549,7424
2015,150550,107010
2015,150553,189921
2015,150555,5535
2015,150560,7874
2015,150563,12675
2015,150565,28533
2015,150570,29160
2015,150580,58282
2015,150590,38471
2015,150600,29200
2015,150610,10485
2015,150611,13044
2015,150613,80797
2015,150616,17738
2015,150618,49977
2015,150619,46804
2015,150620,39078
2015,150630,22370
2015,150635,19645
2015,150640,9417
2015,150650,66490
2015,150655,19383
2015,150658,19925
2015,150660,23927
2015,150670,67033
2015,150680,292520
2015,150690,6437
2015,150700,29629
2015,150710,17420
2015,150715,24451
2015,150720,30847
2015,150730,116186
2015,150740,15380
2015,150745,24607
2015,150746,5795
2015,150747,21991
2015,150750,13521
2015,150760,55942
2015,150770,25161
2015,150775,5587
2015,150780,11827
2015,150790,24286
2015,150795,97161
2015,150796,11120
2015,150797,17946
2015,150800,60456
2015,150803,29465
2015,150805,18084
2015,150808,37308
2015,150810,107189
2015,150812,53881
2015,150815,44486
2015,150820,51173
2015,150830,59054
2015,150835,14407
2015,150840,42833
2015,160005,4938
2015,160010,8622
2015,160015,13988
2015,160020,10163
2015,160021,5407
2015,160023,6901
2015,160025,4949
2015,160027,45712
2015,160030,456171
2015,160040,19571
2015,160050,24263
2015,160053,19669
2015,160055,4531
2015,160060,112218
2015,160070,15212
2015,160080,14364
2015,170025,2539
2015,170030,6149
2015,170035,5605
2015,170040,7409
2015,170070,8536
2015,170100,9848
2015,170105,3379
2015,170110,4618
2015,170130,5910
2015,170190,6863
2015,170200,8777
2015,170210,170183
2015,170215,5515
2015,170220,34392
2015,170230,6799
2015,170240,10778
2015,170255,17627
2015,170270,3682
2015,170290,9706
2015,170300,10736
2015,170305,3420
2015,170307,4460
2015,170310,5601
2015,170320,4532
2015,170330,4477
2015,170360,2177
2015,170370,5451
2015,170380,10837
2015,170382,2256
2015,170384,9408
2015,170386,4178
2015,170388,2507
2015,170389,3983
2015,170390,5119
2015,170410,2803
2015,170460,1397
2015,170510,3363
2015,170550,33981
2015,170555,4851
2015,170560,4209
2015,170600,5424
2015,170610,7386
2015,170625,1680
2015,170650,5833
2015,170700,21167
2015,170710,6777
2015,170720,7302
2015,170730,4722
2015,170740,10506
2015,170755,3886
2015,170765,5386
2015,170770,8848
2015,170820,18742
2015,170825,2556
2015,170830,5135
2015,170900,12813
2015,170930,25149
2015,170950,83707
2015,170980,1881
2015,171050,7411
2015,171070,6035
2015,171090,3732
2015,171110,2476
2015,171150,3761
2015,171180,2245
2015,171190,12184
2015,171195,4037
2015,171200,3026
2015,171215,1814
2015,171240,3796
2015,171245,2945
2015,171250,4896
2015,171270,2524
2015,171280,3362
2015,171320,19634
2015,171330,13298
2015,171360,7535
2015,171370,2231
2015,171380,6362
2015,171395,3433
2015,171420,9291
2015,171430,4177
2015,171488,11513
2015,171500,4113
2015,171510,4158
2015,171515,2351
2015,171525,2650
2015,171550,1098
2015,171570,5651
2015,171575,7645
2015,171610,49076
2015,171620,10573
2015,171630,4814
2015,171650,12900
2015,171660,11340
2015,171665,5381
2015,171670,8522
2015,171700,4547
2015,171720,3031
2015,171750,7357
2015,171780,4649
2015,171790,7793
2015,171800,3039
2015,171820,52182
2015,171830,8229
2015,171840,3744
2015,171845,2591
2015,171850,4132
2015,171855,4520
2015,171865,1980
2015,171870,2764
2015,171875,6486
2015,171880,4415
2015,171884,3410
2015,171886,7232
2015,171888,3252
2015,171889,2300
2015,171890,4794
2015,171900,2762
2015,172000,2547
2015,172010,5096
2015,172015,1545
2015,172020,11597
2015,172025,3058
2015,172030,4654
2015,172049,4214
2015,172065,5345
2015,172080,9243
2015,172085,1900
2015,172090,16238
2015,172093,2094
2015,172097,2737
2015,172100,272726
2015,172110,7313
2015,172120,23141
2015,172125,1782
2015,172130,2461
2015,172208,11566
2015,172210,11709
2015,210005,109685
2015,210010,6351
2015,210015,12257
2015,210020,21659
2015,210030,25823
2015,210040,11616
2015,210043,26348
2015,210047,31287
2015,210050,10956
2015,210055,6789
2015,210060,40378
2015,210070,26880
2015,210080,15286
2015,210083,17948
2015,210087,15018
2015,210090,45255
2015,210095,32015
2015,210100,29200
2015,210110,11850
2015,210120,102656
2015,210125,16553
2015,210130,17335
2015,210135,5511
2015,210140,92144
2015,210150,18365
2015,210160,86151
2015,210170,60588
2015,210173,7273
2015,210177,10931
2015,210180,5519
2015,210190,20853
2015,210193,5900
2015,210197,8996
2015,210200,40660
2015,210203,32900
2015,210207,15855
2015,210210,35473
2015,210215,9166
2015,210220,28022
2015,210230,23375
2015,210232,70417
2015,210235,15100
2015,210237,8822
2015,210240,10927
2015,210250,18943
2015,210255,14028
2015,210260,19702
2015,210270,21464
2015,210275,10720
2015,210280,23866
2015,210290,23219
2015,210300,161137
2015,210310,10455
2015,210312,8447
2015,210315,13015
2015,210317,21013
2015,210320,77684
2015,210325,14346
2015,210330,120265
2015,210340,48320
2015,210350,40268
2015,210355,15782
2015,210360,63821
2015,210370,30913
2015,210375,12653
2015,210380,22881
2015,210390,11084
2015,210400,17029
2015,210405,40629
2015,210407,8321
2015,210408,10073
2015,210409,18573
2015,210410,12375
2015,210420,15239
2015,210430,11464
2015,210440,17579
2015,210450,10591
2015,210455,17747
2015,210460,16456
2015,210462,7626
2015,210465,10011
2015,210467,25117
2015,210470,6142
2015,210480,67626
2015,210490,11827
2015,210500,27976
2015,210510,26452
2015,210515,13774
2015,210520,11628
2015,210530,253123
2015,210535,15609
2015,210540,66433
2015,210542,25440
2015,210545,9819
2015,210547,16124
2015,210550,23232
2015,210560,15827
2015,210565,3431
2015,210570,48992
2015,210580,10602
2015,210590,15893
2015,210592,11020
2015,210594,8716
2015,210596,11111
2015,210598,7359
2015,210600,11642
2015,210610,11871
2015,210620,6788
2015,210630,19267
2015,210632,20815
2015,210635,7658
2015,210637,15734
2015,210640,16375
2015,210650,22822
2015,210660,32988
2015,210663,16169
2015,210667,8284
2015,210670,20596
2015,210675,27507
2015,210680,14632
2015,210690,32833
2015,210700,9026
2015,210710,18938
2015,210720,14012
2015,210725,5243
2015,210730,4592
2015,210735,20393
2015,210740,19080
2015,210745,14299
2015,210750,117877
2015,210760,19288
2015,210770,20892
2015,210780,34146
2015,210790,18549
2015,210800,18999
2015,210805,15609
2015,210810,20612
2015,210820,38506
2015,210825,24475
2015,210830,37255
2015,210840,14019
2015,210845,22602
2015,210850,32198
2015,210860,81438
2015,210870,21164
2015,210880,18182
2015,210890,17773
2015,210900,23243
2015,210905,5877
2015,210910,46680
2015,210920,12398
2015,210923,6831
2015,210927,18420
2015,210930,11302
2015,210940,14918
2015,210945,29755
2015,210950,19846
2015,210955,7609
2015,210960,41694
2015,210970,5554
2015,210975,7576
2015,210980,41009
2015,210990,83238
2015,211000,71067
2015,211003,24663
2015,211010,25041
2015,211020,35980
2015,211023,12987
2015,211027,15375
2015,211030,14253
2015,211040,18256
2015,211050,45044
2015,211060,27817
2015,211065,7224
2015,211070,33707
2015,211080,4518
2015,211085,11444
2015,211090,11966
2015,211100,20235
2015,211102,15520
2015,211105,10949
2015,211107,18095
2015,211110,25371
2015,211120,174267
2015,211125,7495
2015,211130,1073893
2015,211140,18607
2015,211150,40574
2015,211153,12407
2015,211157,4563
2015,211160,18406
2015,211163,5230
2015,211167,6529
2015,211170,20678
2015,211172,13487
2015,211174,10862
2015,211176,14081
2015,211178,10859
2015,211180,17663
2015,211190,10434
2015,211195,5537
2015,211200,8303
2015,211210,28511
2015,211220,164869
2015,211223,20891
2015,211227,5716
2015,211230,40844
2015,211240,34826
2015,211245,24907
2015,211250,57253
2015,211260,32316
2015,211270,54845
2015,211280,51249
2015,211285,12954
2015,211290,32046
2015,211300,30917
2015,211400,50507
2015,220005,6933
2015,220010,5078
2015,220020,17010
2015,220025,7501
2015,220027,4832
2015,220030,14006
2015,220040,39715
2015,220045,5278
2015,220050,17312
2015,220060,6692
2015,220070,9597
2015,220080,3103
2015,220090,5763
2015,220095,2460
2015,220100,4670
2015,220105,7686
2015,220110,11433
2015,220115,11218
2015,220117,3887
2015,220120,46072
2015,220130,3287
2015,220140,6935
2015,220150,26331
2015,220155,3919
2015,220157,3464
2015,220160,10027
2015,220170,5402
2015,220173,6097
2015,220177,6599
2015,220180,4436
2015,220190,24327
2015,220191,5497
2015,220192,5549
2015,220194,6380
2015,220196,8159
2015,220198,3871
2015,220200,19415
2015,220202,8188
2015,220205,10325
2015,220207,3471
2015,220208,7451
2015,220209,5674
2015,220210,5507
2015,220211,4911
2015,220213,5801
2015,220217,7094
2015,220220,45971
2015,220225,3904
2015,220230,20700
2015,220240,11239
2015,220245,4008
2015,220250,10641
2015,220253,5728
2015,220255,4994
2015,220260,18160
2015,220265,5279
2015,220270,27230
2015,220271,4621
2015,220272,6028
2015,220273,3930
2015,220275,6314
2015,220277,7527
2015,220280,4536
2015,220285,4602
2015,220290,26084
2015,220300,8102
2015,220310,10214
2015,220320,11121
2015,220323,4845
2015,220325,4337
2015,220327,5086
2015,220330,13552
2015,220335,6862
2015,220340,6756
2015,220342,4290
2015,220345,9387
2015,220350,14432
2015,220360,4807
2015,220370,38874
2015,220375,5199
2015,220380,4394
2015,220385,2515
2015,220390,58803
2015,220400,5267
2015,220410,4333
2015,220415,3097
2015,220420,9054
2015,220430,11372
2015,220435,5319
2015,220440,10514
2015,220450,10338
2015,220455,4478
2015,220460,3813
2015,220465,9211
2015,220470,15044
2015,220480,9599
2015,220490,8408
2015,220500,11354
2015,220510,10828
2015,220515,5682
2015,220520,18660
2015,220525,4412
2015,220527,4767
2015,220530,4392
2015,220535,2965
2015,220540,14083
2015,220545,5308
2015,220550,38314
2015,220551,5380
2015,220552,5510
2015,220553,4657
2015,220554,2772
2015,220555,8330
2015,220556,4579
2015,220557,6611
2015,220558,3975
2015,220559,5047
2015,220560,5238
2015,220570,29558
2015,220580,25049
2015,220585,8111
2015,220590,5263
2015,220595,8249
2015,220600,4481
2015,220605,6323
2015,220610,10718
2015,220620,33075
2015,220630,1235
2015,220635,6517
2015,220640,10410
2015,220650,7586
2015,220660,10444
2015,220665,4073
2015,220667,6657
2015,220669,8903
2015,220670,7261
2015,220672,8366
2015,220675,4747
2015,220680,8491
2015,220690,6483
2015,220695,3387
2015,220700,36329
2015,220710,2400
2015,220720,6748
2015,220730,4071
2015,220735,3308
2015,220740,4980
2015,220750,14206
2015,220755,3900
2015,220760,10561
2015,220770,149803
2015,220775,4482
2015,220777,6257
2015,220779,3937
2015,220780,20168
2015,220785,3637
2015,220790,38055
2015,220793,2481
2015,220795,4286
2015,220800,76544
2015,220810,11913
2015,220820,18061
2015,220830,28160
2015,220840,62650
2015,220850,12284
2015,220855,2647
2015,220860,3106
2015,220865,8796
2015,220870,8600
2015,220880,17697
2015,220885,4252
2015,220887,4381
2015,220890,7151
2015,220900,6329
2015,220910,6127
2015,220915,3926
2015,220920,6153
2015,220930,5719
2015,220935,4544
2015,220937,5178
2015,220940,6244
2015,220945,2115
2015,220950,3720
2015,220955,4371
2015,220960,2920
2015,220965,5786
2015,220970,6329
2015,220975,2960
2015,220980,4903
2015,220985,4523
2015,220987,5898
2015,220990,6081
2015,220995,4747
2015,220997,7755
2015,221000,20146
2015,221005,5246
2015,221010,3697
2015,221020,6610
2015,221030,6244
2015,221035,4493
2015,221037,2595
2015,221038,2409
2015,221039,2993
2015,221040,18105
2015,221050,13994
2015,221060,33802
2015,221062,3455
2015,221063,4209
2015,221065,9854
2015,221070,14411
2015,221080,12424
2015,221090,4512
2015,221093,6545
2015,221095,2851
2015,221097,2703
2015,221100,844245
2015,221110,43606
2015,221120,21011
2015,221130,20568
2015,221135,4889
2015,221140,4334
2015,221150,3025
2015,221160,2965
2015,221170,4375
2015,230010,11357
2015,230015,16288
2015,230020,61210
2015,230030,53135
2015,230040,16997
2015,230050,11321
2015,230060,7344
2015,230070,16876
2015,230075,42098
2015,230080,7227
2015,230090,14565
2015,230100,77717
2015,230110,72727
2015,230120,26134
2015,230125,10775
2015,230130,21289
2015,230140,11358
2015,230150,7771
2015,230160,23126
2015,230170,24602
2015,230180,6198
2015,230185,17906
2015,230190,58855
2015,230195,20687
2015,230200,22279
2015,230205,14828
2015,230210,34949
2015,230220,52310
2015,230230,32103
2015,230240,53838
2015,230250,48056
2015,230260,62473
2015,230270,27123
2015,230280,76998
2015,230290,17573
2015,230300,21800
2015,230310,18645
2015,230320,26858
2015,230330,18810
2015,230340,17463
2015,230350,70047
2015,230360,20079
2015,230365,10294
2015,230370,353932
2015,230380,25013
2015,230390,12910
2015,230393,13294
2015,230395,19192
2015,230400,22889
2015,230410,74271
2015,230420,128680
2015,230423,17728
2015,230425,23677
2015,230426,9444
2015,230427,7104
2015,230428,51127
2015,230430,18861
2015,230435,23544
2015,230440,2591188
2015,230445,15951
2015,230450,13541
2015,230460,6763
2015,230465,15294
2015,230470,53918
2015,230480,4494
2015,230490,10847
2015,230495,25841
2015,230500,39151
2015,230510,3720
2015,230520,20055
2015,230523,63365
2015,230526,13188
2015,230530,24649
2015,230533,12130
2015,230535,19418
2015,230540,67198
2015,230550,101386
2015,230560,25957
2015,230565,11499
2015,230570,12305
2015,230580,41391
2015,230590,38022
2015,230600,14071
2015,230610,23543
2015,230620,7656
2015,230625,38540
2015,230630,51113
2015,230640,124950
2015,230650,19724
2015,230655,40398
2015,230660,20285
2015,230670,17997
2015,230680,11102
2015,230690,34561
2015,230700,33469
2015,230710,27072
2015,230720,7807
2015,230725,18926
2015,230730,266022
2015,230740,24479
2015,230750,31383
2015,230760,58175
2015,230763,19425
2015,230765,221504
2015,230770,123570
2015,230780,26484
2015,230790,10895
2015,230800,37560
2015,230810,46113
2015,230820,14674
2015,230830,28354
2015,230835,13170
2015,230837,13428
2015,230840,35240
2015,230850,43619
2015,230860,17012
2015,230870,61903
2015,230880,8520
2015,230890,21905
2015,230900,14357
2015,230910,12526
2015,230920,15181
2015,230930,31870
2015,230940,28220
2015,230945,25123
2015,230950,21394
2015,230960,68800
2015,230970,80378
2015,230980,11910
2015,230990,6168
2015,231000,9209
2015,231010,12895
2015,231020,33426
2015,231025,31986
2015,231030,31293
2015,231040,11549
2015,231050,42746
2015,231060,8817
2015,231070,36773
2015,231080,16115
2015,231085,20207
2015,231090,16461
2015,231095,10674
2015,231100,12224
2015,231110,15010
2015,231120,10790
2015,231123,6318
2015,231126,20690
2015,231130,85351
2015,231135,14949
2015,231140,77174
2015,231150,21572
2015,231160,27272
2015,231170,19015
2015,231180,75018
2015,231190,15753
2015,231195,16161
2015,231200,31596
2015,231210,17468
2015,231220,43359
2015,231230,46171
2015,231240,47297
2015,231250,7721
2015,231260,12760
2015,231270,26547
2015,231280,7367
2015,231290,201756
2015,231300,18094
2015,231310,30263
2015,231320,25597
2015,231325,8899
2015,231330,57701
2015,231335,18510
2015,231340,73468
2015,231350,54418
2015,231355,15594
2015,231360,33792
2015,231370,7665
2015,231375,19521
2015,231380,21206
2015,231390,13519
2015,231395,18136
2015,231400,40062
2015,231410,58922
2015,240010,11344
2015,240020,57292
2015,240030,11202
2015,240040,3210
2015,240050,13852
2015,240060,4899
2015,240070,13915
2015,240080,11907
2015,240090,7205
2015,240100,36189
2015,240110,27356
2015,240120,14042
2015,240130,9716
2015,240140,9182
2015,240145,27238
2015,240150,4066
2015,240160,5458
2015,240165,2358
2015,240170,10114
2015,240180,12509
2015,240185,6587
2015,240190,3608
2015,240200,67259
2015,240210,11066
2015,240220,33623
2015,240230,20564
2015,240240,8045
2015,240250,10760
2015,240260,72878
2015,240270,11318
2015,240280,5587
2015,240290,4963
2015,240300,8164
2015,240310,44887
2015,240320,7184
2015,240325,242384
2015,240330,5593
2015,240340,6087
2015,240350,10727
2015,240360,27525
2015,240370,6013
2015,240375,3037
2015,240380,9254
2015,240390,2909
2015,240400,4228
2015,240410,2584
2015,240420,25292
2015,240430,13048
2015,240440,10197
2015,240450,14633
2015,240460,13400
2015,240470,15147
2015,240480,2221
2015,240485,7457
2015,240490,5878
2015,240500,8827
2015,240510,6898
2015,240520,5419
2015,240530,9879
2015,240540,5366
2015,240550,2669
2015,240560,14606
2015,240570,12553
2015,240580,34585
2015,240590,2691
2015,240600,6049
2015,240610,18450
2015,240615,3851
2015,240620,6692
2015,240630,7478
2015,240640,2765
2015,240650,15274
2015,240660,8142
2015,240670,11151
2015,240680,4803
2015,240690,3933
2015,240700,10129
2015,240710,78021
2015,240720,31318
2015,240725,3906
2015,240730,8499
2015,240740,8706
2015,240750,11831
2015,240760,4530
2015,240770,11572
2015,240780,22155
2015,240790,2219
2015,240800,288162
2015,240810,869954
2015,240820,26606
2015,240830,37395
2015,240840,4370
2015,240850,4871
2015,240860,4222
2015,240870,3891
2015,240880,5173
2015,240890,21483
2015,240895,10758
2015,240910,12655
2015,240920,3075
2015,240930,12706
2015,240933,5341
2015,240940,29954
2015,240950,3429
2015,240960,2568
2015,240970,7059
2015,240980,14844
2015,240990,14751
2015,241000,3761
2015,241010,15139
2015,241020,7811
2015,241025,5884
2015,241030,9814
2015,241040,9331
2015,241050,5040
2015,241060,3213
2015,241070,3485
2015,241080,4278
2015,241090,7863
2015,241100,4547
2015,241105,4019
2015,241110,3678
2015,241120,38924
2015,241140,13605
2015,241142,2675
2015,241150,23865
2015,241160,2905
2015,241170,4318
2015,241180,3587
2015,241190,4173
2015,241200,98260
2015,241210,6218
2015,241220,43191
2015,241230,12933
2015,241240,4567
2015,241250,23274
2015,241255,9427
2015,241260,17239
2015,241270,6216
2015,241280,8347
2015,241290,11205
2015,241300,6400
2015,241310,6087
2015,241320,4322
2015,241330,5883
2015,241335,11507
2015,241340,8130
2015,241350,6518
2015,241355,4797
2015,241360,3893
2015,241370,5433
2015,241380,2518
2015,241390,12366
2015,241400,15529
2015,241410,10646
2015,241415,5757
2015,241420,13316
2015,241430,2418
2015,241440,33506
2015,241445,3366
2015,241450,10835
2015,241460,14282
2015,241470,5512
2015,241475,4121
2015,241480,12016
2015,241490,1714
2015,241500,3116
2015,250010,10083
2015,250020,5573
2015,250030,28646
2015,250040,20500
2015,250050,14284
2015,250053,5451
2015,250057,2475
2015,250060,19238
2015,250070,17929
2015,250073,2212
2015,250077,8263
2015,250080,17122
2015,250090,13355
2015,250100,20051
2015,250110,23110
2015,250115,1880
2015,250120,6900
2015,250130,19204
2015,250135,3830
2015,250140,8826
2015,250150,21235
2015,250153,4758
2015,250157,8249
2015,250160,15145
2015,250170,5905
2015,250180,96140
2015,250190,17594
2015,250200,7320
2015,250205,3356
2015,250210,5473
2015,250215,6884
2015,250220,2532
2015,250230,5007
2015,250240,11684
2015,250250,17670
2015,250260,6191
2015,250270,5366
2015,250280,13900
2015,250290,6413
2015,250300,21555
2015,250310,5449
2015,250320,65634
2015,250330,10114
2015,250340,3713
2015,250350,17149
2015,250355,7112
2015,250360,7293
2015,250370,61431
2015,250375,3165
2015,250380,5945
2015,250390,5971
2015,250400,405072
2015,250403,6326
2015,250407,4115
2015,250410,2601
2015,250415,7394
2015,250420,4920
2015,250430,30179
2015,250435,4779
2015,250440,18860
2015,250450,6733
2015,250460,23975
2015,250470,4780
2015,250480,15409
2015,250485,1892
2015,250490,17212
2015,250500,7193
2015,250510,20325
2015,250520,6841
2015,250523,6340
2015,250527,5245
2015,250530,2523
2015,250535,5246
2015,250540,8253
2015,250550,3744
2015,250560,6591
2015,250570,10456
2015,250580,3618
2015,250590,3485
2015,250600,32785
2015,250610,11378
2015,250620,2986
2015,250625,8450
2015,250630,58162
2015,250640,14117
2015,250650,3376
2015,250660,5974
2015,250670,11749
2015,250680,18042
2015,250690,24565
2015,250700,24499
2015,250710,18332
2015,250720,10739
2015,250730,14316
2015,250740,7717
2015,250750,791438
2015,250760,7850
2015,250770,17902
2015,250780,7054
2015,250790,10669
2015,250800,9892
2015,250810,4687
2015,250820,7619
2015,250830,27247
2015,250840,2765
2015,250850,7355
2015,250855,4254
2015,250860,12804
2015,250870,4026
2015,250880,5672
2015,250890,44369
2015,250900,11066
2015,250905,8361
2015,250910,21755
2015,250915,6522
2015,250920,13654
2015,250930,8219
2015,250933,4497
2015,250937,2869
2015,250939,6441
2015,250940,13317
2015,250950,5528
2015,250960,4759
2015,250970,32774
2015,250980,9840
2015,250990,10450
2015,251000,7318
2015,251010,10650
2015,251020,5999
2015,251030,4784
2015,251040,6646
2015,251050,3880
2015,251060,3023
2015,251065,1795
2015,251070,2383
2015,251080,106314
2015,251090,12216
2015,251100,3796
2015,251110,7982
2015,251120,28286
2015,251130,15985
2015,251140,18670
2015,251150,11786
2015,251160,6728
2015,251170,5118
2015,251180,10555
2015,251190,18685
2015,251200,18272
2015,251203,3778
2015,251207,4245
2015,251210,32712
2015,251220,4109
2015,251230,22995
2015,251240,13557
2015,251250,43667
2015,251260,1901
2015,251270,19149
2015,251272,6034
2015,251274,3531
2015,251275,4476
2015,251276,4442
2015,251278,1923
2015,251280,8563
2015,251290,24023
2015,251300,3871
2015,251310,12144
2015,251315,6583
2015,251320,6579
2015,251330,5917
2015,251335,3594
2015,251340,15278
2015,251350,5223
2015,251360,7113
2015,251365,2680
2015,251370,134940
2015,251380,4592
2015,251385,2541
2015,251390,33464
2015,251392,4451
2015,251394,2563
2015,251396,3061
2015,251398,3375
2015,251400,4323
2015,251410,4432
2015,251420,7677
2015,251430,6231
2015,251440,4684
2015,251445,5870
2015,251450,19956
2015,251455,3955
2015,251460,3492
2015,251465,1780
2015,251470,4124
2015,251480,3729
2015,251490,7756
2015,251500,7079
2015,251510,11677
2015,251520,3440
2015,251530,52218
2015,251540,10900
2015,251550,13564
2015,251560,3154
2015,251570,3078
2015,251580,7053
2015,251590,6153
2015,251593,4892
2015,251597,7712
2015,251600,26734
2015,251610,14714
2015,251615,3475
2015,251620,68822
2015,251630,16784
2015,251640,10822
2015,251650,15376
2015,251660,14568
2015,251670,14974
2015,251675,3011
2015,251680,9447
2015,251690,15228
2015,251700,9889
2015,251710,2747
2015,251720,5295
2015,251740,2208
2015,260005,98602
2015,260010,36709
2015,260020,19031
2015,260030,24256
2015,260040,35698
2015,260050,42566
2015,260060,14341
2015,260070,38255
2015,260080,22876
2015,260090,22643
2015,260100,10882
2015,260105,19816
2015,260110,82800
2015,260120,72625
2015,260130,13953
2015,260140,42220
2015,260150,11888
2015,260160,20675
2015,260170,75462
2015,260180,12539
2015,260190,60386
2015,260200,37317
2015,260210,47760
2015,260220,38924
2015,260230,38094
2015,260240,8989
2015,260250,7464
2015,260260,49092
2015,260270,13012
2015,260280,56523
2015,260290,200546
2015,260300,33247
2015,260310,19951
2015,260320,28145
2015,260330,11136
2015,260340,5745
2015,260345,154054
2015,260350,18292
2015,260360,8450
2015,260370,24837
2015,260380,19997
2015,260390,19318
2015,260392,12603
2015,260400,81054
2015,260410,347088
2015,260415,14219
2015,260420,41369
2015,260430,11515
2015,260440,13206
2015,260450,21274
2015,260460,25823
2015,260470,17968
2015,260480,12602
2015,260490,13132
2015,260500,23841
2015,260510,36184
2015,260515,18321
2015,260520,67381
2015,260530,31928
2015,260540,21710
2015,260545,2930
2015,260550,11957
2015,260560,22588
2015,260570,31809
2015,260580,15137
2015,260590,30132
2015,260600,136949
2015,260610,30220
2015,260620,78618
2015,260630,7308
2015,260640,81893
2015,260650,19010
2015,260660,28604
2015,260670,7725
2015,260680,112463
2015,260690,12137
2015,260700,21932
2015,260710,4556
2015,260720,91341
2015,260730,29721
2015,260740,4754
2015,260750,26412
2015,260760,24888
2015,260765,36278
2015,260770,13780
2015,260775,25798
2015,260780,16753
2015,260790,686122
2015,260795,11664
2015,260800,16858
2015,260805,14587
2015,260810,32939
2015,260820,16021
2015,260825,11202
2015,260830,14525
2015,260840,15171
2015,260845,17454
2015,260850,21276
2015,260860,12865
2015,260870,16161
2015,260875,24757
2015,260880,39240
2015,260890,56269
2015,260900,25011
2015,260910,15313
2015,260915,20302
2015,260920,11711
2015,260930,15098
2015,260940,61016
2015,260950,32064
2015,260960,389494
2015,260970,23663
2015,260980,14445
2015,260990,67676
2015,261000,62300
2015,261010,7969
2015,261020,26464
2015,261030,11357
2015,261040,21193
2015,261050,28982
2015,261060,55028
2015,261070,322730
2015,261080,22401
2015,261090,66153
2015,261100,35342
2015,261110,331951
2015,261120,11265
2015,261130,26841
2015,261140,14509
2015,261150,25536
2015,261153,6823
2015,261160,1617183
2015,261170,20177
2015,261180,46659
2015,261190,23181
2015,261200,10437
2015,261210,10423
2015,261220,59769
2015,261230,15742
2015,261240,25047
2015,261245,14857
2015,261247,12375
2015,261250,101485
2015,261255,14172
2015,261260,41293
2015,261270,13826
2015,261280,11627
2015,261290,15305
2015,261300,57659
2015,261310,36763
2015,261320,22403
2015,261330,21171
2015,261340,20335
2015,261350,33677
2015,261360,33365
2015,261370,110264
2015,261380,17763
2015,261390,84352
2015,261400,19017
2015,261410,35367
2015,261420,44187
2015,261430,11242
2015,261440,5949
2015,261450,63166
2015,261460,27958
2015,261470,12891
2015,261480,24626
2015,261485,22591
2015,261500,27592
2015,261510,7057
2015,261520,10185
2015,261530,53581
2015,261540,42123
2015,261550,13596
2015,261560,29519
2015,261570,15250
2015,261580,26454
2015,261590,8149
2015,261600,17870
2015,261610,9450
2015,261618,7746
2015,261620,19976
2015,261630,32157
2015,261640,135805
2015,261650,14584
2015,270010,20434
2015,270020,17847
2015,270030,231053
2015,270040,47298
2015,270050,15742
2015,270060,8266
2015,270070,18496
2015,270080,4585
2015,270090,6775
2015,270100,27399
2015,270110,10745
2015,270120,10818
2015,270130,21355
2015,270135,6978
2015,270140,56430
2015,270150,9664
2015,270160,17976
2015,270170,17507
2015,270180,8969
2015,270190,7421
2015,270200,10992
2015,270210,21636
2015,270220,5870
2015,270230,56631
2015,270235,24288
2015,270240,51997
2015,270250,11224
2015,270255,18306
2015,270260,22432
2015,270270,4746
2015,270280,12917
2015,270290,40519
2015,270300,15803
2015,270310,26041
2015,270320,24575
2015,270330,18621
2015,270340,5429
2015,270350,7162
2015,270360,8350
2015,270370,5695
2015,270375,11869
2015,270380,24061
2015,270390,4269
2015,270400,25084
2015,270410,18343
2015,270420,28621
2015,270430,1013773
2015,270440,20047
2015,270450,32171
2015,270460,9770
2015,270470,51132
2015,270480,13665
2015,270490,3622
2015,270500,25590
2015,270510,25008
2015,270520,17576
2015,270530,5425
2015,270540,7241
2015,270550,28335
2015,270560,12643
2015,270570,21641
2015,270580,9298
2015,270590,5178
2015,270600,11688
2015,270610,11537
2015,270620,5004
2015,270630,73878
2015,270640,24878
2015,270642,10601
2015,270644,12887
2015,270650,15419
2015,270660,7682
2015,270670,64074
2015,270680,18011
2015,270690,35295
2015,270700,2956
2015,270710,24950
2015,270720,14493
2015,270730,27288
2015,270740,8151
2015,270750,20205
2015,270760,11592
2015,270770,75645
2015,270780,6803
2015,270790,7325
2015,270800,47820
2015,270810,11009
2015,270820,7034
2015,270830,24048
2015,270840,32271
2015,270850,34623
2015,270860,60539
2015,270870,7876
2015,270880,34211
2015,270890,13381
2015,270895,13909
2015,270900,6319
2015,270910,19980
2015,270915,44169
2015,270920,27798
2015,270930,66017
2015,270940,26212
2015,280010,2374
2015,280020,21312
2015,280030,632744
2015,280040,10574
2015,280050,18164
2015,280060,28677
2015,280067,26750
2015,280070,8218
2015,280100,17858
2015,280110,4057
2015,280120,28279
2015,280130,33374
2015,280140,21484
2015,280150,15622
2015,280160,5890
2015,280170,17911
2015,280190,3985
2015,280200,4890
2015,280210,68405
2015,280220,5573
2015,280230,15047
2015,280240,11724
2015,280250,3231
2015,280260,5848
2015,280270,8597
2015,280280,17385
2015,280290,93572
2015,280300,41404
2015,280310,5017
2015,280320,33317
2015,280330,18288
2015,280340,13245
2015,280350,102257
2015,280360,29130
2015,280370,6824
2015,280380,3653
2015,280390,12598
2015,280400,17151
2015,280410,11395
2015,280420,14853
2015,280430,7642
2015,280440,18958
2015,280445,8830
2015,280450,35726
2015,280460,26240
2015,280470,6494
2015,280480,177344
2015,280490,14164
2015,280500,3199
2015,280510,9449
2015,280520,6440
2015,280530,9063
2015,280540,33757
2015,280550,23416
2015,280560,28492
2015,280570,29655
2015,280580,19976
2015,280590,10033
2015,280600,18362
2015,280610,10364
2015,280620,20083
2015,280630,13836
2015,280640,7607
2015,280650,3913
2015,280660,12025
2015,280670,86979
2015,280680,10971
2015,280690,3847
2015,280700,3902
2015,280710,40526
2015,280720,8677
2015,280730,3170
2015,280740,51375
2015,280750,13200
2015,280760,24545
2015,290010,9226
2015,290020,19574
2015,290030,15717
2015,290035,17153
2015,290040,17043
2015,290050,11437
2015,290060,4767
2015,290070,154495
2015,290080,23282
2015,290090,6145
2015,290100,37807
2015,290110,26441
2015,290115,16923
2015,290120,20096
2015,290130,13723
2015,290135,14791
2015,290140,14724
2015,290150,11299
2015,290160,19183
2015,290170,12225
2015,290180,12187
2015,290190,19146
2015,290195,7762
2015,290200,14089
2015,290205,12450
2015,290210,56370
2015,290220,11314
2015,290225,11737
2015,290230,9127
2015,290240,13089
2015,290250,14195
2015,290260,21197
2015,290265,13711
2015,290270,54188
2015,290280,22394
2015,290290,34853
2015,290300,14526
2015,290310,6424
2015,290320,153918
2015,290323,15377
2015,290327,15770
2015,290330,6492
2015,290340,23759
2015,290350,18383
2015,290360,15799
2015,290370,14577
2015,290380,18658
2015,290390,69526
2015,290395,10554
2015,290400,14585
2015,290405,16873
2015,290410,22429
2015,290420,11021
2015,290430,15214
2015,290440,10698
2015,290450,11070
2015,290460,69255
2015,290470,19283
2015,290475,21549
2015,290480,10166
2015,290485,18978
2015,290490,34535
2015,290500,23545
2015,290510,10143
2015,290515,15982
2015,290520,52531
2015,290530,18695
2015,290540,17730
2015,290550,13641
2015,290560,33197
2015,290570,286919
2015,290580,36435
2015,290590,29938
2015,290600,72271
2015,290610,10142
2015,290620,26382
2015,290630,33268
2015,290640,9011
2015,290650,88806
2015,290660,14667
2015,290670,26855
2015,290680,35235
2015,290682,17177
2015,290685,12118
2015,290687,29346
2015,290689,10016
2015,290690,22548
2015,290700,9747
2015,290710,29955
2015,290720,72172
2015,290730,27286
2015,290740,3672
2015,290750,55719
2015,290755,9762
2015,290760,18140
2015,290770,11522
2015,290780,34478
2015,290790,17602
2015,290800,19770
2015,290810,19396
2015,290820,22656
2015,290830,18525
2015,290840,68146
2015,290850,33354
2015,290860,26194
2015,290870,18269
2015,290880,4326
2015,290890,23146
2015,290900,8834
2015,290910,14976
2015,290920,17098
2015,290930,33183
2015,290940,14403
2015,290950,5560
2015,290960,21617
2015,290970,14302
2015,290980,64197
2015,290990,35208
2015,291000,12022
2015,291005,78058
2015,291010,12499
2015,291020,4153
2015,291030,8434
2015,291040,20331
2015,291050,43006
2015,291060,36724
2015,291070,60066
2015,291072,113191
2015,291075,18481
2015,291077,5914
2015,291080,617528
2015,291085,17583
2015,291090,5786
2015,291100,11313
2015,291110,25372
2015,291120,32809
2015,291125,4712
2015,291130,11423
2015,291140,16072
2015,291150,8082
2015,291160,21267
2015,291165,8805
2015,291170,85797
2015,291180,22355
2015,291185,13762
2015,291190,26178
2015,291200,10502
2015,291210,24029
2015,291220,19548
2015,291230,16696
2015,291240,18674
2015,291250,15296
2015,291260,5158
2015,291270,24180
2015,291280,8735
2015,291290,17947
2015,291300,16699
2015,291310,18727
2015,291320,27655
2015,291330,6311
2015,291340,16225
2015,291345,14395
2015,291350,27787
2015,291360,180213
2015,291370,40915
2015,291380,15521
2015,291390,47501
2015,291400,62095
2015,291410,10113
2015,291420,7472
2015,291430,10487
2015,291440,25006
2015,291450,29950
2015,291460,73380
2015,291465,31055
2015,291470,66310
2015,291480,219680
2015,291490,27619
2015,291500,16446
2015,291510,13359
2015,291520,15767
2015,291530,7351
2015,291535,14667
2015,291540,7353
2015,291550,21754
2015,291560,67249
2015,291570,8514
2015,291580,23327
2015,291590,8034
2015,291600,20611
2015,291610,22615
2015,291620,10228
2015,291630,10882
2015,291640,76184
2015,291650,35987
2015,291660,10800
2015,291670,8519
2015,291680,20091
2015,291685,14763
2015,291690,13307
2015,291700,38492
2015,291710,21178
2015,291720,19406
2015,291730,29108
2015,291733,11331
2015,291735,9225
2015,291740,15409
2015,291750,84811
2015,291760,55449
2015,291770,33186
2015,291780,18647
2015,291790,11063
2015,291800,161528
2015,291810,41100
2015,291820,15033
2015,291830,13300
2015,291835,25141
2015,291840,218324
2015,291845,10148
2015,291850,15841
2015,291855,6378
2015,291860,7229
2015,291870,4020
2015,291875,15801
2015,291880,23904
2015,291890,4022
2015,291900,3974
2015,291905,8836
2015,291910,9442
2015,291915,27521
2015,291920,191436
2015,291930,11445
2015,291940,12966
2015,291950,46035
2015,291955,79162
2015,291960,11837
2015,291970,18786
2015,291980,50262
2015,291990,8365
2015,291992,20348
2015,291995,5174
2015,292000,10082
2015,292010,20097
2015,292020,17455
2015,292030,8896
2015,292040,14488
2015,292045,13761
2015,292050,23751
2015,292060,46106
2015,292070,21175
2015,292080,10951
2015,292090,14877
2015,292100,45813
2015,292105,12314
2015,292110,23478
2015,292120,27536
2015,292130,11659
2015,292140,18039
2015,292145,9902
2015,292150,54733
2015,292160,8967
2015,292170,36717
2015,292180,12477
2015,292190,10244
2015,292200,41068
2015,292205,12200
2015,292210,27165
2015,292220,7893
2015,292225,11495
2015,292230,30743
2015,292240,22833
2015,292250,29406
2015,292260,14188
2015,292265,13321
2015,292270,17082
2015,292273,8125
2015,292275,7036
2015,292280,8312
2015,292285,9470
2015,292290,25854
2015,292300,43216
2015,292303,12238
2015,292305,15993
2015,292310,26817
2015,292320,22774
2015,292330,8839
2015,292335,17775
2015,292340,22416
2015,292350,9130
2015,292360,22077
2015,292370,32636
2015,292380,29878
2015,292390,10905
2015,292400,119214
2015,292405,14471
2015,292410,7568
2015,292420,18135
2015,292430,18473
2015,292440,35428
2015,292450,16805
2015,292460,21062
2015,292465,10742
2015,292467,10360
2015,292470,12238
2015,292480,25027
2015,292490,9473
2015,292500,26632
2015,292510,48729
2015,292520,37543
2015,292525,16168
2015,292530,145431
2015,292540,8969
2015,292550,29218
2015,292560,14712
2015,292570,13178
2015,292575,27505
2015,292580,26083
2015,292590,28655
2015,292593,10033
2015,292595,24349
2015,292600,42275
2015,292610,13319
2015,292620,23264
2015,292630,35403
2015,292640,36039
2015,292650,15269
2015,292660,51418
2015,292665,8260
2015,292670,13616
2015,292680,15628
2015,292690,12084
2015,292700,40809
2015,292710,8887
2015,292720,31867
2015,292730,15385
2015,292740,2921087
2015,292750,20754
2015,292760,15100
2015,292770,28226
2015,292780,6750
2015,292790,11177
2015,292800,36915
2015,292805,13626
2015,292810,41795
2015,292820,27260
2015,292830,9442
2015,292840,28822
2015,292850,10586
2015,292860,61702
2015,292870,101548
2015,292880,53193
2015,292890,32640
2015,292895,9877
2015,292900,15091
2015,292905,15647
2015,292910,21582
2015,292920,39329
2015,292925,19542
2015,292930,37554
2015,292935,6118
2015,292937,11061
2015,292940,12009
2015,292950,45482
2015,292960,17664
2015,292970,20320
2015,292975,12238
2015,292980,12739
2015,292990,45202
2015,293000,11528
2015,293010,81330
2015,293015,33011
2015,293020,41464
2015,293030,18389
2015,293040,15351
2015,293050,83275
2015,293060,13373
2015,293070,133202
2015,293075,13320
2015,293076,11767
2015,293077,23583
2015,293080,17332
2015,293090,13025
2015,293100,21282
2015,293105,17702
2015,293110,8553
2015,293120,21091
2015,293130,17398
2015,293135,157804
2015,293140,8013
2015,293150,23011
2015,293160,15178
2015,293170,13547
2015,293180,18187
2015,293190,55777
2015,293200,25087
2015,293210,20782
2015,293220,20813
2015,293230,27051
2015,293240,14483
2015,293245,19055
2015,293250,22105
2015,293260,17301
2015,293270,21849
2015,293280,19593
2015,293290,97305
2015,293300,27906
2015,293305,14729
2015,293310,9416
2015,293315,13470
2015,293317,9363
2015,293320,42650
2015,293325,6696
2015,293330,343230
2015,293340,9731
2015,293345,13008
2015,293350,22530
2015,293360,48316
2015,310010,7015
2015,310020,23535
2015,310030,13719
2015,310040,4056
2015,310050,10140
2015,310060,14686
2015,310070,2064
2015,310080,4370
2015,310090,19307
2015,310100,13447
2015,310110,25694
2015,310120,6240
2015,310130,2760
2015,310140,3033
2015,310150,35720
2015,310160,78712
2015,310163,6639
2015,310170,41296
2015,310180,7478
2015,310190,19630
2015,310200,14434
2015,310205,5702
2015,310210,11896
2015,310220,4292
2015,310230,15619
2015,310240,3666
2015,310250,4971
2015,310260,40092
2015,310270,9410
2015,310280,12507
2015,310285,8460
2015,310290,11560
2015,310300,9685
2015,310310,1677
2015,310320,2352
2015,310330,2112
2015,310340,37270
2015,310350,116267
2015,310360,2880
2015,310370,8501
2015,310375,6657
2015,310380,2875
2015,310390,8768
2015,310400,102238
2015,310410,10373
2015,310420,39249
2015,310430,14740
2015,310440,2890
2015,310445,5118
2015,310450,18221
2015,310460,13937
2015,310470,14039
2015,310480,5041
2015,310490,19186
2015,310500,8071
2015,310510,23850
2015,310520,5019
2015,310530,5674
2015,310540,31270
2015,310550,5706
2015,310560,134924
2015,310570,5799
2015,310590,20693
2015,310600,10381
2015,310610,3501
2015,310620,2502557
2015,310630,25619
2015,310640,7816
2015,310650,12431
2015,310660,4664
2015,310665,4661
2015,310670,417307
2015,310680,3685
2015,310690,14413
2015,310700,2640
2015,310710,40287
2015,310720,5174
2015,310730,49600
2015,310740,49236
2015,310750,6653
2015,310760,4150
2015,310770,5923
2015,310780,15542
2015,310790,10767
2015,310800,17858
2015,310810,7016
2015,310820,5831
2015,310825,10669
2015,310830,18682
2015,310840,15324
2015,310850,6574
2015,310855,15727
2015,310860,32564
2015,310870,4604
2015,310880,5045
2015,310890,14934
2015,310900,37857
2015,310910,11223
2015,310920,10589
2015,310925,4134
2015,310930,24351
2015,310940,28163
2015,310945,6861
2015,310950,14298
2015,310960,3721
2015,310970,11567
2015,310980,2661
2015,310990,11170
2015,311000,43739
2015,311010,5354
2015,311020,4121
2015,311030,14396
2015,311040,3109
2015,311050,21955
2015,311060,28669
2015,311070,13026
2015,311080,3733
2015,311090,16431
2015,311100,21392
2015,311110,20022
2015,311115,3843
2015,311120,54076
2015,311130,11856
2015,311140,7675
2015,311150,15186
2015,311160,28879
2015,311170,4713
2015,311180,12005
2015,311190,5737
2015,311200,15108
2015,311205,4464
2015,311210,5454
2015,311220,4825
2015,311230,37330
2015,311240,7185
2015,311250,9537
2015,311260,16112
2015,311265,5317
2015,311270,15074
2015,311280,8612
2015,311290,9392
2015,311300,23571
2015,311310,3319
2015,311320,25044
2015,311330,33463
2015,311340,90782
2015,311350,9507
2015,311360,6684
2015,311370,19971
2015,311380,2600
2015,311390,12302
2015,311400,11475
2015,311410,14645
2015,311420,21735
2015,311430,30782
2015,311440,21338
2015,311450,18619
2015,311455,9985
2015,311460,4096
2015,311470,3544
2015,311480,4633
2015,311490,2308
2015,311500,3037
2015,311510,18014
2015,311520,4053
2015,311530,74171
2015,311535,5230
2015,311540,3638
2015,311545,6683
2015,311547,5174
2015,311550,22231
2015,311560,1218
2015,311570,7072
2015,311580,10604
2015,311590,3042
2015,311600,5817
2015,311610,15657
2015,311615,12495
2015,311620,2807
2015,311630,6832
2015,311640,4801
2015,311650,7862
2015,311660,27827
2015,311670,7480
2015,311680,9178
2015,311690,3116
2015,311700,7835
2015,311710,10302
2015,311720,2849
2015,311730,26018
2015,311740,4627
2015,311750,18198
2015,311760,5460
2015,311770,13617
2015,311780,11262
2015,311783,7564
2015,311787,6478
2015,311790,11464
2015,311800,52827
2015,311810,5118
2015,311820,6895
2015,311830,125421
2015,311840,23141
2015,311850,1804
2015,311860,648766
2015,311870,9461
2015,311880,26974
2015,311890,8998
2015,311900,3573
2015,311910,24432
2015,311920,10393
2015,311930,28456
2015,311940,109363
2015,311950,9400
2015,311960,3110
2015,311970,3451
2015,311980,3391
2015,311990,3811
2015,311995,6207
2015,312000,3032
2015,312010,4412
2015,312015,6525
2015,312020,12317
2015,312030,6010
2015,312040,5204
2015,312050,10484
2015,312060,5014
2015,312070,4140
2015,312080,15369
2015,312083,4947
2015,312087,7491
2015,312090,78900
2015,312100,5441
2015,312110,8201
2015,312120,7143
2015,312125,9499
2015,312130,5010
2015,312140,7298
2015,312150,3036
2015,312160,47952
2015,312170,3923
2015,312180,8463
2015,312190,3437
2015,312200,20012
2015,312210,5082
2015,312220,7472
2015,312230,230848
2015,312235,6478
2015,312240,6031
2015,312245,10209
2015,312247,3844
2015,312250,5274
2015,312260,4616
2015,312270,5348
2015,312280,3073
2015,312290,6435
2015,312300,9956
2015,312310,5328
2015,312320,13983
2015,312330,4474
2015,312340,1519
2015,312350,1920
2015,312352,7818
2015,312360,27268
2015,312370,10962
2015,312380,7362
2015,312385,5385
2015,312390,15124
2015,312400,18868
2015,312410,67208
2015,312420,24469
2015,312430,32151
2015,312440,4670
2015,312450,11371
2015,312460,2471
2015,312470,3596
2015,312480,7897
2015,312490,11169
2015,312500,3927
2015,312510,33082
2015,312520,2423
2015,312530,3396
2015,312540,5081
2015,312550,3189
2015,312560,7338
2015,312570,15078
2015,312580,3304
2015,312590,10611
2015,312595,10936
2015,312600,7209
2015,312610,68040
2015,312620,9067
2015,312630,4357
2015,312640,2893
2015,312650,10550
2015,312660,5160
2015,312670,26217
2015,312675,5745
2015,312680,6028
2015,312690,9487
2015,312695,3487
2015,312700,16399
2015,312705,4754
2015,312707,5809
2015,312710,57795
2015,312720,4196
2015,312730,7061
2015,312733,5255
2015,312735,3130
2015,312737,3279
2015,312738,3903
2015,312740,4391
2015,312750,6188
2015,312760,12048
2015,312770,278363
2015,312780,15805
2015,312790,1416
2015,312800,33562
2015,312810,14407
2015,312820,10532
2015,312825,4962
2015,312830,19340
2015,312840,9014
2015,312850,3963
2015,312860,6738
2015,312870,51911
2015,312880,7327
2015,312890,7831
2015,312900,8773
2015,312910,6047
2015,312920,6492
2015,312930,10870
2015,312940,5156
2015,312950,24784
2015,312960,8312
2015,312965,6206
2015,312970,13305
2015,312980,173873
2015,312990,3520
2015,313000,3000
2015,313005,11633
2015,313010,39774
2015,313020,10286
2015,313030,8192
2015,313040,6348
2015,313050,12217
2015,313055,6823
2015,313060,7290
2015,313065,7526
2015,313070,6693
2015,313080,2764
2015,313090,24835
2015,313100,6158
2015,313110,7397
2015,313115,18068
2015,313120,19464
2015,313130,257345
2015,313140,4269
2015,313150,10038
2015,313160,6886
2015,313170,117634
2015,313180,11367
2015,313190,49768
2015,313200,5310
2015,313210,18383
2015,313220,13172
2015,313230,12572
2015,313240,96020
2015,313250,34253
2015,313260,4318
2015,313270,23585
2015,313280,2242
2015,313290,10535
2015,313300,15136
2015,313310,15105
2015,313320,12340
2015,313330,21564
2015,313340,14784
2015,313350,22109
2015,313360,9436
2015,313370,10781
2015,313375,15897
2015,313380,91453
2015,313390,5758
2015,313400,15059
2015,313410,6087
2015,313420,103333
2015,313430,6237
2015,313440,37700
2015,313450,3950
2015,313460,19052
2015,313470,12537
2015,313480,7783
2015,313490,24930
2015,313500,3136
2015,313505,37054
2015,313507,5361
2015,313510,70886
2015,313520,68247
2015,313530,4241
2015,313535,8643
2015,313540,5294
2015,313545,7580
2015,313550,12946
2015,313560,7975
2015,313570,5313
2015,313580,25365
2015,313590,4899
2015,313600,15562
2015,313610,5143
2015,313620,78583
2015,313630,48179
2015,313640,4607
2015,313650,10826
2015,313652,4643
2015,313655,4793
2015,313657,4830
2015,313660,5779
2015,313665,25087
2015,313670,555284
2015,313680,4325
2015,313690,10125
2015,313695,5861
2015,313700,17976
2015,313710,7799
2015,313720,50197
2015,313730,4272
2015,313740,12938
2015,313750,18037
2015,313753,9294
2015,313760,59770
2015,313770,20262
2015,313780,20671
2015,313790,3511
2015,313800,6799
2015,313810,6663
2015,313820,100243
2015,313830,3298
2015,313835,4983
2015,313840,53145
2015,313850,5346
2015,313860,16829
2015,313862,7383
2015,313865,8938
2015,313867,6408
2015,313868,6710
2015,313870,5571
2015,313880,18290
2015,313890,7219
2015,313900,41368
2015,313910,5124
2015,313920,19191
2015,313925,6591
2015,313930,19622
2015,313940,86844
2015,313950,22577
2015,313960,28061
2015,313970,7744
2015,313980,12572
2015,313990,14518
2015,314000,58802
2015,314010,4275
2015,314015,14624
2015,314020,2950
2015,314030,4127
2015,314040,2938
2015,314050,13314
2015,314053,7968
2015,314055,8425
2015,314060,4645
2015,314070,30155
2015,314080,14285
2015,314085,10822
2015,314090,18713
2015,314100,12895
2015,314110,36719
2015,314120,3851
2015,314130,3707
2015,314140,21459
2015,314150,6549
2015,314160,10813
2015,314170,5993
2015,314180,31915
2015,314190,3964
2015,314200,13643
2015,314210,10759
2015,314220,14753
2015,314225,4832
2015,314230,4922
2015,314240,7448
2015,314250,2352
2015,314260,8628
2015,314270,15779
2015,314280,20856
2015,314290,21990
2015,314300,13444
2015,314310,47937
2015,314315,4897
2015,314320,21915
2015,314330,394350
2015,314340,23022
2015,314345,8041
2015,314350,8764
2015,314360,2630
2015,314370,3378
2015,314380,6304
2015,314390,107263
2015,314400,27494
2015,314410,21017
2015,314420,3266
2015,314430,41829
2015,314435,6824
2015,314437,3379
2015,314440,4812
2015,314450,8478
2015,314460,26897
2015,314465,10301
2015,314467,3559
2015,314470,17998
2015,314480,89900
2015,314490,3792
2015,314500,14484
2015,314505,7636
2015,314510,16429
2015,314520,89859
2015,314530,31803
2015,314535,10807
2015,314537,5255
2015,314540,1913
2015,314545,5808
2015,314550,2722
2015,314560,41562
2015,314570,2182
2015,314580,3179
2015,314585,4686
2015,314587,7831
2015,314590,38249
2015,314600,33390
2015,314610,74036
2015,314620,6128
2015,314625,6250
2015,314630,19971
2015,314640,4677
2015,314650,8351
2015,314655,6162
2015,314660,1583
2015,314670,6746
2015,314675,6405
2015,314690,15274
2015,314700,91027
2015,314710,91158
2015,314720,21384
2015,314730,20710
2015,314740,24110
2015,314750,1753
2015,314760,16353
2015,314770,8349
2015,314780,2112
2015,314790,113122
2015,314795,5914
2015,314800,148762
2015,314810,88648
2015,314820,5617
2015,314830,9654
2015,314840,5000
2015,314850,8739
2015,314860,17836
2015,314870,24683
2015,314875,7051
2015,314880,3339
2015,314890,4021
2015,314900,2401
2015,314910,11623
2015,314915,11193
2015,314920,3650
2015,314930,62951
2015,314940,1841
2015,314950,3323
2015,314960,4342
2015,314970,10416
2015,314980,15639
2015,314990,21239
2015,314995,7103
2015,315000,4293
2015,315010,2868
2015,315015,8008
2015,315020,4203
2015,315030,4723
2015,315040,4927
2015,315050,8655
2015,315053,4789
2015,315057,7540
2015,315060,6570
2015,315070,5534
2015,315080,17864
2015,315090,5475
2015,315100,8505
2015,315110,10818
2015,315120,56229
2015,315130,11101
2015,315140,27273
2015,315150,34075
2015,315160,11509
2015,315170,16775
2015,315180,163677
2015,315190,8940
2015,315200,31178
2015,315210,60005
2015,315213,4212
2015,315217,12016
2015,315220,38720
2015,315230,11107
2015,315240,16502
2015,315250,143846
2015,315260,6236
2015,315270,8919
2015,315280,27469
2015,315290,8930
2015,315300,3515
2015,315310,5594
2015,315320,3875
2015,315330,3056
2015,315340,19469
2015,315350,8528
2015,315360,10388
2015,315370,3516
2015,315380,1947
2015,315390,16230
2015,315400,24394
2015,315410,10667
2015,315415,7023
2015,315420,11478
2015,315430,17675
2015,315440,4834
2015,315445,8274
2015,315450,9658
2015,315460,322659
2015,315470,4026
2015,315480,9924
2015,315490,14247
2015,315500,2600
2015,315510,5316
2015,315520,5929
2015,315530,5684
2015,315540,9050
2015,315550,12398
2015,315560,30732
2015,315570,14602
2015,315580,17939
2015,315590,5517
2015,315600,13597
2015,315610,4891
2015,315620,2263
2015,315630,7653
2015,315640,3657
2015,315645,4525
2015,315650,7093
2015,315660,10330
2015,315670,134382
2015,315680,15987
2015,315690,25630
2015,315700,41301
2015,315710,7107
2015,315720,30169
2015,315725,8107
2015,315727,3037
2015,315730,4617
2015,315733,8429
2015,315737,4383
2015,315740,5003
2015,315750,4622
2015,315760,4009
2015,315765,6362
2015,315770,12939
2015,315780,216254
2015,315790,15982
2015,315800,10964
2015,315810,5393
2015,315820,14869
2015,315830,7349
2015,315840,3836
2015,315850,8032
2015,315860,4016
2015,315870,2400
2015,315880,4828
2015,315890,8844
2015,315895,31604
2015,315900,4258
2015,315910,3897
2015,315920,9218
2015,315930,5065
2015,315935,7042
2015,315940,3595
2015,315950,5739
2015,315960,41425
2015,315970,3368
2015,315980,19389
2015,315990,18367
2015,316000,3659
2015,316010,4103
2015,316020,4093
2015,316030,12008
2015,316040,27752
2015,316045,7290
2015,316050,1816
2015,316060,3246
2015,316070,47559
2015,316080,5043
2015,316090,3712
2015,316095,5661
2015,316100,17798
2015,316105,3462
2015,316110,56423
2015,316120,6670
2015,316130,6150
2015,316140,5145
2015,316150,11559
2015,316160,4289
2015,316165,3834
2015,316170,6780
2015,316180,11654
2015,316190,10588
2015,316200,25274
2015,316210,34425
2015,316220,7341
2015,316225,4902
2015,316230,2810
2015,316240,25906
2015,316245,12652
2015,316250,89378
2015,316255,11153
2015,316257,5650
2015,316260,7888
2015,316265,4339
2015,316270,23526
2015,316280,16057
2015,316290,26336
2015,316292,29162
2015,316294,7270
2015,316295,22257
2015,316300,4274
2015,316310,4702
2015,316320,4197
2015,316330,3944
2015,316340,5673
2015,316350,6671
2015,316360,2755
2015,316370,44781
2015,316380,7019
2015,316390,4979
2015,316400,8284
2015,316410,5552
2015,316420,11553
2015,316430,7035
2015,316440,5348
2015,316443,2973
2015,316447,6286
2015,316450,10620
2015,316460,6430
2015,316470,69574
2015,316480,1601
2015,316490,2228
2015,316500,11017
2015,316510,7238
2015,316520,7037
2015,316530,7552
2015,316540,6739
2015,316550,6083
2015,316553,29889
2015,316555,11837
2015,316556,2814
2015,316557,5419
2015,316560,2047
2015,316570,7700
2015,316580,1735
2015,316590,4484
2015,316600,5879
2015,316610,3599
2015,316620,10585
2015,316630,7406
2015,316640,1865
2015,316650,4363
2015,316660,818
2015,316670,8767
2015,316680,11325
2015,316690,7796
2015,316695,4712
2015,316700,2030
2015,316710,21427
2015,316720,232107
2015,316730,2282
2015,316740,6283
2015,316750,2640
2015,316760,19421
2015,316770,5842
2015,316780,6055
2015,316790,4021
2015,316800,33315
2015,316805,3203
2015,316810,4542
2015,316820,1922
2015,316830,4030
2015,316840,14672
2015,316850,11793
2015,316860,141046
2015,316870,87542
2015,316880,7640
2015,316890,6871
2015,316900,16637
2015,316905,4124
2015,316910,6153
2015,316920,9033
2015,316930,77921
2015,316935,31028
2015,316940,56649
2015,316950,6669
2015,316960,25363
2015,316970,19454
2015,316980,4964
2015,316990,111012
2015,317000,12397
2015,317005,12558
2015,317010,322126
2015,317020,662362
2015,317030,2727
2015,317040,82887
2015,317043,4474
2015,317047,3336
2015,317050,10585
2015,317052,15556
2015,317057,6634
2015,317060,2213
2015,317065,4989
2015,317070,132353
2015,317075,6762
2015,317080,38534
2015,317090,19702
2015,317100,20652
2015,317103,9056
2015,317107,5773
2015,317110,3826
2015,317115,4883
2015,317120,118557
2015,317130,77318
2015,317140,3765
2015,317150,3373
2015,317160,14030
2015,317170,8867
2015,317180,10810
2015,317190,5664
2015,317200,41182
2015,317210,5288
2015,317220,2617
2015,320010,32454
2015,320013,10065
2015,320016,12025
2015,320020,32205
2015,320030,14973
2015,320035,7934
2015,320040,27624
2015,320050,7924
2015,320060,95056
2015,320070,11181
2015,320080,31467
2015,320090,44599
2015,320100,15318
2015,320110,10176
2015,320115,12755
2015,320120,208702
2015,320130,381802
2015,320140,37829
2015,320150,122646
2015,320160,31127
2015,320170,12766
2015,320180,4649
2015,320190,34416
2015,320200,6890
2015,320210,24271
2015,320220,19985
2015,320225,12284
2015,320230,30685
2015,320240,119802
2015,320245,25244
2015,320250,12358
2015,320255,9386
2015,320260,13788
2015,320265,13096
2015,320270,14829
2015,320280,34272
2015,320290,11289
2015,320300,29585
2015,320305,28644
2015,320310,11876
2015,320313,17022
2015,320316,11438
2015,320320,163662
2015,320330,15121
2015,320332,37923
2015,320334,16127
2015,320335,12353
2015,320340,27349
2015,320350,19224
2015,320360,5885
2015,320370,18909
2015,320380,15626
2015,320390,50294
2015,320400,23418
2015,320405,26128
2015,320410,26589
2015,320420,20716
2015,320425,7749
2015,320430,11309
2015,320435,19181
2015,320440,12045
2015,320450,12885
2015,320455,38850
2015,320460,23735
2015,320465,8709
2015,320470,36328
2015,320480,11012
2015,320490,124575
2015,320495,12384
2015,320500,485376
2015,320501,27966
2015,320503,21141
2015,320506,23744
2015,320510,74499
2015,320515,9368
2015,320517,14657
2015,320520,472762
2015,320530,355875
2015,330010,188276
2015,330015,11023
2015,330020,122865
2015,330022,11970
2015,330023,31067
2015,330025,29097
2015,330030,96865
2015,330040,179915
2015,330045,481127
2015,330050,26278
2015,330060,35964
2015,330070,208451
2015,330080,56290
2015,330090,14836
2015,330093,15008
2015,330095,8250
2015,330100,483970
2015,330110,19759
2015,330115,12558
2015,330120,18200
2015,330130,40305
2015,330140,22163
2015,330150,21063
2015,330160,11121
2015,330170,882729
2015,330180,13626
2015,330185,56515
2015,330187,25901
2015,330190,229007
2015,330200,119143
2015,330205,14569
2015,330210,22779
2015,330220,99021
2015,330225,30240
2015,330227,99863
2015,330230,7298
2015,330240,234628
2015,330245,5398
2015,330250,234809
2015,330260,40779
2015,330270,146549
2015,330280,18099
2015,330285,170751
2015,330290,24842
2015,330300,26665
2015,330310,15013
2015,330320,158309
2015,330330,496696
2015,330340,184786
2015,330350,807492
2015,330360,49521
2015,330370,42356
2015,330380,40478
2015,330385,26818
2015,330390,298142
2015,330395,23887
2015,330400,27838
2015,330410,18059
2015,330411,18266
2015,330412,13543
2015,330414,143632
2015,330415,22700
2015,330420,125214
2015,330430,57615
2015,330440,17826
2015,330450,8892
2015,330452,131976
2015,330455,6476631
2015,330460,10225
2015,330470,41178
2015,330475,41291
2015,330480,37703
2015,330490,1038081
2015,330500,34583
2015,330510,460625
2015,330513,7206
2015,330515,20916
2015,330520,96920
2015,330530,9054
2015,330540,17606
2015,330550,82359
2015,330555,82892
2015,330560,21307
2015,330570,15127
2015,330575,32426
2015,330580,173060
2015,330590,10350
2015,330600,79264
2015,330610,73725
2015,330615,10402
2015,330620,35432
2015,330630,262970
2015,350010,35048
2015,350020,3623
2015,350030,34863
2015,350040,8025
2015,350050,18313
2015,350055,5944
2015,350060,3139
2015,350070,36524
2015,350075,5560
2015,350080,4101
2015,350090,4060
2015,350100,16179
2015,350110,4173
2015,350115,18061
2015,350120,3853
2015,350130,24651
2015,350140,5030
2015,350150,3168
2015,350160,229322
2015,350170,38202
2015,350180,5942
2015,350190,70280
2015,350200,4731
2015,350210,57250
2015,350220,24161
2015,350230,6307
2015,350240,3999
2015,350250,36217
2015,350260,4397
2015,350270,25211
2015,350275,20114
2015,350280,192757
2015,350290,31321
2015,350300,5486
2015,350310,6351
2015,350315,2524
2015,350320,226508
2015,350330,128895
2015,350335,1890
2015,350340,8351
2015,350350,3859
2015,350360,11049
2015,350370,9277
2015,350380,50246
2015,350390,83939
2015,350395,1848
2015,350400,101597
2015,350410,137187
2015,350420,14961
2015,350430,5275
2015,350440,12719
2015,350450,88385
2015,350460,16359
2015,350470,4819
2015,350480,8773
2015,350490,10775
2015,350500,3353
2015,350510,7128
2015,350520,34048
2015,350530,36321
2015,350535,5585
2015,350540,7828
2015,350550,119243
2015,350560,31230
2015,350570,262275
2015,350580,21067
2015,350590,60589
2015,350600,366992
2015,350610,77627
2015,350620,2879
2015,350630,11157
2015,350635,56555
2015,350640,7682
2015,350650,118352
2015,350660,31158
2015,350670,14546
2015,350680,11810
2015,350690,10879
2015,350700,55725
2015,350710,23025
2015,350715,3831
2015,350720,836
2015,350730,4631
2015,350740,15569
2015,350745,2519
2015,350750,139483
2015,350760,160665
2015,350770,5454
2015,350775,2768
2015,350780,23460
2015,350790,23419
2015,350800,19570
2015,350810,16583
2015,350820,4345
2015,350830,4390
2015,350840,46528
2015,350850,91162
2015,350860,32294
2015,350870,18976
2015,350880,17499
2015,350890,4206
2015,350900,95780
2015,350910,5560
2015,350920,71805
2015,350925,28962
2015,350930,10341
2015,350940,25230
2015,350945,5901
2015,350950,1164098
2015,350960,80847
2015,350970,50852
2015,350980,4839
2015,350990,12604
2015,350995,4852
2015,351000,31131
2015,351010,2780
2015,351015,4884
2015,351020,47486
2015,351030,19482
2015,351040,53152
2015,351050,113317
2015,351060,392294
2015,351070,12281
2015,351080,29877
2015,351090,2623
2015,351100,19873
2015,351110,119480
2015,351120,7603
2015,351130,8767
2015,351140,19109
2015,351150,45142
2015,351160,17163
2015,351170,16440
2015,351190,7992
2015,351200,18245
2015,351210,6211
2015,351220,27132
2015,351230,17406
2015,351240,23234
2015,351250,5753
2015,351260,4922
2015,351270,4036
2015,351280,66807
2015,351290,7388
2015,351300,229548
2015,351310,34110
2015,351320,8260
2015,351330,2209
2015,351340,81082
2015,351350,127006
2015,351360,22086
2015,351370,32980
2015,351380,412428
2015,351385,1772
2015,351390,11492
2015,351400,8592
2015,351410,26517
2015,351420,2142
2015,351430,8897
2015,351440,45847
2015,351450,12567
2015,351460,9178
2015,351470,6316
2015,351480,15339
2015,351490,17085
2015,351492,3451
2015,351495,2481
2015,351500,261781
2015,351510,67296
2015,351512,3174
2015,351515,18611
2015,351518,43897
2015,351519,4621
2015,351520,8462
2015,351530,2761
2015,351535,9642
2015,351540,15960
2015,351550,68120
2015,351560,5760
2015,351565,1669
2015,351570,184700
2015,351580,1634
2015,351590,3011
2015,351600,14000
2015,351610,2799
2015,351620,342112
2015,351630,168243
2015,351640,145755
2015,351650,2790
2015,351660,6894
2015,351670,44532
2015,351680,4585
2015,351685,4688
2015,351690,10961
2015,351700,11287
2015,351710,4773
2015,351720,11633
2015,351730,5696
2015,351740,39813
2015,351750,20037
2015,351760,17879
2015,351770,20911
2015,351780,8525
2015,351790,10778
2015,351800,2020
2015,351810,6651
2015,351820,32346
2015,351830,28344
2015,351840,119073
2015,351850,16867
2015,351860,38499
2015,351870,311230
2015,351880,1324781
2015,351885,7446
2015,351890,5103
2015,351900,9278
2015,351905,13375
2015,351907,215819
2015,351910,11066
2015,351920,6481
2015,351925,7970
2015,351930,33535
2015,351940,11861
2015,351950,7376
2015,351960,57649
2015,351970,76432
2015,351980,7997
2015,351990,8036
2015,352000,24451
2015,352010,29727
2015,352020,9349
2015,352030,30390
2015,352040,32197
2015,352042,10291
2015,352044,26344
2015,352050,231033
2015,352060,4941
2015,352070,3969
2015,352080,3881
2015,352090,14579
2015,352100,33367
2015,352110,6914
2015,352115,5022
2015,352120,4333
2015,352130,15567
2015,352140,22557
2015,352150,7774
2015,352160,8187
2015,352170,18015
2015,352180,26042
2015,352190,15177
2015,352200,3606
2015,352210,96222
2015,352215,3337
2015,352220,167236
2015,352230,157016
2015,352240,92710
2015,352250,223404
2015,352260,72967
2015,352265,4135
2015,352270,42343
2015,352280,15115
2015,352290,13328
2015,352300,4717
2015,352310,352801
2015,352320,50105
2015,352330,16759
2015,352340,113284
2015,352350,19738
2015,352360,17160
2015,352370,6321
2015,352380,7831
2015,352390,167095
2015,352400,54128
2015,352410,40994
2015,352420,6882
2015,352430,75820
2015,352440,226539
2015,352450,6486
2015,352460,17851
2015,352470,51907
2015,352480,48922
2015,352490,6092
2015,352500,118832
2015,352510,41799
2015,352520,27473
2015,352530,143283
2015,352540,3216
2015,352550,12725
2015,352560,4416
2015,352570,35538
2015,352580,4687
2015,352585,3142
2015,352590,401896
2015,352600,20066
2015,352610,19359
2015,352620,30642
2015,352630,4954
2015,352640,27384
2015,352650,10590
2015,352660,7052
2015,352670,99388
2015,352680,66131
2015,352690,296440
2015,352700,7485
2015,352710,76092
2015,352720,87178
2015,352725,2249
2015,352730,43862
2015,352740,21196
2015,352750,2364
2015,352760,13378
2015,352770,5511
2015,352780,4549
2015,352790,2729
2015,352800,17013
2015,352810,8033
2015,352820,3746
2015,352830,3215
2015,352840,46015
2015,352850,92323
2015,352860,9592
2015,352870,5435
2015,352880,13913
2015,352885,2885
2015,352890,4072
2015,352900,232006
2015,352910,2150
2015,352920,25805
2015,352930,81439
2015,352940,453286
2015,352950,5161
2015,352960,3912
2015,352965,1931
2015,352970,21728
2015,352980,12700
2015,352990,20533
2015,353000,3007
2015,353010,29043
2015,353020,17979
2015,353030,57857
2015,353040,4668
2015,353050,68797
2015,353060,424633
2015,353070,147233
2015,353080,91483
2015,353090,3441
2015,353100,2235
2015,353110,52492
2015,353120,7736
2015,353130,49456
2015,353140,23857
2015,353150,19304
2015,353160,4188
2015,353170,4467
2015,353180,55409
2015,353190,31620
2015,353200,12934
2015,353205,4607
2015,353210,4415
2015,353215,2979
2015,353220,4657
2015,353230,6786
2015,353240,17794
2015,353250,9008
2015,353260,11303
2015,353270,4835
2015,353280,6555
2015,353282,9307
2015,353284,2032
2015,353286,1217
2015,353290,10439
2015,353300,20717
2015,353310,2288
2015,353320,3588
2015,353325,5313
2015,353330,3843
2015,353340,56764
2015,353350,39543
2015,353360,7255
2015,353370,4302
2015,353380,2628
2015,353390,53360
2015,353400,4209
2015,353410,6421
2015,353420,6493
2015,353430,42678
2015,353440,694844
2015,353450,2615
2015,353460,32475
2015,353470,110282
2015,353475,9564
2015,353480,8330
2015,353490,13961
2015,353500,12231
2015,353510,12336
2015,353520,9596
2015,353530,22094
2015,353540,15458
2015,353550,44794
2015,353560,18125
2015,353570,6290
2015,353580,19357
2015,353590,4018
2015,353600,11098
2015,353610,6122
2015,353620,19391
2015,353625,2134
2015,353630,14093
2015,353640,6981
2015,353650,97702
2015,353657,1839
2015,353660,8924
2015,353670,44910
2015,353680,6044
2015,353690,2570
2015,353700,16517
2015,353710,45579
2015,353715,3071
2015,353720,10967
2015,353730,62071
2015,353740,25767
2015,353750,8213
2015,353760,65226
2015,353770,5739
2015,353780,54717
2015,353790,28309
2015,353800,160614
2015,353810,16342
2015,353820,14423
2015,353830,3679
2015,353850,14123
2015,353860,26688
2015,353870,391449
2015,353880,29664
2015,353890,24546
2015,353900,11220
2015,353910,17646
2015,353920,26594
2015,353930,74587
2015,353940,13093
2015,353950,38211
2015,353960,4941
2015,353970,3434
2015,353980,113793
2015,353990,5833
2015,354000,21375
2015,354010,3508
2015,354020,45978
2015,354025,4433
2015,354030,2593
2015,354040,4269
2015,354050,9299
2015,354060,51928
2015,354070,54761
2015,354075,22453
2015,354080,16709
2015,354085,3547
2015,354090,19814
2015,354100,299261
2015,354105,5021
2015,354110,4179
2015,354120,13568
2015,354130,43535
2015,354140,222192
2015,354150,39407
2015,354160,38764
2015,354165,3587
2015,354170,13702
2015,354180,3166
2015,354190,12600
2015,354200,6437
2015,354210,9004
2015,354220,29778
2015,354230,3930
2015,354240,19733
2015,354250,8640
2015,354260,56280
2015,354270,7223
2015,354280,3408
2015,354290,12909
2015,354300,17646
2015,354310,4579
2015,354320,4573
2015,354323,2245
2015,354325,7682
2015,354330,120396
2015,354340,666323
2015,354350,5941
2015,354360,3597
2015,354370,10796
2015,354380,10133
2015,354390,199961
2015,354400,32982
2015,354410,48302
2015,354420,11766
2015,354425,18459
2015,354430,10344
2015,354440,2983
2015,354450,3060
2015,354460,5502
2015,354470,2456
2015,354480,6002
2015,354490,11438
2015,354500,16688
2015,354510,5152
2015,354515,7818
2015,354520,114171
2015,354530,43574
2015,354540,9223
2015,354550,4076
2015,354560,15178
2015,354570,5971
2015,354580,190139
2015,354600,14534
2015,354610,2137
2015,354620,4332
2015,354625,2084
2015,354630,32749
2015,354640,46633
2015,354650,5681
2015,354660,31348
2015,354670,24737
2015,354680,54926
2015,354690,8687
2015,354700,5902
2015,354710,2937
2015,354720,1591
2015,354730,126574
2015,354740,2564
2015,354750,27502
2015,354760,25666
2015,354765,1523
2015,354770,21044
2015,354780,710210
2015,354790,6739
2015,354800,22389
2015,354805,8169
2015,354810,6053
2015,354820,6767
2015,354830,3011
2015,354840,4611
2015,354850,433966
2015,354860,10864
2015,354870,816925
2015,354880,158024
2015,354890,241389
2015,354900,2857
2015,354910,89027
2015,354920,2612
2015,354925,1885
2015,354930,2141
2015,354940,50110
2015,354950,8823
2015,354960,4185
2015,354970,54388
2015,354980,442548
2015,354990,688597
2015,354995,15177
2015,355000,10731
2015,355010,40367
2015,355020,32769
2015,355030,11967825
2015,355040,34284
2015,355050,7567
2015,355060,86515
2015,355070,83020
2015,355080,12355
2015,355090,15104
2015,355100,355542
2015,355110,9836
2015,355120,3694
2015,355130,3334
2015,355140,13216
2015,355150,42784
2015,355160,28321
2015,355170,120152
2015,355180,13144
2015,355190,16806
2015,355200,6158
2015,355210,39565
2015,355220,644919
2015,355230,7712
2015,355240,265955
2015,355250,285280
2015,355255,3742
2015,355260,12103
2015,355270,15881
2015,355280,272177
2015,355290,6110
2015,355300,12586
2015,355310,6205
2015,355320,5605
2015,355330,23214
2015,355340,25467
2015,355350,8047
2015,355360,13076
2015,355365,2819
2015,355370,56587
2015,355380,23163
2015,355385,5605
2015,355390,7168
2015,355395,14205
2015,355400,116682
2015,355410,302331
2015,355420,4750
2015,355430,22675
2015,355440,9101
2015,355450,40194
2015,355460,2699
2015,355465,2375
2015,355470,9846
2015,355475,1664
2015,355480,44912
2015,355490,5719
2015,355495,6533
2015,355500,65651
2015,355510,15153
2015,355520,2009
2015,355530,1883
2015,355535,5910
2015,355540,86392
2015,355550,4687
2015,355560,9968
2015,355570,1754
2015,355580,9135
2015,355590,1229
2015,355600,13504
2015,355610,12416
2015,355620,120258
2015,355630,24993
2015,355635,9854
2015,355640,41807
2015,355645,48720
2015,355650,116601
2015,355660,10997
2015,355670,72550
2015,355680,18428
2015,355690,8002
2015,355695,1821
2015,355700,117794
2015,355710,91278
2015,355715,2574
2015,355720,12484
2015,355730,10873
2015,410010,7823
2015,410020,6333
2015,410030,8983
2015,410040,112870
2015,410045,3341
2015,410050,21744
2015,410060,14518
2015,410070,10285
2015,410080,11057
2015,410090,5953
2015,410100,18591
2015,410105,2915
2015,410110,20876
2015,410115,2964
2015,410120,19416
2015,410130,7578
2015,410140,130430
2015,410150,115412
2015,410160,27547
2015,410165,3426
2015,410170,14014
2015,410180,133428
2015,410185,2359
2015,410190,16212
2015,410200,34027
2015,410210,25976
2015,410220,4004
2015,410230,12337
2015,410240,32639
2015,410250,12487
2015,410260,10231
2015,410270,2821
2015,410275,3848
2015,410280,15612
2015,410290,16480
2015,410300,4478
2015,410302,2716
2015,410304,6683
2015,410305,7968
2015,410310,12159
2015,410315,3777
2015,410320,6944
2015,410322,3365
2015,410330,7497
2015,410335,5742
2015,410337,3037
2015,410340,2873
2015,410345,16611
2015,410347,4288
2015,410350,8505
2015,410360,25170
2015,410370,103822
2015,410380,7708
2015,410390,15247
2015,410395,4096
2015,410400,41821
2015,410405,4259
2015,410410,7693
2015,410420,124098
2015,410425,27517
2015,410430,92930
2015,410440,16339
2015,410442,15822
2015,410445,13452
2015,410450,19275
2015,410460,15724
2015,410465,21590
2015,410470,14337
2015,410480,312778
2015,410490,70810
2015,410500,10459
2015,410510,11312
2015,410520,17755
2015,410530,11649
2015,410540,19992
2015,410550,77515
2015,410560,12069
2015,410570,17373
2015,410580,232432
2015,410590,23678
2015,410600,8736
2015,410610,3831
2015,410620,17525
2015,410630,17076
2015,410640,48551
2015,410645,7580
2015,410650,21846
2015,410655,3749
2015,410657,4376
2015,410660,21190
2015,410670,4637
2015,410680,18807
2015,410685,3147
2015,410690,1879355
2015,410700,14817
2015,410710,5463
2015,410712,3568
2015,410715,5259
2015,410720,39138
2015,410725,8228
2015,410730,6047
2015,410740,6195
2015,410750,14307
2015,410752,1898
2015,410753,4306
2015,410754,4542
2015,410755,3388
2015,410760,17160
2015,410765,92204
2015,410770,4908
2015,410773,5954
2015,410775,8268
2015,410780,5126
2015,410785,4802
2015,410790,6467
2015,410800,11205
2015,410810,2674
2015,410820,7296
2015,410830,263782
2015,410832,6415
2015,410840,86499
2015,410845,5210
2015,410850,14039
2015,410855,3245
2015,410860,29702
2015,410865,7517
2015,410870,6337
2015,410880,32591
2015,410890,6531
2015,410895,8484
2015,410900,3950
2015,410910,2290
2015,410920,5434
2015,410930,13998
2015,410940,178126
2015,410950,7966
2015,410960,35182
2015,410965,5769
2015,410970,30678
2015,410975,6352
2015,410980,52330
2015,410990,8641
2015,411000,4275
2015,411005,2302
2015,411007,12400
2015,411010,31055
2015,411020,11307
2015,411030,3119
2015,411040,4481
2015,411050,14978
2015,411060,14887
2015,411065,2512
2015,411070,59708
2015,411080,10689
2015,411090,4639
2015,411095,10236
2015,411100,6852
2015,411110,6192
2015,411120,11454
2015,411125,26755
2015,411130,3349
2015,411140,13628
2015,411150,32710
2015,411155,8013
2015,411160,3201
2015,411170,5197
2015,411180,40243
2015,411190,13174
2015,411200,34468
2015,411210,21203
2015,411220,6114
2015,411230,5071
2015,411240,9167
2015,411250,12191
2015,411260,1409
2015,411270,12504
2015,411275,8964
2015,411280,11544
2015,411290,3456
2015,411295,7697
2015,411300,6963
2015,411310,4438
2015,411320,47557
2015,411325,6292
2015,411330,32133
2015,411340,4165
2015,411342,3774
2015,411345,5187
2015,411350,22603
2015,411360,4690
2015,411370,548249
2015,411373,7471
2015,411375,5127
2015,411380,4859
2015,411390,13567
2015,411400,13943
2015,411410,21672
2015,411420,34289
2015,411430,24905
2015,411435,2954
2015,411440,17334
2015,411450,13660
2015,411460,50808
2015,411470,5982
2015,411480,34388
2015,411490,9078
2015,411500,7134
2015,411510,10541
2015,411520,397437
2015,411530,6585
2015,411535,5793
2015,411540,14470
2015,411545,4871
2015,411550,4755
2015,411560,17340
2015,411570,32591
2015,411573,3668
2015,411575,9705
2015,411580,44885
2015,411585,5398
2015,411590,2334
2015,411600,1885
2015,411605,10847
2015,411610,12709
2015,411620,16435
2015,411630,3909
2015,411640,4064
2015,411650,1518
2015,411660,3553
2015,411670,11537
2015,411680,6650
2015,411690,27886
2015,411695,5206
2015,411700,8359
2015,411705,11968
2015,411710,13470
2015,411720,5782
2015,411721,4163
2015,411722,8092
2015,411725,10722
2015,411727,6792
2015,411729,2907
2015,411730,23418
2015,411740,3488
2015,411745,5976
2015,411750,39291
2015,411760,47674
2015,411770,33753
2015,411780,14477
2015,411790,30859
2015,411800,13011
2015,411810,11069
2015,411820,150660
2015,411830,3050
2015,411840,86773
2015,411845,5304
2015,411850,79011
2015,411860,5773
2015,411870,7291
2015,411880,14144
2015,411885,5995
2015,411890,10937
2015,411900,6746
2015,411910,12211
2015,411915,127045
2015,411920,6425
2015,411925,2740
2015,411930,31978
2015,411940,24953
2015,411950,104481
2015,411960,32419
2015,411965,3073
2015,411970,4277
2015,411980,13926
2015,411990,337865
2015,411995,24352
2015,412000,13973
2015,412010,4782
2015,412015,3564
2015,412020,2608
2015,412030,4143
2015,412033,3668
2015,412035,5558
2015,412040,5144
2015,412050,11243
2015,412060,51567
2015,412065,4824
2015,412070,7410
2015,412080,22048
2015,412085,3998
2015,412090,32982
2015,412100,12247
2015,412110,4985
2015,412120,18419
2015,412125,4385
2015,412130,3990
2015,412135,2833
2015,412140,17023
2015,412150,14869
2015,412160,6984
2015,412170,26522
2015,412175,7815
2015,412180,10949
2015,412190,13646
2015,412200,15014
2015,412210,3360
2015,412215,13538
2015,412217,4088
2015,412220,32232
2015,412230,33395
2015,412240,63316
2015,412250,11065
2015,412260,9488
2015,412265,5367
2015,412270,6585
2015,412280,4142
2015,412290,5201
2015,412300,14539
2015,412310,3684
2015,412320,3597
2015,412330,8166
2015,412340,11431
2015,412350,25415
2015,412360,1765
2015,412370,8896
2015,412380,14165
2015,412382,3976
2015,412385,11009
2015,412390,12432
2015,412395,3849
2015,412400,5267
2015,412402,10509
2015,412405,22570
2015,412410,45299
2015,412420,2757
2015,412430,2333
2015,412440,19958
2015,412450,5481
2015,412460,6756
2015,412470,11553
2015,412480,10709
2015,412490,6038
2015,412500,11228
2015,412510,14700
2015,412520,9302
2015,412530,5674
2015,412535,6015
2015,412540,6539
2015,412545,3847
2015,412550,297895
2015,412555,2180
2015,412560,44594
2015,412570,27197
2015,412575,6388
2015,412580,10799
2015,412590,2474
2015,412600,8952
2015,412610,5657
2015,412620,6908
2015,412625,90376
2015,412627,5372
2015,412630,19302
2015,412635,4652
2015,412640,5724
2015,412650,16373
2015,412660,20094
2015,412665,3293
2015,412667,13730
2015,412670,4991
2015,412680,15704
2015,412690,5851
2015,412700,11495
2015,412710,75809
2015,412720,16781
2015,412730,16326
2015,412740,17517
2015,412750,20377
2015,412760,15970
2015,412770,132077
2015,412780,8619
2015,412785,12227
2015,412788,7559
2015,412790,8860
2015,412795,8261
2015,412796,13785
2015,412800,21864
2015,412810,108218
2015,412820,56265
2015,412830,2593
2015,412840,11695
2015,412850,19847
2015,412853,11093
2015,412855,8998
2015,412860,7799
2015,412862,3077
2015,412863,5808
2015,412865,4085
2015,412870,6828
2015,412880,6016
2015,420005,2630
2015,420010,17717
2015,420020,10272
2015,420030,5306
2015,420040,7132
2015,420050,6379
2015,420055,2408
2015,420060,6113
2015,420070,9850
2015,420075,1987
2015,420080,5987
2015,420090,5053
2015,420100,7881
2015,420110,3253
2015,420120,8118
2015,420125,10322
2015,420127,4276
2015,420130,32454
2015,420140,65769
2015,420150,8341
2015,420160,3563
2015,420165,2271
2015,420170,7781
2015,420180,3282
2015,420190,5674
2015,420195,11616
2015,420200,128155
2015,420205,9828
2015,420207,9841
2015,420208,2808
2015,420209,1790
2015,420210,26374
2015,420213,6248
2015,420215,2700
2015,420220,11168
2015,420230,64488
2015,420240,338876
2015,420243,3424
2015,420245,17477
2015,420250,4631
2015,420253,2821
2015,420257,2156
2015,420260,9598
2015,420270,4943
2015,420280,31765
2015,420285,3654
2015,420287,2639
2015,420290,122775
2015,420300,75812
2015,420310,6243
2015,420315,3398
2015,420320,74434
2015,420325,2654
2015,420330,11992
2015,420340,7297
2015,420350,8993
2015,420360,35054
2015,420370,11617
2015,420380,54188
2015,420390,22129
2015,420395,23663
2015,420400,10374
2015,420410,4028
2015,420415,2776
2015,420417,3362
2015,420419,2912
2015,420420,205795
2015,420425,16156
2015,420430,72642
2015,420435,4184
2015,420440,10201
2015,420445,2534
2015,420450,15132
2015,420455,13826
2015,420460,206918
2015,420470,10982
2015,420475,1943
2015,420480,39231
2015,420490,8505
2015,420500,15339
2015,420510,3997
2015,420515,3937
2015,420517,3151
2015,420519,2078
2015,420520,4464
2015,420530,10771
2015,420535,1600
2015,420540,469690
2015,420543,2576
2015,420545,25129
2015,420550,35942
2015,420555,2249
2015,420560,3217
2015,420570,21061
2015,420580,16786
2015,420590,65024
2015,420600,13944
2015,420610,6478
2015,420620,11231
2015,420630,21612
2015,420640,10374
2015,420650,40878
2015,420660,5097
2015,420665,4739
2015,420670,22204
2015,420675,1970
2015,420680,3313
2015,420690,18412
2015,420700,53145
2015,420710,13493
2015,420720,10933
2015,420730,43168
2015,420740,6040
2015,420750,63489
2015,420757,2880
2015,420760,4637
2015,420765,8823
2015,420768,7262
2015,420770,7499
2015,420775,4139
2015,420780,10118
2015,420785,2025
2015,420790,10989
2015,420800,6347
2015,420810,21263
2015,420820,205271
2015,420830,57089
2015,420840,16398
2015,420845,18137
2015,420850,24061
2015,420860,4023
2015,420870,10608
2015,420880,18980
2015,420890,163735
2015,420895,1672
2015,420900,29008
2015,420910,562151
2015,420915,4862
2015,420917,2142
2015,420920,2246
2015,420930,158732
2015,420940,44650
2015,420945,1470
2015,420950,6598
2015,420960,14996
2015,420970,12105
2015,420980,3218
2015,420985,4644
2015,420990,11393
2015,421000,11908
2015,421003,5701
2015,421005,1815
2015,421010,55313
2015,421020,3402
2015,421030,7899
2015,421040,6963
2015,421050,24345
2015,421055,1999
2015,421060,16024
2015,421070,2690
2015,421080,7066
2015,421085,2424
2015,421090,4169
2015,421100,11189
2015,421105,9695
2015,421110,8475
2015,421120,17213
2015,421125,2921
2015,421130,72772
2015,421140,4729
2015,421145,4339
2015,421150,13621
2015,421160,14470
2015,421165,2606
2015,421170,22449
2015,421175,17835
2015,421180,7399
2015,421185,2263
2015,421187,1637
2015,421189,2381
2015,421190,157833
2015,421200,7652
2015,421205,2537
2015,421210,16262
2015,421220,18793
2015,421223,3763
2015,421225,7912
2015,421227,4314
2015,421230,7203
2015,421240,4068
2015,421250,29493
2015,421260,2906
2015,421265,9835
2015,421270,6080
2015,421280,20617
2015,421290,18696
2015,421300,3396
2015,421310,4316
2015,421315,2803
2015,421320,31181
2015,421330,4825
2015,421335,3397
2015,421340,11452
2015,421350,19189
2015,421360,34882
2015,421370,16424
2015,421380,7370
2015,421390,1650
2015,421400,16474
2015,421410,2309
2015,421415,2877
2015,421420,10149
2015,421430,2849
2015,421440,6246
2015,421450,6113
2015,421460,7392
2015,421470,11157
2015,421480,67237
2015,421490,4582
2015,421500,41602
2015,421505,2485
2015,421507,4740
2015,421510,11380
2015,421520,5220
2015,421530,7594
2015,421535,3897
2015,421540,4576
2015,421545,11767
2015,421550,16510
2015,421555,2309
2015,421560,2128
2015,421565,8309
2015,421567,8864
2015,421568,2666
2015,421569,1365
2015,421570,21920
2015,421575,2545
2015,421580,80936
2015,421590,2944
2015,421600,10944
2015,421605,5360
2015,421610,9516
2015,421620,48606
2015,421625,6260
2015,421630,32720
2015,421635,3634
2015,421640,7226
2015,421650,26247
2015,421660,232309
2015,421670,13901
2015,421680,8823
2015,421690,23245
2015,421700,12441
2015,421710,3224
2015,421715,1872
2015,421720,38984
2015,421725,5373
2015,421730,9524
2015,421740,18827
2015,421750,17439
2015,421755,3312
2015,421760,13686
2015,421770,28966
2015,421775,2624
2015,421780,18060
2015,421790,8757
2015,421795,1720
2015,421800,35402
2015,421810,5382
2015,421820,41283
2015,421825,7632
2015,421830,18945
2015,421835,3785
2015,421840,7067
2015,421850,7237
2015,421860,7057
2015,421870,102883
2015,421875,4628
2015,421880,12551
2015,421885,2700
2015,421890,11102
2015,421895,2497
2015,421900,21003
2015,421910,3590
2015,421915,2630
2015,421917,4674
2015,421920,6366
2015,421930,50926
2015,421935,5123
2015,421940,3841
2015,421950,48370
2015,421960,4067
2015,421970,27630
2015,421985,3227
2015,422000,12018
2015,430003,4702
2015,430005,3840
2015,430010,17120
2015,430020,7387
2015,430030,6865
2015,430040,78499
2015,430045,4135
2015,430047,2091
2015,430050,7640
2015,430055,1828
2015,430057,3025
2015,430060,206561
2015,430063,6778
2015,430064,7569
2015,430066,1293
2015,430070,6222
2015,430080,13285
2015,430085,3762
2015,430087,5301
2015,430090,6641
2015,430100,20045
2015,430105,8785
2015,430107,2883
2015,430110,14197
2015,430120,13316
2015,430130,18949
2015,430140,10595
2015,430150,7145
2015,430155,3732
2015,430160,121749
2015,430163,12305
2015,430165,6061
2015,430170,6754
2015,430175,7388
2015,430180,5485
2015,430185,3236
2015,430187,4201
2015,430190,13263
2015,430192,1952
2015,430195,2497
2015,430200,11482
2015,430205,2264
2015,430210,113287
2015,430215,2170
2015,430220,6815
2015,430222,2523
2015,430223,2559
2015,430225,2859
2015,430230,11797
2015,430235,12932
2015,430237,2261
2015,430240,12110
2015,430245,7912
2015,430250,6873
2015,430258,2238
2015,430260,3688
2015,430265,4952
2015,430270,21192
2015,430280,34654
2015,430290,13685
2015,430300,85712
2015,430310,125975
2015,430320,5080
2015,430330,5058
2015,430340,5104
2015,430350,65835
2015,430355,2718
2015,430360,6695
2015,430367,3392
2015,430370,6070
2015,430380,5649
2015,430390,64171
2015,430400,5276
2015,430410,3535
2015,430420,31476
2015,430430,6608
2015,430435,9315
2015,430440,42411
2015,430450,55801
2015,430460,341343
2015,430461,1828
2015,430462,1770
2015,430463,47148
2015,430465,3387
2015,430466,25382
2015,430467,4275
2015,430468,11289
2015,430469,2756
2015,430470,62039
2015,430471,7863
2015,430480,27565
2015,430485,1574
2015,430490,9038
2015,430495,3163
2015,430500,9402
2015,430510,474853
2015,430511,3026
2015,430512,6481
2015,430513,4668
2015,430515,2450
2015,430517,11263
2015,430520,13976
2015,430530,9613
2015,430535,38281
2015,430537,3505
2015,430540,4061
2015,430543,6368
2015,430544,5264
2015,430545,14301
2015,430550,5005
2015,430558,2498
2015,430560,3522
2015,430570,6815
2015,430580,10094
2015,430583,1562
2015,430585,2476
2015,430587,2553
2015,430590,7827
2015,430593,1740
2015,430595,4009
2015,430597,2885
2015,430600,14273
2015,430605,7750
2015,430607,2917
2015,430610,63776
2015,430613,2096
2015,430620,12169
2015,430630,4840
2015,430632,3148
2015,430635,2795
2015,430637,3136
2015,430640,30175
2015,430642,2174
2015,430645,3417
2015,430650,15165
2015,430655,2619
2015,430660,39886
2015,430670,3374
2015,430673,5200
2015,430675,2076
2015,430676,37794
2015,430680,21883
2015,430690,25726
2015,430692,1397
2015,430693,9037
2015,430695,3069
2015,430697,3064
2015,430700,102345
2015,430705,3207
2015,430710,6975
2015,430720,5207
2015,430730,7773
2015,430740,3301
2015,430745,3245
2015,430750,15809
2015,430755,6169
2015,430760,46444
2015,430770,83984
2015,430780,32748
2015,430781,3743
2015,430783,2744
2015,430786,2708
2015,430790,68562
2015,430800,6869
2015,430805,2553
2015,430807,4099
2015,430810,13140
2015,430820,29196
2015,430825,1988
2015,430830,10888
2015,430840,7096
2015,430843,2528
2015,430845,4619
2015,430850,30558
2015,430860,33131
2015,430865,3219
2015,430870,5918
2015,430880,8673
2015,430885,1711
2015,430890,16647
2015,430900,17198
2015,430905,7518
2015,430910,34605
2015,430912,2270
2015,430915,4212
2015,430920,272257
2015,430925,1612
2015,430930,99029
2015,430940,24509
2015,430950,8150
2015,430955,4595
2015,430957,3063
2015,430960,19232
2015,430965,6478
2015,430970,5008
2015,430975,4518
2015,430980,4848
2015,430990,7441
2015,430995,4162
2015,431000,20242
2015,431010,34341
2015,431020,82833
2015,431030,4208
2015,431033,19993
2015,431036,3146
2015,431040,6653
2015,431041,2318
2015,431043,6412
2015,431046,1982
2015,431050,8020
2015,431053,5329
2015,431055,3551
2015,431057,2325
2015,431060,39088
2015,431065,2602
2015,431070,3995
2015,431075,2133
2015,431080,22012
2015,431085,4117
2015,431087,2645
2015,431090,3713
2015,431100,28310
2015,431110,11590
2015,431112,4138
2015,431113,3655
2015,431115,8656
2015,431120,20052
2015,431123,2825
2015,431125,6492
2015,431127,1649
2015,431130,28431
2015,431140,78486
2015,431142,2588
2015,431150,7833
2015,431160,5752
2015,431162,5671
2015,431164,1703
2015,431170,5649
2015,431171,4824
2015,431173,3083
2015,431175,7359
2015,431177,7040
2015,431179,2659
2015,431180,40174
2015,431190,5027
2015,431198,3920
2015,431200,2211
2015,431205,4167
2015,431210,5159
2015,431213,2567
2015,431215,4201
2015,431217,1798
2015,431220,4867
2015,431225,8011
2015,431230,4982
2015,431235,1556
2015,431237,3236
2015,431238,2704
2015,431240,63216
2015,431242,2948
2015,431244,3193
2015,431245,6529
2015,431247,6100
2015,431250,12720
2015,431260,4989
2015,431261,3137
2015,431262,1894
2015,431265,16997
2015,431267,1757
2015,431270,12295
2015,431275,3431
2015,431280,4385
2015,431290,9478
2015,431295,1953
2015,431300,3329
2015,431301,2814
2015,431303,5048
2015,431306,20035
2015,431308,2557
2015,431310,6588
2015,431320,20416
2015,431330,25057
2015,431333,2440
2015,431335,3564
2015,431337,25700
2015,431339,4087
2015,431340,248694
2015,431342,3828
2015,431344,2320
2015,431346,1795
2015,431349,4160
2015,431350,43897
2015,431360,4221
2015,431365,11413
2015,431370,34974
2015,431380,7170
2015,431390,41148
2015,431395,9932
2015,431400,7309
2015,431402,7648
2015,431403,3725
2015,431405,55486
2015,431406,5491
2015,431407,6372
2015,431410,196739
2015,431413,2297
2015,431415,8437
2015,431417,2195
2015,431420,8011
2015,431430,4055
2015,431440,342873
2015,431442,5532
2015,431445,2609
2015,431446,2126
2015,431447,4560
2015,431449,4761
2015,431450,12976
2015,431454,2824
2015,431455,2678
2015,431460,20712
2015,431470,10678
2015,431475,2104
2015,431477,3986
2015,431478,1730
2015,431480,33994
2015,431490,1476867
2015,431500,5313
2015,431505,2557
2015,431507,1733
2015,431510,10758
2015,431513,1847
2015,431514,2705
2015,431515,6372
2015,431517,2041
2015,431520,4185
2015,431530,23579
2015,431531,1849
2015,431532,2816
2015,431535,3811
2015,431540,11025
2015,431545,2195
2015,431550,16334
2015,431555,3418
2015,431560,207860
2015,431570,38934
2015,431575,4571
2015,431580,10976
2015,431590,5955
2015,431595,2542
2015,431600,20712
2015,431610,10655
2015,431620,5544
2015,431630,7289
2015,431640,40773
2015,431642,2676
2015,431643,2876
2015,431645,12429
2015,431647,2769
2015,431650,7315
2015,431660,16139
2015,431670,8793
2015,431673,1698
2015,431675,6183
2015,431680,126084
2015,431690,276108
2015,431695,6328
2015,431697,2495
2015,431700,8434
2015,431710,82968
2015,431720,72240
2015,431725,1781
2015,431730,31436
2015,431740,50635
2015,431750,78976
2015,431755,2198
2015,431760,41977
2015,431770,11174
2015,431775,2056
2015,431780,14349
2015,431790,14757
2015,431795,2485
2015,431800,62990
2015,431805,3064
2015,431810,19495
2015,431820,21551
2015,431830,62785
2015,431840,23527
2015,431842,4840
2015,431843,2651
2015,431844,2846
2015,431845,2736
2015,431846,2186
2015,431848,4463
2015,431849,2220
2015,431850,26977
2015,431860,7116
2015,431861,2260
2015,431862,3470
2015,431870,228370
2015,431880,44541
2015,431890,35193
2015,431900,21204
2015,431910,5821
2015,431912,3306
2015,431915,7728
2015,431920,5732
2015,431930,6348
2015,431935,3584
2015,431936,1984
2015,431937,2983
2015,431940,16788
2015,431950,24676
2015,431960,24432
2015,431970,3621
2015,431971,2257
2015,431973,2752
2015,431975,2124
2015,431980,8787
2015,431990,79560
2015,432000,138357
2015,432010,23036
2015,432020,11164
2015,432023,3063
2015,432026,7388
2015,432030,5134
2015,432032,2885
2015,432035,5486
2015,432040,15814
2015,432045,2235
2015,432050,6169
2015,432055,6246
2015,432057,2132
2015,432060,3890
2015,432065,2487
2015,432067,10400
2015,432070,14944
2015,432080,31261
2015,432085,4460
2015,432090,21525
2015,432100,10803
2015,432110,17354
2015,432120,57238
2015,432130,27128
2015,432132,3090
2015,432135,5554
2015,432140,14039
2015,432143,10634
2015,432145,30170
2015,432146,2912
2015,432147,6384
2015,432149,2988
2015,432150,37107
2015,432160,46369
2015,432162,2389
2015,432163,2873
2015,432166,10811
2015,432170,26092
2015,432180,24485
2015,432183,2924
2015,432185,4471
2015,432190,24647
2015,432195,5961
2015,432200,27867
2015,432210,5993
2015,432215,4586
2015,432218,1584
2015,432220,23521
2015,432225,4366
2015,432230,8574
2015,432232,3596
2015,432234,2265
2015,432235,1413
2015,432237,2481
2015,432240,129652
2015,432250,64857
2015,432252,3434
2015,432253,11650
2015,432254,5548
2015,432255,2087
2015,432260,69859
2015,432270,25700
2015,432280,24686
2015,432285,1976
2015,432290,5271
2015,432300,251978
2015,432310,5224
2015,432320,3070
2015,432330,3363
2015,432335,2193
2015,432340,4393
2015,432345,4365
2015,432350,2887
2015,432360,1613
2015,432370,2873
2015,432375,3463
2015,432377,2953
2015,432380,14197
2015,500020,14474
2015,500025,5038
2015,500060,37590
2015,500070,24748
2015,500080,8844
2015,500085,10149
2015,500090,8679
2015,500100,24414
2015,500110,47162
2015,500124,11399
2015,500150,6771
2015,500190,21775
2015,500200,11208
2015,500210,24113
2015,500215,7898
2015,500220,21047
2015,500230,11903
2015,500240,28437
2015,500260,13731
2015,500270,853622
2015,500280,5838
2015,500290,21622
2015,500295,22620
2015,500310,5513
2015,500315,14815
2015,500320,108656
2015,500325,19508
2015,500330,33139
2015,500345,12650
2015,500348,10965
2015,500350,5723
2015,500370,212870
2015,500375,12128
2015,500380,19220
2015,500390,3012
2015,500400,9992
2015,500410,10136
2015,500430,15637
2015,500440,7664
2015,500450,22896
2015,500460,20162
2015,500470,22928
2015,500480,8567
2015,500490,6860
2015,500500,25473
2015,500510,4038
2015,500515,6399
2015,500520,21860
2015,500525,7017
2015,500540,43078
2015,500560,27104
2015,500568,17884
2015,500570,51535
2015,500580,14233
2015,500600,19656
2015,500620,50893
2015,500625,4306
2015,500627,5150
2015,500630,41495
2015,500635,13494
2015,500640,7794
2015,500660,86717
2015,500690,16514
2015,500710,23167
2015,500720,34776
2015,500730,4910
2015,500740,19462
2015,500750,5252
2015,500755,7633
2015,500769,24982
2015,500770,10832
2015,500780,6455
2015,500790,51355
2015,500793,17483
2015,500795,11035
2015,500797,3570
2015,500800,19914
2015,500830,113619
2015,500840,6027
2015,510010,5362
2015,510020,23551
2015,510025,49991
2015,510030,17509
2015,510035,6146
2015,510040,11229
2015,510050,10704
2015,510060,9674
2015,510080,9400
2015,510100,3083
2015,510120,976
2015,510125,16047
2015,510130,9699
2015,510140,20657
2015,510160,7526
2015,510170,33700
2015,510180,58398
2015,510185,6018
2015,510190,17815
2015,510250,90518
2015,510260,15112
2015,510263,31985
2015,510267,37989
2015,510268,6155
2015,510269,4678
2015,510270,20208
2015,510279,10364
2015,510285,8405
2015,510300,18699
2015,510305,11546
2015,510310,5530
2015,510320,31895
2015,510325,33575
2015,510330,19536
2015,510335,28339
2015,510336,3737
2015,510337,17716
2015,510340,580489
2015,510343,5006
2015,510345,8975
2015,510350,21064
2015,510360,8032
2015,510370,12782
2015,510380,3549
2015,510385,7036
2015,510390,5318
2015,510395,3023
2015,510410,33929
2015,510420,14496
2015,510450,2543
2015,510452,6629
2015,510454,6103
2015,510455,4013
2015,510460,12472
2015,510480,26401
2015,510490,7925
2015,510500,9241
2015,510510,33610
2015,510515,39688
2015,510517,13933
2015,510520,11107
2015,510523,5767
2015,510525,57285
2015,510530,2094
2015,510550,15274
2015,510558,10861
2015,510560,15433
2015,510562,26369
2015,510590,14959
2015,510600,6048
2015,510610,11393
2015,510615,13729
2015,510617,3491
2015,510618,6052
2015,510619,3566
2015,510620,4029
2015,510621,12365
2015,510622,39712
2015,510623,18965
2015,510624,10801
2015,510625,20399
2015,510626,8364
2015,510627,3845
2015,510628,5323
2015,510629,10844
2015,510630,21014
2015,510631,2369
2015,510637,16674
2015,510642,32818
2015,510645,2647
2015,510650,32131
2015,510665,6128
2015,510670,1618
2015,510675,43235
2015,510677,11674
2015,510680,5334
2015,510682,11464
2015,510685,3158
2015,510700,16441
2015,510704,57423
2015,510706,15597
2015,510710,18622
2015,510715,2630
2015,510718,9562
2015,510719,2290
2015,510720,5044
2015,510724,4292
2015,510726,3038
2015,510729,3823
2015,510730,19052
2015,510735,5375
2015,510740,4444
2015,510757,3792
2015,510760,215320
2015,510770,17161
2015,510774,2284
2015,510775,3502
2015,510776,3036
2015,510777,7883
2015,510779,4591
2015,510780,19257
2015,510785,11125
2015,510787,22665
2015,510788,1520
2015,510790,129916
2015,510792,80298
2015,510794,9489
2015,510795,94289
2015,510800,12305
2015,510805,10167
2015,510810,3513
2015,510820,3713
2015,510830,3551
2015,510835,3040
2015,510840,268594
2015,510850,10736
2015,510860,23937
2015,510880,4590
2015,510885,3107
2015,510890,7764
2015,510895,8640
2015,520005,7895
2015,520010,18069
2015,520013,21730
2015,520015,2557
2015,520017,5507
2015,520020,1993
2015,520025,187072
2015,520030,26135
2015,520050,2079
2015,520055,5470
2015,520060,7391
2015,520080,8549
2015,520082,3691
2015,520085,5918
2015,520090,3487
2015,520110,366491
2015,520120,1104
2015,520130,21478
2015,520140,521910
2015,520145,2510
2015,520150,4077
2015,520160,3776
2015,520170,19583
2015,520180,9444
2015,520215,7818
2015,520235,3066
2015,520250,8746
2015,520260,3508
2015,520280,2499
2015,520310,4443
2015,520320,10031
2015,520330,27628
2015,520340,8826
2015,520350,23257
2015,520355,8694
2015,520357,3994
2015,520360,3526
2015,520380,5772
2015,520390,9467
2015,520393,2595
2015,520396,3394
2015,520400,7829
2015,520410,11683
2015,520420,1425
2015,520425,8384
2015,520430,14837
2015,520440,18148
2015,520450,81477
2015,520455,3624
2015,520460,3581
2015,520465,3743
2015,520470,12071
2015,520480,6896
2015,520485,7090
2015,520490,19540
2015,520495,3870
2015,520500,9671
2015,520505,3642
2015,520510,98737
2015,520520,4977
2015,520530,9775
2015,520540,21909
2015,520545,8210
2015,520547,8589
2015,520549,64229
2015,520551,19115
2015,520552,3551
2015,520570,2564
2015,520580,10961
2015,520590,9077
2015,520620,53300
2015,520630,3023
2015,520640,16695
2015,520650,3616
2015,520660,2992
2015,520670,3385
2015,520680,2903
2015,520690,2126
2015,520710,2545
2015,520725,7842
2015,520735,3814
2015,520740,12047
2015,520750,3386
2015,520753,7004
2015,520760,6181
2015,520780,12640
2015,520790,14372
2015,520800,112236
2015,520810,4726
2015,520815,3664
2015,520830,5020
2015,520840,11024
2015,520850,5549
2015,520860,65767
2015,520870,1430697
2015,520880,39484
2015,520890,24439
2015,520910,34043
2015,520915,5499
2015,520920,14441
2015,520929,2268
2015,520940,4204
2015,520945,2134
2015,520960,3731
2015,520970,19761
2015,520980,3927
2015,520990,13423
2015,520993,6066
2015,520995,14895
2015,521000,51543
2015,521010,26373
2015,521015,2940
2015,521020,32194
2015,521030,2923
2015,521040,39629
2015,521056,4703
2015,521060,5488
2015,521080,4961
2015,521090,20945
2015,521100,6776
2015,521120,26639
2015,521130,6853
2015,521140,8957
2015,521150,100548
2015,521160,2601
2015,521170,6272
2015,521180,46790
2015,521190,95998
2015,521200,3024
2015,521205,2444
2015,521210,7422
2015,521220,19346
2015,521225,1435
2015,521230,8167
2015,521250,194039
2015,521260,2432
2015,521270,7945
2015,521280,10414
2015,521290,2198
2015,521295,4500
2015,521300,12956
2015,521305,2715
2015,521308,31031
2015,521310,60464
2015,521340,1704
2015,521350,8319
2015,521370,8224
2015,521375,12101
2015,521377,4387
2015,521380,44607
2015,521385,2369
2015,521390,4817
2015,521400,14752
2015,521405,5914
2015,521410,3917
2015,521440,8641
2015,521450,27341
2015,521460,45243
2015,521470,2358
2015,521480,2181
2015,521483,12653
2015,521486,8575
2015,521487,2944
2015,521490,3470
2015,521500,9105
2015,521520,3341
2015,521523,106677
2015,521525,4298
2015,521530,15254
2015,521540,4016
2015,521550,6142
2015,521560,31129
2015,521565,3499
2015,521570,26393
2015,521580,2416
2015,521590,3661
2015,521600,2722
2015,521630,9760
2015,521640,11199
2015,521645,3105
2015,521680,10547
2015,521690,2614
2015,521710,24772
2015,521720,11164
2015,521730,24444
2015,521740,30703
2015,521760,87474
2015,521770,17873
2015,521800,44798
2015,521805,3670
2015,521810,4015
2015,521830,34663
2015,521839,3380
2015,521850,47377
2015,521860,10969
2015,521870,4788
2015,521878,3931
2015,521880,207296
2015,521890,19832
2015,521900,7783
2015,521910,6259
2015,521920,3095
2015,521925,5194
2015,521930,38378
2015,521935,3836
2015,521940,7916
2015,521945,3331
2015,521950,2722
2015,521960,3814
2015,521970,9876
2015,521971,4714
2015,521973,5527
2015,521975,69988
2015,521980,12307
2015,521990,6341
2015,522000,12070
2015,522005,1597
2015,522010,32491
2015,522015,4980
2015,522020,22728
2015,522026,3987
2015,522028,2062
2015,522040,19110
2015,522045,100367
2015,522050,8147
2015,522060,20233
2015,522068,6834
2015,522070,2970
2015,522100,3626
2015,522108,3290
2015,522119,7389
2015,522130,2898
2015,522140,117454
2015,522145,3562
2015,522150,4857
2015,522155,4904
2015,522157,2973
2015,522160,39483
2015,522170,14190
2015,522180,3153
2015,522185,153255
2015,522190,3827
2015,522200,13456
2015,522205,8171
2015,522220,5495
2015,522230,5578
2015,530010,2914830
2017,110001,25437
2017,110002,107345
2017,110003,6224
2017,110004,88507
2017,110005,17934
2017,110006,18467
2017,110007,8659
2017,110008,17400
2017,110009,33030
2017,110010,47451
2017,110011,55871
2017,110012,132667
2017,110013,38609
2017,110014,21747
2017,110015,39759
2017,110018,38051
2017,110020,519436
2017,110025,22124
2017,110026,3829
2017,110028,57074
2017,110029,8198
2017,110030,95630
2017,110032,24181
2017,110033,28891
2017,110034,16747
2017,110037,14045
2017,110040,20916
2017,110045,39044
2017,110050,10051
2017,110060,6460
2017,110070,14484
2017,110080,25266
2017,110090,3550
2017,110092,10593
2017,110094,22443
2017,110100,9745
2017,110110,10310
2017,110120,10751
2017,110130,12258
2017,110140,16186
2017,110143,7769
2017,110145,5904
2017,110146,2410
2017,110147,3411
2017,110148,5994
2017,110149,19694
2017,110150,12653
2017,110155,4931
2017,110160,11350
2017,110170,13106
2017,110175,11149
2017,110180,8047
2017,120001,14366
2017,120005,6986
2017,120010,24765
2017,120013,9664
2017,120017,11136
2017,120020,82622
2017,120025,17340
2017,120030,32360
2017,120032,7858
2017,120033,17910
2017,120034,8886
2017,120035,17897
2017,120038,18510
2017,120039,11353
2017,120040,383443
2017,120042,17945
2017,120043,6230
2017,120045,21552
2017,120050,43139
2017,120060,40024
2017,120070,18174
2017,120080,17459
2017,130002,15908
2017,130006,11242
2017,130008,12978
2017,130010,20196
2017,130014,21406
2017,130020,19054
2017,130030,38454
2017,130040,27743
2017,130050,31542
2017,130060,41329
2017,130063,18978
2017,130068,18483
2017,130070,34176
2017,130080,40464
2017,130083,12820
2017,130090,15490
2017,130100,28337
2017,130110,37399
2017,130115,29190
2017,130120,84762
2017,130130,27817
2017,130140,34888
2017,130150,19492
2017,130160,19669
2017,130165,16339
2017,130170,53383
2017,130180,28299
2017,130185,47407
2017,130190,99854
2017,130195,8128
2017,130200,9125
2017,130210,4205
2017,130220,13956
2017,130230,15824
2017,130240,44861
2017,130250,96460
2017,130255,30222
2017,130260,2130264
2017,130270,54708
2017,130280,18531
2017,130290,62212
2017,130300,20902
2017,130310,36431
2017,130320,18586
2017,130330,25112
2017,130340,113832
2017,130350,19597
2017,130353,34574
2017,130356,32001
2017,130360,23765
2017,130370,23075
2017,130380,44553
2017,130390,38047
2017,130395,13421
2017,130400,9211
2017,130406,63635
2017,130410,17930
2017,130420,62021
2017,130423,18782
2017,130426,13428
2017,130430,16968
2017,130440,22148
2017,140002,11560
2017,140005,15933
2017,140010,332020
2017,140015,11945
2017,140017,16877
2017,140020,20807
2017,140023,9493
2017,140028,10859
2017,140030,16852
2017,140040,10527
2017,140045,12375
2017,140047,28215
2017,140050,7740
2017,140060,7597
2017,140070,9836
2017,150010,153380
2017,150013,7231
2017,150020,54096
2017,150030,38144
2017,150034,26682
2017,150040,55246
2017,150050,33195
2017,150060,111435
2017,150070,28466
2017,150080,516057
2017,150085,27096
2017,150090,44734
2017,150095,30471
2017,150100,15947
2017,150110,29808
2017,150120,46110
2017,150125,3200
2017,150130,121190
2017,150140,1452275
2017,150145,17249
2017,150150,60990
2017,150157,16517
2017,150160,15834
2017,150170,124184
2017,150172,14689
2017,150175,7182
2017,150178,64194
2017,150180,99896
2017,150190,28331
2017,150195,32947
2017,150200,23110
2017,150210,134100
2017,150215,36027
2017,150220,67150
2017,150230,52839
2017,150240,195253
2017,150250,23066
2017,150260,11759
2017,150270,46571
2017,150275,32395
2017,150276,13093
2017,150277,17453
2017,150280,33490
2017,150285,13996
2017,150290,38959
2017,150293,58071
2017,150295,32892
2017,150300,7009
2017,150304,19746
2017,150307,25363
2017,150309,39352
2017,150310,32458
2017,150320,37753
2017,150330,60994
2017,150340,11388
2017,150345,62237
2017,150350,31673
2017,150360,98523
2017,150370,51835
2017,150375,8059
2017,150380,57526
2017,150390,56325
2017,150400,28138
2017,150405,29260
2017,150410,8316
2017,150420,271594
2017,150430,28679
2017,150440,27569
2017,150442,127858
2017,150445,30726
2017,150450,26897
2017,150460,30277
2017,150470,79825
2017,150475,15646
2017,150480,56466
2017,150490,39231
2017,150495,20789
2017,150497,16221
2017,150500,14942
2017,150503,25071
2017,150506,73802
2017,150510,50727
2017,150520,31619
2017,150530,71078
2017,150540,17356
2017,150543,31921
2017,150548,46383
2017,150549,7386
2017,150550,110026
2017,150553,202356
2017,150555,5341
2017,150560,7860
2017,150563,12632
2017,150565,30109
2017,150570,30219
2017,150580,60322
2017,150590,39991
2017,150600,29067
2017,150610,10534
2017,150611,13237
2017,150613,82464
2017,150616,17705
2017,150618,50925
2017,150619,49093
2017,150620,39569
2017,150630,23096
2017,150635,20492
2017,150640,9845
2017,150650,68836
2017,150655,19316
2017,150658,20849
2017,150660,24186
2017,150670,70764
2017,150680,296302
2017,150690,6526
2017,150700,30611
2017,150710,17563
2017,150715,24859
2017,150720,31123
2017,150730,124806
2017,150740,15454
2017,150745,24188
2017,150746,5970
2017,150747,22415
2017,150750,13616
2017,150760,57364
2017,150770,25904
2017,150775,5766
2017,150780,11357
2017,150790,24682
2017,150795,103321
2017,150796,11399
2017,150797,18257
2017,150800,61709
2017,150803,30108
2017,150805,18469
2017,150808,38508
2017,150810,110516
2017,150812,57525
2017,150815,44258
2017,150820,52216
2017,150830,59735
2017,150835,14719
2017,150840,43530
2017,160005,5111
2017,160010,8757
2017,160015,15125
2017,160020,10525
2017,160021,5637
2017,160023,7270
2017,160025,5172
2017,160027,47554
2017,160030,474706
2017,160040,20387
2017,160050,25514
2017,160053,20611
2017,160055,4779
2017,160060,115471
2017,160070,16112
2017,160080,14991
2017,170025,2571
2017,170030,6460
2017,170035,5527
2017,170040,7273
2017,170070,8516
2017,170100,9749
2017,170105,3423
2017,170110,4726
2017,170130,5865
2017,170190,7003
2017,170200,8692
2017,170210,175960
2017,170215,5645
2017,170220,35216
2017,170230,6756
2017,170240,10727
2017,170255,18089
2017,170270,3735
2017,170290,9776
2017,170300,10752
2017,170305,3500
2017,170307,4544
2017,170310,5643
2017,170320,4518
2017,170330,4700
2017,170360,2199
2017,170370,5499
2017,170380,11135
2017,170382,2276
2017,170384,9795
2017,170386,4296
2017,170388,2555
2017,170389,4055
2017,170390,5265
2017,170410,2866
2017,170460,1407
2017,170510,3364
2017,170550,34839
2017,170555,4874
2017,170560,4179
2017,170600,5529
2017,170610,7374
2017,170625,1708
2017,170650,5988
2017,170700,21738
2017,170710,6868
2017,170720,7286
2017,170730,4727
2017,170740,10793
2017,170755,3879
2017,170765,5352
2017,170770,8893
2017,170820,18684
2017,170825,2584
2017,170830,5153
2017,170900,12973
2017,170930,25642
2017,170950,85523
2017,170980,1955
2017,171050,7456
2017,171070,5980
2017,171090,3772
2017,171110,2465
2017,171150,3821
2017,171180,2229
2017,171190,12808
2017,171195,4191
2017,171200,3092
2017,171215,1875
2017,171240,3787
2017,171245,3038
2017,171250,5054
2017,171270,2614
2017,171280,3409
2017,171320,19055
2017,171330,13426
2017,171360,7770
2017,171370,2264
2017,171380,6535
2017,171395,3507
2017,171420,9312
2017,171430,4060
2017,171488,11715
2017,171500,4203
2017,171510,4267
2017,171515,2353
2017,171525,2697
2017,171550,1110
2017,171570,5859
2017,171575,7687
2017,171610,50360
2017,171620,10562
2017,171630,4853
2017,171650,13288
2017,171660,11591
2017,171665,5453
2017,171670,8409
2017,171700,4520
2017,171720,3044
2017,171750,7536
2017,171780,4645
2017,171790,7949
2017,171800,3102
2017,171820,52828
2017,171830,8365
2017,171840,3733
2017,171845,2650
2017,171850,4230
2017,171855,4601
2017,171865,2061
2017,171870,2810
2017,171875,6512
2017,171880,4579
2017,171884,3410
2017,171886,7402
2017,171888,3356
2017,171889,2343
2017,171890,4833
2017,171900,2825
2017,172000,2550
2017,172010,5231
2017,172015,1571
2017,172020,11906
2017,172025,3084
2017,172030,4749
2017,172049,4111
2017,172065,5399
2017,172080,9192
2017,172085,1941
2017,172090,16530
2017,172093,2130
2017,172097,2777
2017,172100,286787
2017,172110,7460
2017,172120,23119
2017,172125,1843
2017,172130,2574
2017,172208,11677
2017,172210,11683
2017,210005,111339
2017,210010,6486
2017,210015,12457
2017,210020,21673
2017,210030,26387
2017,210040,8070
2017,210043,26872
2017,210047,31312
2017,210050,11001
2017,210055,6895
2017,210060,41106
2017,210070,27352
2017,210080,15696
2017,210083,18374
2017,210087,15332
2017,210090,46074
2017,210095,32145
2017,210100,29388
2017,210110,11975
2017,210120,103359
2017,210125,17053
2017,210130,17435
2017,210135,5574
2017,210140,94779
2017,210150,18619
2017,210160,87135
2017,210170,62458
2017,210173,7422
2017,210177,11103
2017,210180,5528
2017,210190,20881
2017,210193,5973
2017,210197,9320
2017,210200,41120
2017,210203,34278
2017,210207,16214
2017,210210,36102
2017,210215,8696
2017,210220,28306
2017,210230,23495
2017,210232,71979
2017,210235,15180
2017,210237,8930
2017,210240,11019
2017,210250,19110
2017,210255,14219
2017,210260,19943
2017,210270,21759
2017,210275,10713
2017,210280,23803
2017,210290,23576
2017,210300,162657
2017,210310,10490
2017,210312,8615
2017,210315,13555
2017,210317,21565
2017,210320,78965
2017,210325,14539
2017,210330,120810
2017,210340,48756
2017,210350,40575
2017,210355,16192
2017,210360,64403
2017,210370,30706
2017,210375,12659
2017,210380,22912
2017,210390,11208
2017,210400,16653
2017,210405,42110
2017,210407,8372
2017,210408,10326
2017,210409,18997
2017,210410,12403
2017,210420,15262
2017,210430,11830
2017,210440,17586
2017,210450,10700
2017,210455,18316
2017,210460,16582
2017,210462,7708
2017,210465,9921
2017,210467,24991
2017,210470,6134
2017,210480,69232
2017,210490,11728
2017,210500,28509
2017,210510,26835
2017,210515,14147
2017,210520,11206
2017,210530,254569
2017,210535,16009
2017,210540,67726
2017,210542,25589
2017,210545,10221
2017,210547,16321
2017,210550,23042
2017,210560,15891
2017,210565,3237
2017,210570,49856
2017,210580,10672
2017,210590,16025
2017,210592,11048
2017,210594,8664
2017,210596,11286
2017,210598,7489
2017,210600,11695
2017,210610,12009
2017,210620,6867
2017,210630,19779
2017,210632,21293
2017,210635,7604
2017,210637,16366
2017,210640,16745
2017,210650,23091
2017,210660,33374
2017,210663,16908
2017,210667,8326
2017,210670,20613
2017,210675,28456
2017,210680,14744
2017,210690,33156
2017,210700,8889
2017,210710,19282
2017,210720,14489
2017,210725,5350
2017,210730,4586
2017,210735,20768
2017,210740,19206
2017,210745,14637
2017,210750,122420
2017,210760,19424
2017,210770,21116
2017,210780,34375
2017,210790,18839
2017,210800,19271
2017,210805,15937
2017,210810,20657
2017,210820,38365
2017,210825,25000
2017,210830,38144
2017,210840,14074
2017,210845,23019
2017,210850,32488
2017,210860,82374
2017,210870,20861
2017,210880,18413
2017,210890,17023
2017,210900,23760
2017,210905,5819
2017,210910,47239
2017,210920,12656
2017,210923,6968
2017,210927,18797
2017,210930,11474
2017,210940,15207
2017,210945,30863
2017,210950,19701
2017,210955,7691
2017,210960,42314
2017,210970,5568
2017,210975,7708
2017,210980,41891
2017,210990,88013
2017,211000,71576
2017,211003,24946
2017,211010,25334
2017,211020,37090
2017,211023,13395
2017,211027,15853
2017,211030,14222
2017,211040,18377
2017,211050,46039
2017,211060,28208
2017,211065,7291
2017,211070,33691
2017,211080,4453
2017,211085,11808
2017,211090,11976
2017,211100,20307
2017,211102,15450
2017,211105,10977
2017,211107,18345
2017,211110,25520
2017,211120,176418
2017,211125,7484
2017,211130,1091868
2017,211140,18247
2017,211150,40992
2017,211153,12511
2017,211157,4601
2017,211160,18680
2017,211163,4946
2017,211167,6704
2017,211170,20913
2017,211172,13949
2017,211174,11042
2017,211176,13877
2017,211178,11040
2017,211180,17851
2017,211190,10416
2017,211195,5571
2017,211200,8455
2017,211210,28635
2017,211220,167619
2017,211223,21749
2017,211227,5746
2017,211230,41342
2017,211240,35063
2017,211245,25533
2017,211250,58605
2017,211260,33038
2017,211270,56511
2017,211280,51738
2017,211285,13480
2017,211290,32267
2017,211300,30879
2017,211400,51084
2017,220005,6966
2017,220010,5062
2017,220020,17119
2017,220025,7526
2017,220027,4838
2017,220030,14070
2017,220040,39864
2017,220045,5326
2017,220050,17322
2017,220060,6684
2017,220070,9705
2017,220080,3114
2017,220090,5748
2017,220095,2511
2017,220100,4656
2017,220105,7717
2017,220110,11503
2017,220115,11375
2017,220117,3889
2017,220120,46291
2017,220130,3294
2017,220140,6925
2017,220150,26421
2017,220155,3947
2017,220157,3503
2017,220160,10037
2017,220170,5413
2017,220173,6106
2017,220177,6663
2017,220180,4428
2017,220190,24711
2017,220191,5535
2017,220192,5577
2017,220194,6300
2017,220196,8192
2017,220198,3823
2017,220200,19464
2017,220202,8108
2017,220205,10406
2017,220207,3497
2017,220208,7510
2017,220209,5684
2017,220210,5522
2017,220211,4957
2017,220213,5842
2017,220217,7154
2017,220220,46082
2017,220225,3892
2017,220230,20831
2017,220240,11229
2017,220245,4033
2017,220250,10729
2017,220253,5769
2017,220255,4982
2017,220260,19410
2017,220265,5330
2017,220270,27338
2017,220271,4812
2017,220272,6054
2017,220273,3953
2017,220275,6372
2017,220277,7536
2017,220280,4726
2017,220285,4608
2017,220290,26205
2017,220300,8154
2017,220310,10253
2017,220320,11190
2017,220323,4871
2017,220325,4367
2017,220327,5251
2017,220330,13595
2017,220335,6896
2017,220340,6790
2017,220342,4287
2017,220345,9404
2017,220350,14383
2017,220360,4834
2017,220370,39078
2017,220375,5220
2017,220380,4393
2017,220385,2518
2017,220390,58969
2017,220400,5264
2017,220410,4288
2017,220415,3128
2017,220420,9154
2017,220430,11432
2017,220435,5352
2017,220440,10522
2017,220450,10335
2017,220455,4489
2017,220460,3816
2017,220465,9268
2017,220470,15065
2017,220480,9649
2017,220490,8428
2017,220500,11343
2017,220510,10845
2017,220515,5656
2017,220520,18782
2017,220525,4430
2017,220527,4786
2017,220530,4384
2017,220535,2961
2017,220540,14123
2017,220545,5350
2017,220550,38550
2017,220551,5391
2017,220552,5534
2017,220553,4683
2017,220554,2796
2017,220555,8395
2017,220556,4582
2017,220557,6646
2017,220558,3996
2017,220559,5087
2017,220560,5217
2017,220570,29792
2017,220580,25082
2017,220585,8170
2017,220590,5266
2017,220595,8342
2017,220600,4478
2017,220605,6338
2017,220610,10759
2017,220620,33209
2017,220630,1228
2017,220635,6511
2017,220640,10409
2017,220650,7621
2017,220660,10448
2017,220665,4066
2017,220667,6684
2017,220669,8997
2017,220670,7231
2017,220672,8425
2017,220675,4786
2017,220680,8547
2017,220690,6466
2017,220695,2940
2017,220700,36432
2017,220710,2417
2017,220720,6758
2017,220730,4065
2017,220735,3333
2017,220740,4967
2017,220750,14295
2017,220755,3886
2017,220760,10613
2017,220770,150547
2017,220775,4500
2017,220777,6288
2017,220779,3975
2017,220780,20192
2017,220785,3623
2017,220790,38127
2017,220793,2495
2017,220795,4302
2017,220800,76928
2017,220810,11935
2017,220820,18125
2017,220830,28312
2017,220840,62733
2017,220850,12358
2017,220855,2664
2017,220860,3103
2017,220865,8842
2017,220870,8634
2017,220880,17698
2017,220885,4246
2017,220887,4403
2017,220890,7214
2017,220900,6331
2017,220910,6140
2017,220915,3952
2017,220920,6156
2017,220930,5761
2017,220935,4559
2017,220937,5175
2017,220940,6305
2017,220945,2125
2017,220950,3731
2017,220955,4377
2017,220960,2901
2017,220965,5657
2017,220970,6324
2017,220975,2988
2017,220980,4931
2017,220985,4534
2017,220987,5938
2017,220990,6050
2017,220995,4762
2017,220997,7847
2017,221000,20258
2017,221005,5260
2017,221010,3689
2017,221020,6602
2017,221030,6261
2017,221035,4501
2017,221037,2602
2017,221038,2413
2017,221039,2991
2017,221040,17395
2017,221050,14056
2017,221060,34109
2017,221062,3421
2017,221063,4224
2017,221065,9880
2017,221070,14398
2017,221080,12488
2017,221090,4500
2017,221093,6612
2017,221095,2870
2017,221097,2719
2017,221100,850198
2017,221110,43761
2017,221120,21188
2017,221130,20588
2017,221135,4873
2017,221140,4325
2017,221150,3029
2017,221160,2931
2017,221170,4390
2017,230010,11605
2017,230015,16543
2017,230020,62199
2017,230030,53572
2017,230040,17194
2017,230050,11459
2017,230060,7479
2017,230070,16976
2017,230075,42901
2017,230080,7278
2017,230090,14719
2017,230100,79128
2017,230110,73629
2017,230120,26269
2017,230125,10823
2017,230130,21398
2017,230140,11244
2017,230150,7777
2017,230160,23254
2017,230170,24496
2017,230180,6228
2017,230185,18027
2017,230190,59811
2017,230195,20978
2017,230200,22440
2017,230205,14880
2017,230210,35351
2017,230220,53110
2017,230230,32378
2017,230240,54049
2017,230250,48830
2017,230260,62985
2017,230270,27209
2017,230280,77514
2017,230290,17668
2017,230300,22320
2017,230310,18660
2017,230320,26892
2017,230330,18804
2017,230340,17631
2017,230350,71079
2017,230360,20451
2017,230365,10365
2017,230370,362223
2017,230380,25063
2017,230390,12952
2017,230393,13384
2017,230395,19197
2017,230400,23107
2017,230410,74426
2017,230420,130604
2017,230423,17874
2017,230425,23983
2017,230426,9521
2017,230427,7163
2017,230428,52667
2017,230430,18720
2017,230435,24047
2017,230440,2627482
2017,230445,16272
2017,230450,13669
2017,230460,6922
2017,230465,15307
2017,230470,54365
2017,230480,4425
2017,230490,11012
2017,230495,26331
2017,230500,39445
2017,230510,3547
2017,230520,20215
2017,230523,65928
2017,230526,13218
2017,230530,24825
2017,230533,12350
2017,230535,19685
2017,230540,67486
2017,230550,102614
2017,230560,25967
2017,230565,11499
2017,230570,12349
2017,230580,41576
2017,230590,37896
2017,230600,14125
2017,230610,23858
2017,230620,7738
2017,230625,39310
2017,230630,51945
2017,230640,127465
2017,230650,20014
2017,230655,41230
2017,230660,20675
2017,230670,17958
2017,230680,11295
2017,230690,34448
2017,230700,33740
2017,230710,27076
2017,230720,7847
2017,230725,19510
2017,230730,270383
2017,230740,24597
2017,230750,31335
2017,230760,58915
2017,230763,19800
2017,230765,224804
2017,230770,126486
2017,230780,26981
2017,230790,11082
2017,230800,38210
2017,230810,46548
2017,230820,14948
2017,230830,28231
2017,230835,13136
2017,230837,13583
2017,230840,35409
2017,230850,43735
2017,230860,17038
2017,230870,61548
2017,230880,8636
2017,230890,22222
2017,230900,14377
2017,230910,12831
2017,230920,15433
2017,230930,32035
2017,230940,28353
2017,230945,25394
2017,230950,21292
2017,230960,70911
2017,230970,82824
2017,230980,11960
2017,230990,6202
2017,231000,9285
2017,231010,13145
2017,231020,33894
2017,231025,32515
2017,231030,31137
2017,231040,11578
2017,231050,42841
2017,231060,8956
2017,231070,37077
2017,231080,16163
2017,231085,20644
2017,231090,16731
2017,231095,10784
2017,231100,12243
2017,231110,14921
2017,231120,10918
2017,231123,6356
2017,231126,20860
2017,231130,86605
2017,231135,14860
2017,231140,78658
2017,231150,21876
2017,231160,27441
2017,231170,18769
2017,231180,76475
2017,231190,15678
2017,231195,16331
2017,231200,32023
2017,231210,17489
2017,231220,43360
2017,231230,46648
2017,231240,48265
2017,231250,7621
2017,231260,12849
2017,231270,26447
2017,231280,7513
2017,231290,205529
2017,231300,18158
2017,231310,30489
2017,231320,25525
2017,231325,8852
2017,231330,58119
2017,231335,18902
2017,231340,74719
2017,231350,55207
2017,231355,15935
2017,231360,34332
2017,231370,7671
2017,231375,19679
2017,231380,21609
2017,231390,13677
2017,231395,18239
2017,231400,40440
2017,231410,60030
2017,240010,11333
2017,240020,58183
2017,240030,11211
2017,240040,3260
2017,240050,13827
2017,240060,4854
2017,240070,14365
2017,240080,11909
2017,240090,7237
2017,240100,36323
2017,240110,27401
2017,240120,14307
2017,240130,9768
2017,240140,9309
2017,240145,28085
2017,240150,4064
2017,240160,5527
2017,240165,2307
2017,240170,10254
2017,240180,12720
2017,240185,6624
2017,240190,3680
2017,240200,68222
2017,240210,11244
2017,240220,34267
2017,240230,20707
2017,240240,8188
2017,240250,10715
2017,240260,73849
2017,240270,11344
2017,240280,5593
2017,240290,4980
2017,240300,8147
2017,240310,45228
2017,240320,7190
2017,240325,254709
2017,240330,5666
2017,240340,6119
2017,240350,10702
2017,240360,28331
2017,240370,6052
2017,240375,3072
2017,240380,9262
2017,240390,2890
2017,240400,4180
2017,240410,2715
2017,240420,26068
2017,240430,13157
2017,240440,10386
2017,240450,15309
2017,240460,13714
2017,240470,15464
2017,240480,2251
2017,240485,7571
2017,240490,5930
2017,240500,9068
2017,240510,6942
2017,240520,5386
2017,240530,10096
2017,240540,5247
2017,240550,2663
2017,240560,14858
2017,240570,12579
2017,240580,35087
2017,240590,2695
2017,240600,6050
2017,240610,18530
2017,240615,3910
2017,240620,6793
2017,240630,7579
2017,240640,2771
2017,240650,15590
2017,240660,8269
2017,240670,11316
2017,240680,4822
2017,240690,4002
2017,240700,10211
2017,240710,80031
2017,240720,31859
2017,240725,4002
2017,240730,8492
2017,240740,8793
2017,240750,12223
2017,240760,4608
2017,240770,11503
2017,240780,22462
2017,240790,2178
2017,240800,295619
2017,240810,885180
2017,240820,27372
2017,240830,37695
2017,240840,4349
2017,240850,4882
2017,240860,4276
2017,240870,3859
2017,240880,5258
2017,240890,21669
2017,240895,10901
2017,240910,13099
2017,240920,3109
2017,240930,12844
2017,240933,5500
2017,240940,30452
2017,240950,3356
2017,240960,2532
2017,240970,6938
2017,240980,14954
2017,240990,15083
2017,241000,3836
2017,241010,15418
2017,241020,7909
2017,241025,6789
2017,241030,10099
2017,241040,9568
2017,241050,5115
2017,241060,3234
2017,241070,3566
2017,241080,4277
2017,241090,8075
2017,241100,4545
2017,241105,4100
2017,241110,3669
2017,241120,39667
2017,241140,13289
2017,241142,2701
2017,241150,24220
2017,241160,2846
2017,241170,4425
2017,241180,3617
2017,241190,4238
2017,241200,101492
2017,241210,6260
2017,241220,43995
2017,241230,13007
2017,241240,4643
2017,241250,23610
2017,241255,9606
2017,241260,17572
2017,241270,6139
2017,241280,8343
2017,241290,11223
2017,241300,6469
2017,241310,6188
2017,241320,4423
2017,241330,5870
2017,241335,11838
2017,241340,8175
2017,241350,6422
2017,241355,4841
2017,241360,3150
2017,241370,5528
2017,241380,2566
2017,241390,12428
2017,241400,15866
2017,241410,10814
2017,241415,5912
2017,241420,13895
2017,241430,2437
2017,241440,34043
2017,241445,3327
2017,241450,10781
2017,241460,14609
2017,241470,5554
2017,241475,4187
2017,241480,12371
2017,241490,1731
2017,241500,3173
2017,250010,10258
2017,250020,5562
2017,250030,28565
2017,250040,20689
2017,250050,14464
2017,250053,5499
2017,250057,2501
2017,250060,19579
2017,250070,17940
2017,250073,2246
2017,250077,8430
2017,250080,17003
2017,250090,13538
2017,250100,20418
2017,250110,22776
2017,250115,2126
2017,250120,6975
2017,250130,19154
2017,250135,3921
2017,250140,9070
2017,250150,21156
2017,250153,4925
2017,250157,8241
2017,250160,15421
2017,250170,5979
2017,250180,97010
2017,250190,17685
2017,250200,7347
2017,250205,3438
2017,250210,5349
2017,250215,7083
2017,250220,2567
2017,250230,4972
2017,250240,11938
2017,250250,17842
2017,250260,6173
2017,250270,5430
2017,250280,14107
2017,250290,6457
2017,250300,21872
2017,250310,5570
2017,250320,68033
2017,250330,10265
2017,250340,3749
2017,250350,17156
2017,250355,7183
2017,250360,7283
2017,250370,62187
2017,250375,3197
2017,250380,6025
2017,250390,6020
2017,250400,410332
2017,250403,6552
2017,250407,4171
2017,250410,2667
2017,250415,7476
2017,250420,4934
2017,250430,30534
2017,250435,4839
2017,250440,18944
2017,250450,6753
2017,250460,24769
2017,250470,4789
2017,250480,15426
2017,250485,1925
2017,250490,17559
2017,250500,7274
2017,250510,20348
2017,250520,6790
2017,250523,6358
2017,250527,5232
2017,250530,2517
2017,250535,5343
2017,250540,8306
2017,250550,3808
2017,250560,6550
2017,250570,10383
2017,250580,3594
2017,250590,3528
2017,250600,33266
2017,250610,11313
2017,250620,2990
2017,250625,8435
2017,250630,58881
2017,250640,14134
2017,250650,3436
2017,250660,5925
2017,250670,11833
2017,250680,18163
2017,250690,24475
2017,250700,24842
2017,250710,18715
2017,250720,10876
2017,250730,14378
2017,250740,7742
2017,250750,811598
2017,250760,7950
2017,250770,18213
2017,250780,7165
2017,250790,10770
2017,250800,9868
2017,250810,4666
2017,250820,7670
2017,250830,27543
2017,250840,2725
2017,250850,7386
2017,250855,4343
2017,250860,13121
2017,250870,4009
2017,250880,5665
2017,250890,45005
2017,250900,11120
2017,250905,8586
2017,250910,21854
2017,250915,6614
2017,250920,13853
2017,250930,8466
2017,250933,4537
2017,250937,2915
2017,250939,6587
2017,250940,13286
2017,250950,5691
2017,250960,4825
2017,250970,33294
2017,250980,9922
2017,250990,10460
2017,251000,7296
2017,251010,10639
2017,251020,5944
2017,251030,4910
2017,251040,6512
2017,251050,3951
2017,251060,3042
2017,251065,1769
2017,251070,2424
2017,251080,107790
2017,251090,12308
2017,251100,3803
2017,251110,8122
2017,251120,28499
2017,251130,16091
2017,251140,18737
2017,251150,11938
2017,251160,6607
2017,251170,5080
2017,251180,10585
2017,251190,19182
2017,251200,18622
2017,251203,3770
2017,251207,4318
2017,251210,32766
2017,251220,4179
2017,251230,23489
2017,251240,13715
2017,251250,44214
2017,251260,1964
2017,251270,19579
2017,251272,6099
2017,251274,3607
2017,251275,4529
2017,251276,4519
2017,251278,1985
2017,251280,8609
2017,251290,24154
2017,251300,3980
2017,251310,12145
2017,251315,6557
2017,251320,6585
2017,251330,5887
2017,251335,3596
2017,251340,15401
2017,251350,5159
2017,251360,7024
2017,251365,2690
2017,251370,136851
2017,251380,4573
2017,251385,2519
2017,251390,34215
2017,251392,4540
2017,251394,2601
2017,251396,3120
2017,251398,3363
2017,251400,4296
2017,251410,4423
2017,251420,7679
2017,251430,6279
2017,251440,4635
2017,251445,5969
2017,251450,20163
2017,251455,3842
2017,251460,3566
2017,251465,1806
2017,251470,4145
2017,251480,3711
2017,251490,7721
2017,251500,7180
2017,251510,11845
2017,251520,3496
2017,251530,52697
2017,251540,11084
2017,251550,13707
2017,251560,3121
2017,251570,3100
2017,251580,7020
2017,251590,6093
2017,251593,5044
2017,251597,7795
2017,251600,26376
2017,251610,14987
2017,251615,3567
2017,251620,69554
2017,251630,16957
2017,251640,10967
2017,251650,15276
2017,251660,14661
2017,251670,15191
2017,251675,3066
2017,251680,9482
2017,251690,15382
2017,251700,9913
2017,251710,2820
2017,251720,5358
2017,251740,2245
2017,260005,99364
2017,260010,37017
2017,260020,19411
2017,260030,24644
2017,260040,36371
2017,260050,43087
2017,260060,14517
2017,260070,38267
2017,260080,22896
2017,260090,22726
2017,260100,11045
2017,260105,20268
2017,260110,83757
2017,260120,73667
2017,260130,14224
2017,260140,42438
2017,260150,11992
2017,260160,20670
2017,260170,75986
2017,260180,12637
2017,260190,60549
2017,260200,37816
2017,260210,48214
2017,260220,39025
2017,260230,38044
2017,260240,8973
2017,260250,7465
2017,260260,50138
2017,260270,13085
2017,260280,57696
2017,260290,204653
2017,260300,33856
2017,260310,20209
2017,260320,28500
2017,260330,11055
2017,260340,5736
2017,260345,156361
2017,260350,18583
2017,260360,8493
2017,260370,24762
2017,260380,19991
2017,260390,19440
2017,260392,12805
2017,260400,82685
2017,260410,356128
2017,260415,14274
2017,260420,42343
2017,260430,11695
2017,260440,13396
2017,260450,21525
2017,260460,26186
2017,260470,18098
2017,260480,12560
2017,260490,11559
2017,260500,23977
2017,260510,36753
2017,260515,18692
2017,260520,68281
2017,260530,31790
2017,260540,21958
2017,260545,3016
2017,260550,12057
2017,260560,22567
2017,260570,32483
2017,260580,15328
2017,260590,30709
2017,260600,138642
2017,260610,30425
2017,260620,79249
2017,260630,7417
2017,260640,83241
2017,260650,19100
2017,260660,28985
2017,260670,7735
2017,260680,115398
2017,260690,12175
2017,260700,22801
2017,260710,4542
2017,260720,94533
2017,260730,30447
2017,260740,4858
2017,260750,26314
2017,260760,25789
2017,260765,36320
2017,260770,13638
2017,260775,26338
2017,260780,16859
2017,260790,695956
2017,260795,11634
2017,260800,17026
2017,260805,14703
2017,260810,33485
2017,260820,15989
2017,260825,11334
2017,260830,14712
2017,260840,15284
2017,260845,17847
2017,260850,21338
2017,260860,13033
2017,260870,16218
2017,260875,25294
2017,260880,39888
2017,260890,56140
2017,260900,25214
2017,260910,15820
2017,260915,21047
2017,260920,11433
2017,260930,15270
2017,260940,62119
2017,260950,32280
2017,260960,390771
2017,260970,23768
2017,260980,14794
2017,260990,68776
2017,261000,62832
2017,261010,7761
2017,261020,26417
2017,261030,11449
2017,261040,21383
2017,261050,28889
2017,261060,55942
2017,261070,328353
2017,261080,22505
2017,261090,66881
2017,261100,36108
2017,261110,343219
2017,261120,11268
2017,261130,26960
2017,261140,14798
2017,261150,25831
2017,261153,6802
2017,261160,1633697
2017,261170,20392
2017,261180,47088
2017,261190,23379
2017,261200,10065
2017,261210,10747
2017,261220,60453
2017,261230,15779
2017,261240,25979
2017,261245,15202
2017,261247,12501
2017,261250,105761
2017,261255,14355
2017,261260,41652
2017,261270,14013
2017,261280,11734
2017,261290,15683
2017,261300,58824
2017,261310,37023
2017,261320,22628
2017,261330,21257
2017,261340,20963
2017,261350,33804
2017,261360,33704
2017,261370,112099
2017,261380,17904
2017,261390,85568
2017,261400,19080
2017,261410,35670
2017,261420,45263
2017,261430,11238
2017,261440,5978
2017,261450,64373
2017,261460,28301
2017,261470,12853
2017,261480,25368
2017,261485,23100
2017,261500,28358
2017,261510,7120
2017,261520,10437
2017,261530,53083
2017,261540,44189
2017,261550,13689
2017,261560,30155
2017,261570,15221
2017,261580,26990
2017,261590,8169
2017,261600,18258
2017,261610,9490
2017,261618,7641
2017,261620,20460
2017,261630,32429
2017,261640,137578
2017,261650,14651
2017,270010,20467
2017,270020,17818
2017,270030,234185
2017,270040,47744
2017,270050,16064
2017,270060,8401
2017,270070,18757
2017,270080,4453
2017,270090,6797
2017,270100,27590
2017,270110,10675
2017,270120,10897
2017,270130,21526
2017,270135,7024
2017,270140,57548
2017,270150,9692
2017,270160,17983
2017,270170,17354
2017,270180,9155
2017,270190,7427
2017,270200,10888
2017,270210,21926
2017,270220,5918
2017,270230,57498
2017,270235,24510
2017,270240,52597
2017,270250,11214
2017,270255,18435
2017,270260,22481
2017,270270,4806
2017,270280,12966
2017,270290,41279
2017,270300,15840
2017,270310,26022
2017,270320,24793
2017,270330,18652
2017,270340,5356
2017,270350,7135
2017,270360,8453
2017,270370,5676
2017,270375,11782
2017,270380,24280
2017,270390,4231
2017,270400,25093
2017,270410,18175
2017,270420,28953
2017,270430,1029129
2017,270440,20200
2017,270450,32940
2017,270460,9418
2017,270470,52260
2017,270480,13514
2017,270490,3579
2017,270500,25589
2017,270510,25012
2017,270520,17988
2017,270530,5413
2017,270540,7260
2017,270550,28579
2017,270560,12821
2017,270570,21767
2017,270580,9459
2017,270590,5195
2017,270600,11772
2017,270610,11635
2017,270620,5066
2017,270630,74208
2017,270640,24792
2017,270642,10684
2017,270644,13252
2017,270650,15461
2017,270660,7679
2017,270670,64497
2017,270680,18074
2017,270690,35552
2017,270700,2953
2017,270710,25298
2017,270720,14575
2017,270730,27501
2017,270740,7965
2017,270750,20327
2017,270760,11496
2017,270770,76019
2017,270780,6774
2017,270790,7386
2017,270800,48232
2017,270810,10899
2017,270820,7058
2017,270830,24226
2017,270840,32626
2017,270850,34961
2017,270860,61827
2017,270870,8022
2017,270880,34551
2017,270890,13949
2017,270895,14036
2017,270900,6270
2017,270910,20205
2017,270915,44666
2017,270920,28070
2017,270930,66477
2017,270940,26143
2017,280010,2390
2017,280020,21589
2017,280030,650106
2017,280040,10362
2017,280050,18489
2017,280060,29807
2017,280067,26961
2017,280070,8322
2017,280100,18111
2017,280110,4058
2017,280120,29372
2017,280130,34050
2017,280140,21842
2017,280150,16275
2017,280160,5933
2017,280170,18270
2017,280190,4012
2017,280200,5058
2017,280210,69278
2017,280220,5616
2017,280230,15349
2017,280240,11736
2017,280250,3315
2017,280260,5870
2017,280270,8611
2017,280280,17810
2017,280290,95196
2017,280300,41961
2017,280310,4988
2017,280320,34101
2017,280330,18656
2017,280340,13238
2017,280350,104099
2017,280360,29700
2017,280370,6920
2017,280380,3693
2017,280390,12691
2017,280400,17297
2017,280410,11438
2017,280420,15177
2017,280430,7683
2017,280440,18953
2017,280445,8869
2017,280450,36613
2017,280460,26624
2017,280470,6530
2017,280480,181928
2017,280490,14420
2017,280500,3254
2017,280510,9594
2017,280520,6556
2017,280530,9241
2017,280540,34529
2017,280550,23740
2017,280560,28735
2017,280570,29834
2017,280580,20014
2017,280590,10196
2017,280600,18641
2017,280610,10699
2017,280620,20168
2017,280630,14034
2017,280640,7751
2017,280650,3938
2017,280660,12146
2017,280670,89232
2017,280680,11133
2017,280690,3983
2017,280700,3943
2017,280710,40838
2017,280720,8851
2017,280730,3221
2017,280740,52156
2017,280750,13208
2017,280760,25114
2017,290010,9199
2017,290020,20189
2017,290030,15727
2017,290035,17349
2017,290040,17508
2017,290050,11212
2017,290060,4725
2017,290070,155979
2017,290080,23376
2017,290090,5985
2017,290100,38259
2017,290110,26409
2017,290115,16798
2017,290120,19568
2017,290130,13737
2017,290135,15490
2017,290140,14690
2017,290150,11481
2017,290160,19569
2017,290170,12208
2017,290180,12072
2017,290190,18334
2017,290195,7730
2017,290200,13962
2017,290205,12608
2017,290210,55935
2017,290220,11703
2017,290225,11661
2017,290230,9171
2017,290240,12706
2017,290250,14323
2017,290260,21403
2017,290265,13765
2017,290270,54915
2017,290280,22082
2017,290290,34121
2017,290300,14560
2017,290310,6258
2017,290320,157638
2017,290323,15217
2017,290327,16296
2017,290330,6251
2017,290340,24013
2017,290350,18247
2017,290360,16653
2017,290370,14069
2017,290380,19502
2017,290390,70618
2017,290395,10477
2017,290400,14760
2017,290405,17131
2017,290410,22464
2017,290420,10898
2017,290430,15122
2017,290440,10833
2017,290450,10974
2017,290460,69677
2017,290470,19256
2017,290475,21786
2017,290480,7841
2017,290485,19312
2017,290490,35139
2017,290500,23817
2017,290510,10058
2017,290515,16106
2017,290520,52853
2017,290530,19006
2017,290540,18224
2017,290550,13713
2017,290560,33310
2017,290570,296893
2017,290580,36644
2017,290590,30048
2017,290600,73448
2017,290610,10151
2017,290620,26862
2017,290630,33002
2017,290640,8837
2017,290650,89707
2017,290660,14792
2017,290670,26674
2017,290680,36191
2017,290682,17316
2017,290685,12199
2017,290687,31392
2017,290689,9773
2017,290690,22740
2017,290700,9544
2017,290710,30118
2017,290720,73382
2017,290730,27238
2017,290740,3669
2017,290750,56459
2017,290755,9764
2017,290760,17969
2017,290770,11591
2017,290780,34676
2017,290790,17739
2017,290800,19022
2017,290810,19498
2017,290820,23024
2017,290830,18229
2017,290840,68303
2017,290850,33876
2017,290860,26371
2017,290870,18191
2017,290880,4299
2017,290890,23896
2017,290900,8904
2017,290910,14933
2017,290920,16814
2017,290930,33361
2017,290940,14414
2017,290950,5576
2017,290960,21835
2017,290970,14403
2017,290980,64932
2017,290990,35524
2017,291000,11716
2017,291005,80657
2017,291010,12604
2017,291020,4212
2017,291030,8461
2017,291040,19376
2017,291050,43223
2017,291060,37845
2017,291070,61924
2017,291072,115290
2017,291075,18443
2017,291077,5922
2017,291080,627477
2017,291085,17176
2017,291090,5822
2017,291100,11244
2017,291110,25912
2017,291120,33234
2017,291125,4725
2017,291130,11639
2017,291140,15840
2017,291150,7848
2017,291160,21495
2017,291165,8081
2017,291170,86808
2017,291180,22154
2017,291185,13718
2017,291190,25884
2017,291200,10183
2017,291210,23529
2017,291220,19786
2017,291230,16796
2017,291240,18678
2017,291250,15413
2017,291260,4214
2017,291270,24293
2017,291280,8852
2017,291290,17221
2017,291300,16855
2017,291310,17948
2017,291320,27862
2017,291330,6437
2017,291340,16283
2017,291345,14187
2017,291350,27939
2017,291360,176341
2017,291370,40453
2017,291380,15499
2017,291390,47704
2017,291400,62631
2017,291410,10157
2017,291420,7521
2017,291430,9901
2017,291440,25536
2017,291450,29879
2017,291460,74483
2017,291465,31422
2017,291470,66806
2017,291480,221046
2017,291490,28382
2017,291500,16586
2017,291510,13199
2017,291520,15577
2017,291530,7291
2017,291535,14718
2017,291540,7218
2017,291550,21642
2017,291560,67356
2017,291570,8476
2017,291580,24901
2017,291590,6730
2017,291600,20501
2017,291610,22866
2017,291620,9830
2017,291630,10830
2017,291640,77533
2017,291650,36211
2017,291660,10799
2017,291670,8592
2017,291680,20314
2017,291685,14957
2017,291690,13254
2017,291700,37567
2017,291710,21241
2017,291720,19577
2017,291730,29428
2017,291733,11399
2017,291735,9056
2017,291740,15459
2017,291750,83635
2017,291760,56033
2017,291770,34499
2017,291780,19036
2017,291790,11120
2017,291800,162209
2017,291810,41605
2017,291820,15106
2017,291830,12692
2017,291835,25646
2017,291840,221773
2017,291845,9924
2017,291850,16006
2017,291855,6275
2017,291860,7066
2017,291870,3975
2017,291875,16029
2017,291880,24306
2017,291890,4068
2017,291900,4017
2017,291905,8886
2017,291910,9007
2017,291915,28244
2017,291920,197636
2017,291930,11636
2017,291940,12969
2017,291950,46739
2017,291955,83557
2017,291960,11879
2017,291970,19110
2017,291980,50987
2017,291990,8266
2017,291992,21007
2017,291995,4456
2017,292000,10274
2017,292010,19695
2017,292020,17526
2017,292030,8856
2017,292040,14251
2017,292045,13959
2017,292050,23018
2017,292060,46260
2017,292070,21313
2017,292080,10931
2017,292090,14728
2017,292100,46998
2017,292105,12488
2017,292110,23586
2017,292120,27520
2017,292130,11585
2017,292140,18729
2017,292145,9578
2017,292150,51953
2017,292160,8950
2017,292170,36856
2017,292180,12529
2017,292190,9957
2017,292200,42072
2017,292205,11988
2017,292210,27364
2017,292220,7678
2017,292225,11644
2017,292230,30631
2017,292240,22998
2017,292250,29546
2017,292260,14368
2017,292265,13597
2017,292270,17141
2017,292273,8119
2017,292275,6986
2017,292280,8428
2017,292285,9500
2017,292290,25460
2017,292300,44052
2017,292303,12514
2017,292305,16037
2017,292310,29227
2017,292320,22805
2017,292330,8916
2017,292335,18025
2017,292340,22553
2017,292350,9250
2017,292360,22286
2017,292370,32967
2017,292380,30075
2017,292390,10673
2017,292400,120706
2017,292405,14226
2017,292410,7527
2017,292420,18209
2017,292430,18267
2017,292440,35740
2017,292450,16889
2017,292460,21171
2017,292465,11012
2017,292467,10411
2017,292470,11849
2017,292480,25211
2017,292490,9582
2017,292500,26915
2017,292510,48861
2017,292520,39718
2017,292525,15830
2017,292530,149324
2017,292540,8438
2017,292550,29326
2017,292560,15734
2017,292570,13334
2017,292575,28082
2017,292580,26552
2017,292590,28632
2017,292593,9411
2017,292595,23562
2017,292600,42672
2017,292610,14730
2017,292620,23313
2017,292630,34784
2017,292640,36439
2017,292650,15443
2017,292660,54965
2017,292665,7437
2017,292670,13712
2017,292680,15804
2017,292690,12130
2017,292700,41767
2017,292710,9405
2017,292720,32009
2017,292730,15772
2017,292740,2953986
2017,292750,21415
2017,292760,14976
2017,292770,28552
2017,292780,6698
2017,292790,11161
2017,292800,38422
2017,292805,13398
2017,292810,41769
2017,292820,27492
2017,292830,9263
2017,292840,29146
2017,292850,10682
2017,292860,61961
2017,292870,103342
2017,292880,53898
2017,292890,33661
2017,292895,9404
2017,292900,15310
2017,292905,15825
2017,292910,21964
2017,292920,40220
2017,292925,19613
2017,292930,38018
2017,292935,6045
2017,292937,10784
2017,292940,12092
2017,292950,45827
2017,292960,18114
2017,292970,20429
2017,292975,12380
2017,292980,13385
2017,292990,45568
2017,293000,11696
2017,293010,81218
2017,293015,32991
2017,293020,41891
2017,293030,18320
2017,293040,16036
2017,293050,83088
2017,293060,13832
2017,293070,136050
2017,293075,13437
2017,293076,11283
2017,293077,23713
2017,293080,17503
2017,293090,13057
2017,293100,21315
2017,293105,17884
2017,293110,8232
2017,293120,21462
2017,293130,17845
2017,293135,161690
2017,293140,7936
2017,293150,23378
2017,293160,15357
2017,293170,13536
2017,293180,17700
2017,293190,52540
2017,293200,25773
2017,293210,20800
2017,293220,20489
2017,293230,27527
2017,293240,14474
2017,293245,19522
2017,293250,21331
2017,293260,17356
2017,293270,21711
2017,293280,19780
2017,293290,98749
2017,293300,28743
2017,293305,14662
2017,293310,9449
2017,293315,13454
2017,293317,9375
2017,293320,43640
2017,293325,6620
2017,293330,348718
2017,293340,9753
2017,293345,12935
2017,293350,22365
2017,293360,48365
2017,310010,7059
2017,310020,23611
2017,310030,13733
2017,310040,4065
2017,310050,9997
2017,310060,14370
2017,310070,2058
2017,310080,4440
2017,310090,19416
2017,310100,13576
2017,310110,25711
2017,310120,6209
2017,310130,2752
2017,310140,3046
2017,310150,35866
2017,310160,79707
2017,310163,6775
2017,310170,41794
2017,310180,7515
2017,310190,19846
2017,310200,14551
2017,310205,5791
2017,310210,11693
2017,310220,4199
2017,310230,15599
2017,310240,3673
2017,310250,4924
2017,310260,40706
2017,310270,9479
2017,310280,12507
2017,310285,8541
2017,310290,11608
2017,310300,9637
2017,310310,1664
2017,310320,2368
2017,310330,2111
2017,310340,37361
2017,310350,117445
2017,310360,2873
2017,310370,8544
2017,310375,6774
2017,310380,2883
2017,310390,8996
2017,310400,104283
2017,310410,10578
2017,310420,39811
2017,310430,14956
2017,310440,2859
2017,310445,5192
2017,310450,18243
2017,310460,14118
2017,310470,13762
2017,310480,5023
2017,310490,19315
2017,310500,8051
2017,310510,24018
2017,310520,4984
2017,310530,5739
2017,310540,31968
2017,310550,5648
2017,310560,136689
2017,310570,5624
2017,310590,20882
2017,310600,10416
2017,310610,3503
2017,310620,2523794
2017,310630,26158
2017,310640,7841
2017,310650,12360
2017,310660,4678
2017,310665,4720
2017,310670,427146
2017,310680,3613
2017,310690,14545
2017,310700,2619
2017,310710,40530
2017,310720,5185
2017,310730,50168
2017,310740,50042
2017,310750,6644
2017,310760,4203
2017,310770,6018
2017,310780,15459
2017,310790,10775
2017,310800,17907
2017,310810,7020
2017,310820,5764
2017,310825,10951
2017,310830,19055
2017,310840,15322
2017,310850,6540
2017,310855,16105
2017,310860,32732
2017,310870,4550
2017,310880,5003
2017,310890,14889
2017,310900,38863
2017,310910,11233
2017,310920,10594
2017,310925,4146
2017,310930,24689
2017,310940,28335
2017,310945,6940
2017,310950,14330
2017,310960,3710
2017,310970,11646
2017,310980,2691
2017,310990,11399
2017,311000,44377
2017,311010,5440
2017,311020,4108
2017,311030,14529
2017,311040,3064
2017,311050,22057
2017,311060,29165
2017,311070,13053
2017,311080,3757
2017,311090,16627
2017,311100,21440
2017,311110,20079
2017,311115,3863
2017,311120,54458
2017,311130,11878
2017,311140,7886
2017,311150,15387
2017,311160,29057
2017,311170,4699
2017,311180,12117
2017,311190,5735
2017,311200,15147
2017,311205,4517
2017,311210,5489
2017,311220,4805
2017,311230,37867
2017,311240,7152
2017,311250,9678
2017,311260,16250
2017,311265,5405
2017,311270,15237
2017,311280,8682
2017,311290,9431
2017,311300,23781
2017,311310,3299
2017,311320,25376
2017,311330,33559
2017,311340,91841
2017,311350,9544
2017,311360,6757
2017,311370,19750
2017,311380,2629
2017,311390,12350
2017,311400,11559
2017,311410,14822
2017,311420,22136
2017,311430,30861
2017,311440,21458
2017,311450,18995
2017,311455,10072
2017,311460,4110
2017,311470,3581
2017,311480,4617
2017,311490,2309
2017,311500,3071
2017,311510,18057
2017,311520,4050
2017,311530,75025
2017,311535,5316
2017,311540,3666
2017,311545,6612
2017,311547,5151
2017,311550,22208
2017,311560,1209
2017,311570,7112
2017,311580,10622
2017,311590,3101
2017,311600,5823
2017,311610,15675
2017,311615,12971
2017,311620,2789
2017,311630,6868
2017,311640,4847
2017,311650,7819
2017,311660,28287
2017,311670,7559
2017,311680,9146
2017,311690,3138
2017,311700,7599
2017,311710,10374
2017,311720,2858
2017,311730,26818
2017,311740,4644
2017,311750,18126
2017,311760,5515
2017,311770,13724
2017,311780,11467
2017,311783,7624
2017,311787,6608
2017,311790,11706
2017,311800,53843
2017,311810,5134
2017,311820,6960
2017,311830,127369
2017,311840,23240
2017,311850,1810
2017,311860,658580
2017,311870,9432
2017,311880,27052
2017,311890,9029
2017,311900,3587
2017,311910,24384
2017,311920,10339
2017,311930,28508
2017,311940,110326
2017,311950,9411
2017,311960,3125
2017,311970,3471
2017,311980,3359
2017,311990,3804
2017,311995,6295
2017,312000,2970
2017,312010,4444
2017,312015,6631
2017,312020,12564
2017,312030,6042
2017,312040,5225
2017,312050,10482
2017,312060,5057
2017,312070,4174
2017,312080,15497
2017,312083,4995
2017,312087,7623
2017,312090,79878
2017,312100,5471
2017,312110,8205
2017,312120,7186
2017,312125,9904
2017,312130,5047
2017,312140,7334
2017,312150,3015
2017,312160,48230
2017,312170,3913
2017,312180,8287
2017,312190,3455
2017,312200,20133
2017,312210,5086
2017,312220,7559
2017,312230,234937
2017,312235,6625
2017,312240,6068
2017,312245,10547
2017,312247,3818
2017,312250,5247
2017,312260,4602
2017,312270,5351
2017,312280,3072
2017,312290,6527
2017,312300,10093
2017,312310,5316
2017,312320,13923
2017,312330,4437
2017,312340,1533
2017,312350,1930
2017,312352,7884
2017,312360,27730
2017,312370,11098
2017,312380,7377
2017,312385,5443
2017,312390,15292
2017,312400,19015
2017,312410,69010
2017,312420,24805
2017,312430,32214
2017,312440,4712
2017,312450,11449
2017,312460,2448
2017,312470,3590
2017,312480,7981
2017,312490,11285
2017,312500,3952
2017,312510,34344
2017,312520,2426
2017,312530,3371
2017,312540,5012
2017,312550,3205
2017,312560,7431
2017,312570,15273
2017,312580,3369
2017,312590,10432
2017,312595,11039
2017,312600,7343
2017,312610,68423
2017,312620,9294
2017,312630,4407
2017,312640,2932
2017,312650,10557
2017,312660,5215
2017,312670,26428
2017,312675,5672
2017,312680,6024
2017,312690,9597
2017,312695,3510
2017,312700,17072
2017,312705,4733
2017,312707,5709
2017,312710,58770
2017,312720,4277
2017,312730,7034
2017,312733,5246
2017,312735,3160
2017,312737,3328
2017,312738,3952
2017,312740,4410
2017,312750,6223
2017,312760,12064
2017,312770,280901
2017,312780,15931
2017,312790,1418
2017,312800,34054
2017,312810,14460
2017,312820,10542
2017,312825,5001
2017,312830,19378
2017,312840,9047
2017,312850,3938
2017,312860,6736
2017,312870,52294
2017,312880,7300
2017,312890,7956
2017,312900,8714
2017,312910,5959
2017,312920,6561
2017,312930,10962
2017,312940,5150
2017,312950,25100
2017,312960,8400
2017,312965,6165
2017,312970,13575
2017,312980,177475
2017,312990,3536
2017,313000,3018
2017,313005,11835
2017,313010,41127
2017,313020,10547
2017,313030,8172
2017,313040,6460
2017,313050,12358
2017,313055,6899
2017,313060,7356
2017,313065,7524
2017,313070,6806
2017,313080,2785
2017,313090,24792
2017,313100,6240
2017,313110,7489
2017,313115,18375
2017,313120,19736
2017,313130,261203
2017,313140,4285
2017,313150,10125
2017,313160,6969
2017,313170,119285
2017,313180,11498
2017,313190,50816
2017,313200,5374
2017,313210,18443
2017,313220,13329
2017,313230,12725
2017,313240,97000
2017,313250,34661
2017,313260,4362
2017,313270,23637
2017,313280,2207
2017,313290,10501
2017,313300,15391
2017,313310,15290
2017,313320,12394
2017,313330,21559
2017,313340,15041
2017,313350,22158
2017,313360,9618
2017,313370,10979
2017,313375,16082
2017,313380,92696
2017,313390,5690
2017,313400,15147
2017,313410,6120
2017,313420,104526
2017,313430,6213
2017,313440,38484
2017,313450,3926
2017,313460,19545
2017,313470,12561
2017,313480,7809
2017,313490,25453
2017,313500,3158
2017,313505,37939
2017,313507,5414
2017,313510,71653
2017,313520,68584
2017,313530,4308
2017,313535,8683
2017,313540,5209
2017,313545,7672
2017,313550,12859
2017,313560,7890
2017,313570,5319
2017,313580,25560
2017,313590,4898
2017,313600,15634
2017,313610,4996
2017,313620,79590
2017,313630,48751
2017,313640,4669
2017,313650,10901
2017,313652,4631
2017,313655,4894
2017,313657,4877
2017,313660,5804
2017,313665,25874
2017,313670,563769
2017,313680,4358
2017,313690,10341
2017,313695,5860
2017,313700,18152
2017,313710,7795
2017,313720,51204
2017,313730,4248
2017,313740,13056
2017,313750,18175
2017,313753,9440
2017,313760,61752
2017,313770,20301
2017,313780,20870
2017,313790,3498
2017,313800,6852
2017,313810,6664
2017,313820,102124
2017,313830,3300
2017,313835,4998
2017,313840,53354
2017,313850,5296
2017,313860,16910
2017,313862,7487
2017,313865,9044
2017,313867,6409
2017,313868,6756
2017,313870,5572
2017,313880,18400
2017,313890,7237
2017,313900,41920
2017,313910,5153
2017,313920,19157
2017,313925,6624
2017,313930,19372
2017,313940,88580
2017,313950,22784
2017,313960,28132
2017,313970,7876
2017,313980,12743
2017,313990,14488
2017,314000,59857
2017,314010,4254
2017,314015,14988
2017,314020,2979
2017,314030,4129
2017,314040,2900
2017,314050,13436
2017,314053,8172
2017,314055,8539
2017,314060,4619
2017,314070,30678
2017,314080,14449
2017,314085,10999
2017,314090,18914
2017,314100,12849
2017,314110,37344
2017,314120,3846
2017,314130,3765
2017,314140,21409
2017,314150,6564
2017,314160,10868
2017,314170,5911
2017,314180,32009
2017,314190,3970
2017,314200,13726
2017,314210,10837
2017,314220,14946
2017,314225,4885
2017,314230,4957
2017,314240,7525
2017,314250,2327
2017,314260,8711
2017,314270,15603
2017,314280,21095
2017,314290,21783
2017,314300,13453
2017,314310,48248
2017,314315,4936
2017,314320,21949
2017,314330,402027
2017,314340,23444
2017,314345,8168
2017,314350,8860
2017,314360,2595
2017,314370,3339
2017,314380,6261
2017,314390,108537
2017,314400,27528
2017,314410,21026
2017,314420,3274
2017,314430,41787
2017,314435,6930
2017,314437,3382
2017,314440,4820
2017,314450,8583
2017,314460,27053
2017,314465,10375
2017,314467,3465
2017,314470,17994
2017,314480,92178
2017,314490,3757
2017,314500,14934
2017,314505,7648
2017,314510,16645
2017,314520,94681
2017,314530,31884
2017,314535,10869
2017,314537,5308
2017,314540,1873
2017,314545,5943
2017,314550,2763
2017,314560,41907
2017,314570,2182
2017,314580,3192
2017,314585,4710
2017,314587,7949
2017,314590,38935
2017,314600,33716
2017,314610,74659
2017,314620,6110
2017,314625,6338
2017,314630,20177
2017,314640,4650
2017,314650,8391
2017,314655,6184
2017,314660,1577
2017,314670,6753
2017,314675,6161
2017,314690,15516
2017,314700,92386
2017,314710,92739
2017,314720,21583
2017,314730,20983
2017,314740,24427
2017,314750,1732
2017,314760,16470
2017,314770,8324
2017,314780,2104
2017,314790,114458
2017,314795,5976
2017,314800,150893
2017,314810,89983
2017,314820,5680
2017,314830,9698
2017,314840,4982
2017,314850,8709
2017,314860,17871
2017,314870,24748
2017,314875,7117
2017,314880,3270
2017,314890,4034
2017,314900,2452
2017,314910,11570
2017,314915,11396
2017,314920,3672
2017,314930,63837
2017,314940,1843
2017,314950,3347
2017,314960,4395
2017,314970,10846
2017,314980,15925
2017,314990,21444
2017,314995,7060
2017,315000,4311
2017,315010,2850
2017,315015,8247
2017,315020,4213
2017,315030,4684
2017,315040,4981
2017,315050,8720
2017,315053,4873
2017,315057,7585
2017,315060,6566
2017,315070,5790
2017,315080,17918
2017,315090,5514
2017,315100,8597
2017,315110,10876
2017,315120,56706
2017,315130,11080
2017,315140,27706
2017,315150,34525
2017,315160,11796
2017,315170,16903
2017,315180,166085
2017,315190,8841
2017,315200,31612
2017,315210,60361
2017,315213,4259
2017,315217,12138
2017,315220,38741
2017,315230,11245
2017,315240,16641
2017,315250,147137
2017,315260,6185
2017,315270,9021
2017,315280,27796
2017,315290,8890
2017,315300,3569
2017,315310,5562
2017,315320,3827
2017,315330,3061
2017,315340,19599
2017,315350,8522
2017,315360,10577
2017,315370,3557
2017,315380,1958
2017,315390,16390
2017,315400,24368
2017,315410,10697
2017,315415,7117
2017,315420,11569
2017,315430,17715
2017,315440,4861
2017,315445,8290
2017,315450,9672
2017,315460,328871
2017,315470,4058
2017,315480,10123
2017,315490,14130
2017,315500,2623
2017,315510,5302
2017,315520,5825
2017,315530,5774
2017,315540,9084
2017,315550,12462
2017,315560,31016
2017,315570,14624
2017,315580,18061
2017,315590,5544
2017,315600,13453
2017,315610,4834
2017,315620,2293
2017,315630,7857
2017,315640,3644
2017,315645,4580
2017,315650,6789
2017,315660,10377
2017,315670,135968
2017,315680,15936
2017,315690,25998
2017,315700,41678
2017,315710,7127
2017,315720,30690
2017,315725,8180
2017,315727,3096
2017,315730,4590
2017,315733,8547
2017,315737,4337
2017,315740,4960
2017,315750,4587
2017,315760,3985
2017,315765,6410
2017,315770,13380
2017,315780,218897
2017,315790,16173
2017,315800,11007
2017,315810,5381
2017,315820,14896
2017,315830,7322
2017,315840,3876
2017,315850,7965
2017,315860,4032
2017,315870,2436
2017,315880,4861
2017,315890,8853
2017,315895,32828
2017,315900,4301
2017,315910,3887
2017,315920,9198
2017,315930,5043
2017,315935,7149
2017,315940,3566
2017,315950,5699
2017,315960,42324
2017,315970,3386
2017,315980,19646
2017,315990,18553
2017,316000,3668
2017,316010,4071
2017,316020,4040
2017,316030,11977
2017,316040,28115
2017,316045,7339
2017,316050,1813
2017,316060,3218
2017,316070,47561
2017,316080,5159
2017,316090,3747
2017,316095,5697
2017,316100,17787
2017,316105,3458
2017,316110,56805
2017,316120,6673
2017,316130,6224
2017,316140,5085
2017,316150,11905
2017,316160,4214
2017,316165,3920
2017,316170,6898
2017,316180,11985
2017,316190,10773
2017,316200,25517
2017,316210,35016
2017,316220,7431
2017,316225,4942
2017,316230,2811
2017,316240,25856
2017,316245,12862
2017,316250,90263
2017,316255,11367
2017,316257,5759
2017,316260,7819
2017,316265,4396
2017,316270,23729
2017,316280,16083
2017,316290,26538
2017,316292,30160
2017,316294,7374
2017,316295,22910
2017,316300,4303
2017,316310,4834
2017,316320,4228
2017,316330,3946
2017,316340,5633
2017,316350,6650
2017,316360,2787
2017,316370,45457
2017,316380,7045
2017,316390,4911
2017,316400,8181
2017,316410,5494
2017,316420,11892
2017,316430,7092
2017,316440,5438
2017,316443,3006
2017,316447,6419
2017,316450,10511
2017,316460,6589
2017,316470,70533
2017,316480,1582
2017,316490,2249
2017,316500,11073
2017,316510,7222
2017,316520,7106
2017,316530,7672
2017,316540,6850
2017,316550,6198
2017,316553,31037
2017,316555,12060
2017,316556,2776
2017,316557,5439
2017,316560,2049
2017,316570,7792
2017,316580,1672
2017,316590,4410
2017,316600,5892
2017,316610,3602
2017,316620,10622
2017,316630,7434
2017,316640,1874
2017,316650,4372
2017,316660,812
2017,316670,8809
2017,316680,11491
2017,316690,7812
2017,316695,4769
2017,316700,2023
2017,316710,21435
2017,316720,236228
2017,316730,2292
2017,316740,6314
2017,316750,2651
2017,316760,19633
2017,316770,5791
2017,316780,6131
2017,316790,3963
2017,316800,33824
2017,316805,3196
2017,316810,4650
2017,316820,1921
2017,316830,4075
2017,316840,14667
2017,316850,11836
2017,316860,141934
2017,316870,88931
2017,316880,7807
2017,316890,6795
2017,316900,16766
2017,316905,4147
2017,316910,6232
2017,316920,8772
2017,316930,78999
2017,316935,31687
2017,316940,57097
2017,316950,6739
2017,316960,25538
2017,316970,19762
2017,316980,5025
2017,316990,113300
2017,317000,12531
2017,317005,12622
2017,317010,328272
2017,317020,676613
2017,317030,2709
2017,317040,83980
2017,317043,4452
2017,317047,3338
2017,317050,10589
2017,317052,16095
2017,317057,6632
2017,317060,2209
2017,317065,5032
2017,317070,134364
2017,317075,6947
2017,317080,39128
2017,317090,19723
2017,317100,20784
2017,317103,9220
2017,317107,5798
2017,317110,3911
2017,317115,4905
2017,317120,122365
2017,317130,78381
2017,317140,3741
2017,317150,3342
2017,317160,14043
2017,317170,8870
2017,317180,10793
2017,317190,5613
2017,317200,41932
2017,317210,5315
2017,317220,2615
2017,320010,32361
2017,320013,10085
2017,320016,11893
2017,320020,32146
2017,320030,15082
2017,320035,8022
2017,320040,28546
2017,320050,7932
2017,320060,98393
2017,320070,11804
2017,320080,31794
2017,320090,45283
2017,320100,15460
2017,320110,10254
2017,320115,12838
2017,320120,211649
2017,320130,387368
2017,320140,38304
2017,320150,124525
2017,320160,31574
2017,320170,12944
2017,320180,4612
2017,320190,34757
2017,320200,6949
2017,320210,24217
2017,320220,20757
2017,320225,12600
2017,320230,31201
2017,320240,123166
2017,320245,25882
2017,320250,12581
2017,320255,9373
2017,320260,14016
2017,320265,13380
2017,320270,14815
2017,320280,34628
2017,320290,11231
2017,320300,29896
2017,320305,29642
2017,320310,12036
2017,320313,17168
2017,320316,11457
2017,320320,169048
2017,320330,15419
2017,320332,38670
2017,320334,16545
2017,320335,12602
2017,320340,27388
2017,320350,19391
2017,320360,5861
2017,320370,18745
2017,320380,15806
2017,320390,50991
2017,320400,23697
2017,320405,26537
2017,320410,27130
2017,320420,21336
2017,320425,7901
2017,320430,11742
2017,320435,19457
2017,320440,12095
2017,320450,12889
2017,320455,39928
2017,320460,24025
2017,320465,8818
2017,320470,37375
2017,320480,11036
2017,320490,128449
2017,320495,12579
2017,320500,502618
2017,320501,29038
2017,320503,21584
2017,320506,24575
2017,320510,76776
2017,320515,9459
2017,320517,14697
2017,320520,486388
2017,320530,363140
2017,330010,194619
2017,330015,11292
2017,330020,126742
2017,330022,12143
2017,330023,32260
2017,330025,29304
2017,330030,97460
2017,330040,179451
2017,330045,495783
2017,330050,26566
2017,330060,36068
2017,330070,216030
2017,330080,57048
2017,330090,15124
2017,330093,15568
2017,330095,8336
2017,330100,490288
2017,330110,19697
2017,330115,12519
2017,330120,18264
2017,330130,41999
2017,330140,22461
2017,330150,21250
2017,330160,11169
2017,330170,890997
2017,330180,13576
2017,330185,57921
2017,330187,26936
2017,330190,232394
2017,330200,122369
2017,330205,14723
2017,330210,22694
2017,330220,99997
2017,330225,30703
2017,330227,101237
2017,330230,7217
2017,330240,244139
2017,330245,5434
2017,330250,237420
2017,330260,42415
2017,330270,153008
2017,330280,18123
2017,330285,171280
2017,330290,24871
2017,330300,26551
2017,330310,14960
2017,330320,158329
2017,330330,499028
2017,330340,185381
2017,330350,798647
2017,330360,50447
2017,330370,42922
2017,330380,41454
2017,330385,26991
2017,330390,298235
2017,330395,24282
2017,330400,28222
2017,330410,18248
2017,330411,18829
2017,330412,13785
2017,330414,145386
2017,330415,23535
2017,330420,126923
2017,330430,58272
2017,330440,17988
2017,330450,8984
2017,330452,141117
2017,330455,6520266
2017,330460,10172
2017,330470,41312
2017,330475,41191
2017,330480,37689
2017,330490,1049826
2017,330500,35174
2017,330510,460461
2017,330513,6953
2017,330515,21114
2017,330520,99906
2017,330530,9094
2017,330540,17765
2017,330550,85175
2017,330555,84416
2017,330560,21253
2017,330570,15191
2017,330575,32970
2017,330580,176060
2017,330590,10352
2017,330600,79402
2017,330610,74237
2017,330615,10597
2017,330620,35768
2017,330630,265201
2017,350010,35139
2017,350020,3609
2017,350030,35508
2017,350040,8104
2017,350050,18509
2017,350055,6009
2017,350060,3268
2017,350070,36880
2017,350075,5754
2017,350080,4135
2017,350090,4109
2017,350100,16219
2017,350110,4154
2017,350115,18324
2017,350120,3795
2017,350130,24813
2017,350140,5119
2017,350150,3196
2017,350160,233868
2017,350170,39189
2017,350180,5967
2017,350190,71193
2017,350200,4845
2017,350210,57350
2017,350220,24634
2017,350230,6484
2017,350240,4053
2017,350250,36279
2017,350260,4329
2017,350270,24945
2017,350275,21038
2017,350280,194874
2017,350290,32495
2017,350300,5552
2017,350310,6368
2017,350315,2509
2017,350320,230770
2017,350330,131282
2017,350335,1856
2017,350340,8452
2017,350350,3879
2017,350360,11107
2017,350370,9451
2017,350380,51986
2017,350390,86430
2017,350395,1842
2017,350400,102924
2017,350410,139683
2017,350420,15085
2017,350430,5337
2017,350440,13112
2017,350450,89479
2017,350460,16843
2017,350470,5188
2017,350480,8908
2017,350490,10867
2017,350500,3406
2017,350510,7251
2017,350520,34602
2017,350530,36331
2017,350535,5653
2017,350540,7781
2017,350550,120638
2017,350560,31921
2017,350570,267534
2017,350580,21073
2017,350590,61480
2017,350600,371690
2017,350610,77761
2017,350620,2925
2017,350630,11180
2017,350635,59297
2017,350640,7837
2017,350650,120692
2017,350660,31793
2017,350670,14727
2017,350680,12040
2017,350690,11236
2017,350700,57910
2017,350710,24023
2017,350715,3888
2017,350720,839
2017,350730,4717
2017,350740,15791
2017,350745,2577
2017,350750,142546
2017,350760,164163
2017,350770,5557
2017,350775,2812
2017,350780,24092
2017,350790,23858
2017,350800,19737
2017,350810,16841
2017,350820,4408
2017,350830,4352
2017,350840,47877
2017,350850,92587
2017,350860,32773
2017,350870,19025
2017,350880,17645
2017,350890,4211
2017,350900,98223
2017,350910,5695
2017,350920,73921
2017,350925,28870
2017,350930,10444
2017,350940,25655
2017,350945,5963
2017,350950,1182429
2017,350960,82520
2017,350970,51454
2017,350980,4900
2017,350990,12609
2017,350995,4975
2017,351000,31263
2017,351010,2792
2017,351015,5025
2017,351020,47463
2017,351030,20005
2017,351040,54298
2017,351050,116786
2017,351060,396587
2017,351070,12328
2017,351080,30144
2017,351090,2591
2017,351100,20362
2017,351110,120691
2017,351120,7700
2017,351130,8971
2017,351140,19495
2017,351150,46733
2017,351160,17587
2017,351170,16772
2017,351190,8254
2017,351200,18376
2017,351210,6225
2017,351220,27554
2017,351230,17638
2017,351240,23793
2017,351250,5885
2017,351260,4840
2017,351270,4054
2017,351280,69086
2017,351290,7374
2017,351300,237750
2017,351310,34651
2017,351320,8424
2017,351330,2161
2017,351340,81724
2017,351350,128748
2017,351360,21929
2017,351370,33346
2017,351380,417869
2017,351385,1785
2017,351390,11384
2017,351400,8744
2017,351410,26891
2017,351420,2136
2017,351430,8909
2017,351440,46324
2017,351450,12549
2017,351460,9468
2017,351470,6247
2017,351480,15436
2017,351490,17393
2017,351492,3537
2017,351495,2476
2017,351500,267054
2017,351510,68270
2017,351512,3197
2017,351515,19497
2017,351518,44170
2017,351519,4713
2017,351520,8466
2017,351530,2769
2017,351535,9559
2017,351540,16028
2017,351550,68670
2017,351560,5782
2017,351565,1691
2017,351570,188868
2017,351580,1571
2017,351590,2982
2017,351600,14282
2017,351610,2758
2017,351620,347237
2017,351630,171602
2017,351640,149502
2017,351650,2791
2017,351660,6776
2017,351670,44582
2017,351680,4683
2017,351685,4739
2017,351690,10951
2017,351700,11362
2017,351710,4800
2017,351720,11869
2017,351730,5737
2017,351740,40287
2017,351750,20637
2017,351760,17640
2017,351770,21081
2017,351780,8466
2017,351790,10964
2017,351800,2017
2017,351810,6672
2017,351820,32654
2017,351830,28978
2017,351840,120417
2017,351850,17551
2017,351860,39216
2017,351870,315563
2017,351880,1349113
2017,351885,7546
2017,351890,5179
2017,351900,9397
2017,351905,14012
2017,351907,222186
2017,351910,11343
2017,351920,6434
2017,351925,8484
2017,351930,34226
2017,351940,12096
2017,351950,7540
2017,351960,58715
2017,351970,77566
2017,351980,8112
2017,351990,8103
2017,352000,24596
2017,352010,30073
2017,352020,9443
2017,352030,30644
2017,352040,33354
2017,352042,10656
2017,352044,26540
2017,352050,239602
2017,352060,4931
2017,352070,3951
2017,352080,3933
2017,352090,14766
2017,352100,34913
2017,352110,7177
2017,352115,5178
2017,352120,4299
2017,352130,15932
2017,352140,23264
2017,352150,7878
2017,352160,8248
2017,352170,17879
2017,352180,26526
2017,352190,15246
2017,352200,3703
2017,352210,98629
2017,352215,3341
2017,352220,170927
2017,352230,160070
2017,352240,93570
2017,352250,229502
2017,352260,73844
2017,352265,4186
2017,352270,42747
2017,352280,15165
2017,352290,13618
2017,352300,4802
2017,352310,360657
2017,352320,50379
2017,352330,17062
2017,352340,116503
2017,352350,20158
2017,352360,17589
2017,352370,6405
2017,352380,7853
2017,352390,170157
2017,352400,57031
2017,352410,41414
2017,352420,6917
2017,352430,76563
2017,352440,229851
2017,352450,6728
2017,352460,17900
2017,352470,54204
2017,352480,49110
2017,352490,6305
2017,352500,121492
2017,352510,42904
2017,352520,28540
2017,352530,146338
2017,352540,3202
2017,352550,12947
2017,352560,4468
2017,352570,36198
2017,352580,4733
2017,352585,3237
2017,352590,409497
2017,352600,20353
2017,352610,19192
2017,352620,31027
2017,352630,4943
2017,352640,27890
2017,352650,11156
2017,352660,7150
2017,352670,101184
2017,352680,67185
2017,352690,300911
2017,352700,7695
2017,352710,77021
2017,352720,87980
2017,352725,2270
2017,352730,45922
2017,352740,21461
2017,352750,2381
2017,352760,14021
2017,352770,5633
2017,352780,4573
2017,352790,2705
2017,352800,17111
2017,352810,8086
2017,352820,3736
2017,352830,3185
2017,352840,46567
2017,352850,95601
2017,352860,9714
2017,352870,5611
2017,352880,13981
2017,352885,2949
2017,352890,4087
2017,352900,235234
2017,352910,2140
2017,352920,26123
2017,352930,82307
2017,352940,462005
2017,352950,5302
2017,352960,3892
2017,352965,1926
2017,352970,21973
2017,352980,12812
2017,352990,20288
2017,353000,3045
2017,353010,29315
2017,353020,18130
2017,353030,58760
2017,353040,4758
2017,353050,68994
2017,353060,433901
2017,353070,149396
2017,353080,92365
2017,353090,3470
2017,353100,2249
2017,353110,54257
2017,353120,7871
2017,353130,49979
2017,353140,24393
2017,353150,19234
2017,353160,4190
2017,353170,4549
2017,353180,57240
2017,353190,32220
2017,353200,13232
2017,353205,4676
2017,353210,4453
2017,353215,3049
2017,353220,4746
2017,353230,6754
2017,353240,18121
2017,353250,8999
2017,353260,11398
2017,353270,4994
2017,353280,6733
2017,353282,9504
2017,353284,1978
2017,353286,1239
2017,353290,10755
2017,353300,21071
2017,353310,2304
2017,353320,3745
2017,353325,5527
2017,353330,3953
2017,353340,58227
2017,353350,40225
2017,353360,7341
2017,353370,4308
2017,353380,2583
2017,353390,54037
2017,353400,4286
2017,353410,6473
2017,353420,6731
2017,353430,43306
2017,353440,697886
2017,353450,2616
2017,353460,32709
2017,353470,111813
2017,353475,9897
2017,353480,8440
2017,353490,14086
2017,353500,12542
2017,353510,12730
2017,353520,9496
2017,353530,22196
2017,353540,15619
2017,353550,45255
2017,353560,18206
2017,353570,6369
2017,353580,19730
2017,353590,4051
2017,353600,11073
2017,353610,6259
2017,353620,19537
2017,353625,2150
2017,353630,14351
2017,353640,7147
2017,353650,102499
2017,353657,1841
2017,353660,8953
2017,353670,45708
2017,353680,6078
2017,353690,2547
2017,353700,16645
2017,353710,46598
2017,353715,3087
2017,353720,11136
2017,353730,62738
2017,353740,25790
2017,353750,8410
2017,353760,66572
2017,353770,5846
2017,353780,55092
2017,353790,28718
2017,353800,164000
2017,353810,16656
2017,353820,14763
2017,353830,3693
2017,353850,13976
2017,353860,26991
2017,353870,397322
2017,353880,29790
2017,353890,24973
2017,353900,11323
2017,353910,18174
2017,353920,27021
2017,353930,75474
2017,353940,13335
2017,353950,38889
2017,353960,5067
2017,353970,3488
2017,353980,115488
2017,353990,5935
2017,354000,21674
2017,354010,3480
2017,354020,47638
2017,354025,4519
2017,354030,2594
2017,354040,4240
2017,354050,9565
2017,354060,52507
2017,354070,55432
2017,354075,23360
2017,354080,17002
2017,354085,3768
2017,354090,20516
2017,354100,310024
2017,354105,5126
2017,354110,4155
2017,354120,13420
2017,354130,43897
2017,354140,225271
2017,354150,39544
2017,354160,39506
2017,354165,3680
2017,354170,13893
2017,354180,3267
2017,354190,12949
2017,354200,6530
2017,354210,9054
2017,354220,29821
2017,354230,3908
2017,354240,19985
2017,354250,9042
2017,354260,56430
2017,354270,7384
2017,354280,3390
2017,354290,13060
2017,354300,17220
2017,354310,4644
2017,354320,4571
2017,354323,2243
2017,354325,7697
2017,354330,121848
2017,354340,682302
2017,354350,5792
2017,354360,3618
2017,354370,10823
2017,354380,10098
2017,354390,202952
2017,354400,33935
2017,354410,49408
2017,354420,12086
2017,354425,17795
2017,354430,10512
2017,354440,3046
2017,354450,3102
2017,354460,5549
2017,354470,2453
2017,354480,6144
2017,354490,11641
2017,354500,16903
2017,354510,5222
2017,354515,8019
2017,354520,116191
2017,354530,44397
2017,354540,9287
2017,354550,4174
2017,354560,15331
2017,354570,5999
2017,354580,191889
2017,354600,14667
2017,354610,2134
2017,354620,4409
2017,354625,2110
2017,354630,33455
2017,354640,47148
2017,354650,5662
2017,354660,31802
2017,354670,25637
2017,354680,56014
2017,354690,8758
2017,354700,6021
2017,354710,2945
2017,354720,1555
2017,354730,131887
2017,354740,2544
2017,354750,27590
2017,354760,26067
2017,354765,1536
2017,354770,21030
2017,354780,715231
2017,354790,6829
2017,354800,22801
2017,354805,8285
2017,354810,6029
2017,354820,6800
2017,354830,3057
2017,354840,4687
2017,354850,434742
2017,354860,10895
2017,354870,827437
2017,354880,159608
2017,354890,246088
2017,354900,2850
2017,354910,90089
2017,354920,2601
2017,354925,1904
2017,354930,2132
2017,354940,50921
2017,354950,8885
2017,354960,4181
2017,354970,54734
2017,354980,450657
2017,354990,703219
2017,354995,15465
2017,355000,10740
2017,355010,40692
2017,355020,32910
2017,355030,12106920
2017,355040,34898
2017,355050,7624
2017,355060,88473
2017,355070,85538
2017,355080,12317
2017,355090,15225
2017,355100,360380
2017,355110,10034
2017,355120,3681
2017,355130,3411
2017,355140,13810
2017,355150,43790
2017,355160,28742
2017,355170,122643
2017,355180,13053
2017,355190,17115
2017,355200,6228
2017,355210,40220
2017,355220,659871
2017,355230,7733
2017,355240,273007
2017,355250,290769
2017,355255,3836
2017,355260,12251
2017,355270,16159
2017,355280,279634
2017,355290,6193
2017,355300,13111
2017,355310,6255
2017,355320,5603
2017,355330,23267
2017,355340,25723
2017,355350,7973
2017,355360,13062
2017,355365,2823
2017,355370,56951
2017,355380,23240
2017,355385,5715
2017,355390,7302
2017,355395,14547
2017,355400,118939
2017,355410,307953
2017,355420,4677
2017,355430,22914
2017,355440,9227
2017,355450,41022
2017,355460,2690
2017,355465,2395
2017,355470,9934
2017,355475,1691
2017,355480,45904
2017,355490,5767
2017,355495,6689
2017,355500,65758
2017,355510,15321
2017,355520,2016
2017,355530,1827
2017,355535,6080
2017,355540,88313
2017,355550,4734
2017,355560,10047
2017,355570,1793
2017,355580,9148
2017,355590,1207
2017,355600,13655
2017,355610,12800
2017,355620,124024
2017,355630,25632
2017,355635,10143
2017,355640,42310
2017,355645,50346
2017,355650,118917
2017,355660,10963
2017,355670,75129
2017,355680,18654
2017,355690,8335
2017,355695,1833
2017,355700,119898
2017,355710,92768
2017,355715,2636
2017,355720,12487
2017,355730,11067
2017,410010,7768
2017,410020,6254
2017,410030,9161
2017,410040,115364
2017,410045,2948
2017,410050,21988
2017,410060,14693
2017,410070,10222
2017,410080,11237
2017,410090,6084
2017,410100,18886
2017,410105,2901
2017,410110,20769
2017,410115,2974
2017,410120,19420
2017,410130,7587
2017,410140,132691
2017,410150,118477
2017,410160,27906
2017,410165,3343
2017,410170,14098
2017,410180,137452
2017,410185,2301
2017,410190,15999
2017,410200,34064
2017,410210,26196
2017,410220,3999
2017,410230,12602
2017,410240,32486
2017,410250,12300
2017,410260,10314
2017,410270,2828
2017,410275,3774
2017,410280,15656
2017,410290,16627
2017,410300,4392
2017,410302,2671
2017,410304,6665
2017,410305,7911
2017,410310,12477
2017,410315,3733
2017,410320,7019
2017,410322,3358
2017,410330,7280
2017,410335,5687
2017,410337,2943
2017,410340,2911
2017,410345,17175
2017,410347,4245
2017,410350,8583
2017,410360,25401
2017,410370,105347
2017,410380,7808
2017,410390,15042
2017,410395,4062
2017,410400,42547
2017,410405,4162
2017,410410,7829
2017,410420,127309
2017,410425,28244
2017,410430,94153
2017,410440,16059
2017,410442,15978
2017,410445,13505
2017,410450,19364
2017,410460,15850
2017,410465,22282
2017,410470,14431
2017,410480,319608
2017,410490,71501
2017,410500,10451
2017,410510,11246
2017,410520,17885
2017,410530,11764
2017,410540,19911
2017,410550,79571
2017,410560,12326
2017,410570,17250
2017,410580,237402
2017,410590,23941
2017,410600,8821
2017,410610,3866
2017,410620,17961
2017,410630,17193
2017,410640,48677
2017,410645,7547
2017,410650,21666
2017,410655,3617
2017,410657,4369
2017,410660,21237
2017,410670,4619
2017,410680,18907
2017,410685,3110
2017,410690,1908359
2017,410700,15004
2017,410710,5389
2017,410712,3555
2017,410715,5294
2017,410720,39856
2017,410725,8439
2017,410730,6069
2017,410740,6168
2017,410750,14314
2017,410752,1852
2017,410753,4406
2017,410754,4447
2017,410755,3323
2017,410760,17306
2017,410765,95225
2017,410770,4898
2017,410773,5904
2017,410775,8177
2017,410780,5103
2017,410785,4782
2017,410790,6603
2017,410800,11087
2017,410810,2697
2017,410820,7133
2017,410830,264044
2017,410832,6350
2017,410840,88465
2017,410845,5079
2017,410850,14038
2017,410855,3178
2017,410860,29664
2017,410865,7448
2017,410870,6167
2017,410880,32974
2017,410890,6591
2017,410895,8619
2017,410900,3934
2017,410910,2292
2017,410920,5492
2017,410930,13641
2017,410940,180364
2017,410950,7923
2017,410960,35986
2017,410965,5643
2017,410970,31095
2017,410975,6396
2017,410980,53356
2017,410990,8482
2017,411000,4343
2017,411005,2304
2017,411007,12697
2017,411010,31719
2017,411020,11331
2017,411030,3137
2017,411040,4504
2017,411050,15139
2017,411060,14704
2017,411065,2462
2017,411070,60425
2017,411080,10608
2017,411090,4620
2017,411095,10587
2017,411100,6819
2017,411110,6210
2017,411120,11685
2017,411125,27500
2017,411130,3229
2017,411140,13797
2017,411150,32720
2017,411155,8120
2017,411160,3240
2017,411170,5255
2017,411180,40263
2017,411190,13398
2017,411200,34822
2017,411210,21341
2017,411220,5897
2017,411230,5084
2017,411240,9307
2017,411250,12019
2017,411260,1396
2017,411270,12615
2017,411275,8861
2017,411280,11731
2017,411290,3430
2017,411295,7650
2017,411300,7026
2017,411310,4368
2017,411320,48067
2017,411325,6205
2017,411330,32379
2017,411340,4131
2017,411342,3662
2017,411345,5071
2017,411350,22903
2017,411360,4751
2017,411370,558439
2017,411373,7455
2017,411375,5063
2017,411380,4911
2017,411390,13738
2017,411400,13798
2017,411410,22164
2017,411420,34559
2017,411430,25662
2017,411435,2861
2017,411440,17269
2017,411450,13708
2017,411460,51795
2017,411470,5932
2017,411480,34955
2017,411490,9068
2017,411500,7166
2017,411510,10555
2017,411520,406693
2017,411530,6638
2017,411535,5776
2017,411540,14539
2017,411545,4725
2017,411550,4765
2017,411560,17640
2017,411570,33450
2017,411573,3576
2017,411575,10039
2017,411580,45586
2017,411585,5476
2017,411590,2314
2017,411600,1875
2017,411605,10879
2017,411610,12621
2017,411620,16540
2017,411630,3958
2017,411640,4075
2017,411650,1536
2017,411660,3545
2017,411670,11300
2017,411680,6295
2017,411690,28084
2017,411695,5194
2017,411700,8356
2017,411705,11927
2017,411710,13486
2017,411720,5829
2017,411721,4217
2017,411722,8186
2017,411725,10745
2017,411727,6498
2017,411729,2908
2017,411730,23200
2017,411740,3494
2017,411745,6023
2017,411750,40156
2017,411760,48990
2017,411770,34023
2017,411780,14189
2017,411790,31366
2017,411800,13345
2017,411810,11265
2017,411820,152975
2017,411830,3117
2017,411840,87850
2017,411845,5432
2017,411850,80710
2017,411860,5842
2017,411870,7360
2017,411880,14198
2017,411885,6105
2017,411890,11101
2017,411900,6674
2017,411910,12455
2017,411915,129445
2017,411920,6440
2017,411925,2757
2017,411930,32322
2017,411940,25277
2017,411950,107751
2017,411960,32015
2017,411965,3140
2017,411970,4303
2017,411980,13889
2017,411990,344332
2017,411995,25393
2017,412000,13754
2017,412010,4835
2017,412015,3491
2017,412020,2611
2017,412030,4148
2017,412033,3718
2017,412035,5477
2017,412040,5227
2017,412050,11286
2017,412060,52125
2017,412065,4764
2017,412070,7472
2017,412080,22651
2017,412085,4031
2017,412090,33543
2017,412100,12320
2017,412110,4897
2017,412120,18733
2017,412125,4435
2017,412130,3963
2017,412135,2800
2017,412140,17111
2017,412150,14981
2017,412160,6979
2017,412170,26763
2017,412175,7927
2017,412180,10941
2017,412190,13557
2017,412200,15125
2017,412210,3337
2017,412215,13552
2017,412217,4119
2017,412220,32504
2017,412230,33857
2017,412240,64726
2017,412250,10779
2017,412260,9581
2017,412265,5231
2017,412270,6702
2017,412280,4003
2017,412290,5158
2017,412300,14713
2017,412310,3603
2017,412320,3544
2017,412330,8113
2017,412340,11691
2017,412350,25911
2017,412360,1727
2017,412370,8858
2017,412380,14411
2017,412382,3955
2017,412385,10716
2017,412390,12307
2017,412395,3915
2017,412400,5222
2017,412402,10471
2017,412405,22992
2017,412410,45819
2017,412420,2741
2017,412430,2281
2017,412440,20158
2017,412450,5506
2017,412460,6839
2017,412470,11519
2017,412480,10644
2017,412490,6025
2017,412500,11005
2017,412510,14927
2017,412520,9291
2017,412530,5676
2017,412535,5946
2017,412540,6485
2017,412545,3816
2017,412550,307530
2017,412555,2189
2017,412560,45398
2017,412570,27461
2017,412575,6286
2017,412580,10928
2017,412590,2443
2017,412600,8985
2017,412610,5715
2017,412620,6905
2017,412625,94181
2017,412627,5448
2017,412630,19443
2017,412635,4637
2017,412640,5633
2017,412650,16485
2017,412660,20508
2017,412665,3222
2017,412667,14143
2017,412670,5064
2017,412680,15962
2017,412690,5798
2017,412700,11834
2017,412710,77276
2017,412720,16991
2017,412730,16578
2017,412740,17627
2017,412750,20562
2017,412760,16348
2017,412770,135538
2017,412780,8470
2017,412785,12256
2017,412788,7971
2017,412790,8833
2017,412795,8277
2017,412796,13640
2017,412800,21762
2017,412810,109955
2017,412820,57027
2017,412830,2614
2017,412840,11662
2017,412850,19856
2017,412853,11407
2017,412855,8918
2017,412860,7692
2017,412862,2998
2017,412863,5781
2017,412865,4095
2017,412870,6878
2017,412880,5957
2017,420005,2604
2017,420010,17847
2017,420020,10581
2017,420030,5437
2017,420040,7154
2017,420050,6445
2017,420055,2387
2017,420060,6298
2017,420070,9960
2017,420075,1967
2017,420080,5832
2017,420090,4943
2017,420100,7537
2017,420110,3248
2017,420120,8327
2017,420125,10542
2017,420127,4281
2017,420130,35268
2017,420140,67110
2017,420150,8520
2017,420160,3564
2017,420165,2261
2017,420170,7877
2017,420180,3254
2017,420190,5688
2017,420195,12344
2017,420200,135268
2017,420205,10317
2017,420207,10413
2017,420208,2751
2017,420209,1739
2017,420210,27781
2017,420213,6304
2017,420215,2709
2017,420220,11425
2017,420230,66558
2017,420240,348513
2017,420243,3456
2017,420245,18623
2017,420250,4694
2017,420253,2919
2017,420257,2151
2017,420260,9796
2017,420270,5100
2017,420280,32648
2017,420285,3709
2017,420287,2539
2017,420290,128818
2017,420300,77323
2017,420310,6213
2017,420315,3380
2017,420320,78731
2017,420325,2597
2017,420330,12012
2017,420340,7177
2017,420350,8787
2017,420360,35710
2017,420370,11944
2017,420380,54403
2017,420390,22524
2017,420395,24298
2017,420400,10632
2017,420410,3850
2017,420415,2760
2017,420417,3254
2017,420419,2953
2017,420420,213279
2017,420425,16446
2017,420430,73766
2017,420435,4321
2017,420440,10130
2017,420445,2548
2017,420450,15541
2017,420455,13358
2017,420460,211369
2017,420470,11057
2017,420475,1955
2017,420480,39566
2017,420490,8399
2017,420500,15450
2017,420510,4081
2017,420515,4043
2017,420517,3183
2017,420519,2076
2017,420520,4480
2017,420530,10745
2017,420535,1594
2017,420540,485838
2017,420543,2549
2017,420545,25988
2017,420550,36261
2017,420555,2146
2017,420560,3058
2017,420570,22082
2017,420580,17479
2017,420590,67392
2017,420600,14229
2017,420610,6537
2017,420620,11394
2017,420630,22732
2017,420640,10259
2017,420650,42872
2017,420660,5139
2017,420665,4733
2017,420670,22443
2017,420675,1967
2017,420680,3268
2017,420690,18721
2017,420700,54845
2017,420710,13857
2017,420720,10571
2017,420730,44076
2017,420740,6133
2017,420750,66497
2017,420757,2917
2017,420760,4562
2017,420765,8930
2017,420768,7400
2017,420770,7561
2017,420775,4067
2017,420780,10285
2017,420785,1984
2017,420790,11133
2017,420800,6275
2017,420810,21506
2017,420820,212615
2017,420830,61187
2017,420840,16683
2017,420845,19355
2017,420850,24622
2017,420860,3990
2017,420870,10539
2017,420880,19527
2017,420890,170835
2017,420895,1625
2017,420900,29608
2017,420910,577077
2017,420915,4887
2017,420917,2127
2017,420920,2251
2017,420930,158508
2017,420940,45311
2017,420945,1453
2017,420950,6790
2017,420960,15149
2017,420970,12133
2017,420980,3140
2017,420985,4615
2017,420990,11774
2017,421000,12413
2017,421003,5705
2017,421005,1799
2017,421010,55907
2017,421020,3429
2017,421030,8015
2017,421040,7139
2017,421050,25076
2017,421055,1906
2017,421060,16455
2017,421070,2614
2017,421080,7047
2017,421085,2374
2017,421090,4192
2017,421100,11496
2017,421105,9785
2017,421110,8471
2017,421120,17532
2017,421125,2915
2017,421130,77137
2017,421140,4879
2017,421145,4339
2017,421150,14099
2017,421160,14837
2017,421165,2532
2017,421170,22723
2017,421175,18313
2017,421180,7363
2017,421185,2245
2017,421187,1577
2017,421189,2376
2017,421190,164926
2017,421200,7558
2017,421205,2586
2017,421210,16253
2017,421220,19015
2017,421223,3613
2017,421225,8370
2017,421227,4243
2017,421230,7360
2017,421240,4026
2017,421250,31025
2017,421260,2855
2017,421265,9980
2017,421270,6021
2017,421280,21884
2017,421290,19511
2017,421300,3480
2017,421310,4102
2017,421315,2844
2017,421320,32334
2017,421330,4767
2017,421335,3413
2017,421340,11545
2017,421350,20294
2017,421360,35207
2017,421370,16957
2017,421380,7364
2017,421390,1610
2017,421400,16996
2017,421410,2304
2017,421415,2906
2017,421420,10044
2017,421430,2871
2017,421440,6246
2017,421450,6043
2017,421460,7463
2017,421470,11431
2017,421480,69188
2017,421490,4606
2017,421500,42029
2017,421505,2489
2017,421507,4670
2017,421510,11488
2017,421520,5022
2017,421530,7634
2017,421535,3847
2017,421540,4655
2017,421545,12233
2017,421550,16701
2017,421555,2266
2017,421560,2139
2017,421565,8356
2017,421567,8846
2017,421568,2557
2017,421569,1317
2017,421570,22609
2017,421575,2449
2017,421580,82842
2017,421590,2899
2017,421600,11132
2017,421605,5464
2017,421610,9502
2017,421620,50701
2017,421625,6309
2017,421630,35065
2017,421635,3690
2017,421640,7268
2017,421650,26646
2017,421660,239718
2017,421670,13897
2017,421680,8588
2017,421690,23698
2017,421700,12934
2017,421710,3210
2017,421715,1848
2017,421720,39793
2017,421725,5602
2017,421730,9664
2017,421740,20095
2017,421750,17526
2017,421755,3301
2017,421760,13870
2017,421770,29710
2017,421775,2551
2017,421780,18261
2017,421790,8738
2017,421795,1695
2017,421800,36931
2017,421810,5377
2017,421820,42801
2017,421825,7767
2017,421830,19146
2017,421835,3863
2017,421840,7098
2017,421850,7545
2017,421860,7211
2017,421870,104457
2017,421875,4597
2017,421880,12746
2017,421885,2600
2017,421890,11191
2017,421895,2487
2017,421900,21177
2017,421910,3590
2017,421915,2543
2017,421917,4597
2017,421920,6356
2017,421930,52066
2017,421935,5056
2017,421940,3912
2017,421950,49738
2017,421960,4012
2017,421970,28210
2017,421985,3300
2017,422000,12403
2017,430003,4759
2017,430005,3841
2017,430010,17085
2017,430020,7358
2017,430030,6736
2017,430040,78003
2017,430045,4037
2017,430047,2079
2017,430050,7433
2017,430055,1803
2017,430057,3040
2017,430060,208177
2017,430063,6854
2017,430064,7576
2017,430066,1306
2017,430070,6210
2017,430080,13306
2017,430085,3748
2017,430087,5395
2017,430090,6601
2017,430100,20272
2017,430105,9050
2017,430107,2906
2017,430110,14255
2017,430120,13388
2017,430130,18922
2017,430140,10614
2017,430150,7091
2017,430155,3718
2017,430160,122209
2017,430163,12671
2017,430165,6109
2017,430170,6763
2017,430175,7440
2017,430180,5474
2017,430185,3253
2017,430187,4223
2017,430190,13365
2017,430192,1915
2017,430195,2516
2017,430200,11486
2017,430205,2227
2017,430210,115069
2017,430215,2167
2017,430220,6829
2017,430222,2526
2017,430223,2579
2017,430225,2859
2017,430230,11773
2017,430235,13189
2017,430237,2216
2017,430240,12204
2017,430245,7914
2017,430250,6801
2017,430258,2228
2017,430260,3647
2017,430265,4996
2017,430270,21247
2017,430280,34634
2017,430290,13552
2017,430300,85495
2017,430310,127318
2017,430320,5100
2017,430330,5042
2017,430340,5064
2017,430350,66215
2017,430355,2733
2017,430360,6680
2017,430367,3407
2017,430370,5994
2017,430380,5641
2017,430390,64914
2017,430400,5161
2017,430410,3514
2017,430420,31603
2017,430430,6567
2017,430435,9406
2017,430440,43062
2017,430450,56103
2017,430460,343853
2017,430461,1817
2017,430462,1758
2017,430463,48401
2017,430465,3449
2017,430466,25495
2017,430467,4362
2017,430468,11455
2017,430469,2769
2017,430470,62339
2017,430471,7971
2017,430480,28091
2017,430485,1547
2017,430490,9079
2017,430495,3185
2017,430500,9335
2017,430510,483377
2017,430511,3016
2017,430512,6443
2017,430513,4694
2017,430515,2437
2017,430517,11486
2017,430520,14069
2017,430530,9597
2017,430535,38899
2017,430537,3482
2017,430540,4026
2017,430543,6456
2017,430544,5319
2017,430545,14710
2017,430550,4983
2017,430558,2499
2017,430560,3478
2017,430570,6836
2017,430580,10109
2017,430583,1559
2017,430585,2458
2017,430587,2559
2017,430590,7776
2017,430593,1728
2017,430595,4000
2017,430597,2876
2017,430600,14195
2017,430605,7831
2017,430607,2918
2017,430610,63463
2017,430613,2059
2017,430620,12258
2017,430630,4844
2017,430632,3102
2017,430635,2744
2017,430637,3130
2017,430640,30753
2017,430642,2158
2017,430645,3430
2017,430650,15279
2017,430655,2617
2017,430660,39822
2017,430670,3331
2017,430673,5110
2017,430675,2071
2017,430676,38581
2017,430680,22128
2017,430690,25872
2017,430692,1340
2017,430693,8981
2017,430695,3035
2017,430697,3066
2017,430700,103437
2017,430705,3215
2017,430710,6980
2017,430720,5170
2017,430730,7660
2017,430740,3313
2017,430745,3204
2017,430750,15843
2017,430755,6161
2017,430760,47287
2017,430770,84237
2017,430780,33140
2017,430781,3745
2017,430783,2699
2017,430786,2724
2017,430790,69542
2017,430800,6867
2017,430805,2523
2017,430807,4194
2017,430810,13273
2017,430820,29603
2017,430825,1958
2017,430830,10836
2017,430840,7053
2017,430843,2519
2017,430845,4588
2017,430850,30832
2017,430860,33624
2017,430865,3182
2017,430870,5878
2017,430880,8663
2017,430885,1705
2017,430890,16648
2017,430900,17069
2017,430905,7654
2017,430910,35047
2017,430912,2247
2017,430915,4251
2017,430920,275146
2017,430925,1600
2017,430930,99334
2017,430940,24836
2017,430950,8080
2017,430955,4664
2017,430957,3070
2017,430960,19338
2017,430965,6561
2017,430970,4988
2017,430975,4519
2017,430980,4846
2017,430990,7458
2017,430995,4155
2017,431000,20355
2017,431010,34903
2017,431020,83330
2017,431030,4202
2017,431033,20578
2017,431036,3157
2017,431040,6598
2017,431041,2312
2017,431043,6482
2017,431046,1975
2017,431050,7921
2017,431053,5384
2017,431055,3552
2017,431057,2295
2017,431060,39012
2017,431065,2583
2017,431070,3896
2017,431075,2104
2017,431080,22514
2017,431085,4082
2017,431087,2666
2017,431090,3704
2017,431100,28156
2017,431110,11514
2017,431112,4083
2017,431113,3645
2017,431115,8679
2017,431120,20012
2017,431123,2852
2017,431125,6516
2017,431127,1650
2017,431130,28454
2017,431140,79819
2017,431142,2596
2017,431150,7807
2017,431160,5686
2017,431162,5765
2017,431164,1712
2017,431170,5640
2017,431171,4804
2017,431173,3079
2017,431175,7383
2017,431177,7016
2017,431179,2677
2017,431180,41059
2017,431190,4941
2017,431198,3932
2017,431200,2190
2017,431205,4159
2017,431210,5124
2017,431213,2574
2017,431215,4276
2017,431217,1780
2017,431220,4804
2017,431225,8059
2017,431230,4975
2017,431235,1545
2017,431237,3249
2017,431238,2689
2017,431240,63868
2017,431242,2986
2017,431244,3166
2017,431245,6566
2017,431247,6183
2017,431250,12794
2017,431260,5006
2017,431261,3156
2017,431262,1903
2017,431265,17185
2017,431267,1752
2017,431270,12247
2017,431275,3481
2017,431280,4471
2017,431290,9599
2017,431295,1932
2017,431300,3344
2017,431301,2807
2017,431303,5125
2017,431306,20405
2017,431308,2568
2017,431310,6605
2017,431320,20675
2017,431330,25559
2017,431333,2417
2017,431335,3603
2017,431337,26450
2017,431339,4125
2017,431340,249508
2017,431342,3757
2017,431344,2312
2017,431346,1790
2017,431349,4181
2017,431350,44468
2017,431360,4172
2017,431365,11449
2017,431370,34844
2017,431380,7184
2017,431390,41781
2017,431395,9845
2017,431400,7404
2017,431402,7677
2017,431403,3760
2017,431405,56277
2017,431406,5554
2017,431407,6430
2017,431410,198799
2017,431413,2308
2017,431415,8485
2017,431417,2168
2017,431420,7999
2017,431430,4043
2017,431440,344385
2017,431442,5595
2017,431445,2616
2017,431446,2104
2017,431447,4544
2017,431449,4803
2017,431450,12913
2017,431454,2868
2017,431455,2625
2017,431460,20799
2017,431470,10623
2017,431475,2112
2017,431477,3990
2017,431478,1706
2017,431480,34692
2017,431490,1484941
2017,431500,5227
2017,431505,2536
2017,431507,1676
2017,431510,10718
2017,431513,1819
2017,431514,2752
2017,431515,6379
2017,431517,2034
2017,431520,4159
2017,431530,23532
2017,431531,1856
2017,431532,2824
2017,431535,3826
2017,431540,11187
2017,431545,2187
2017,431550,16315
2017,431555,3317
2017,431560,209378
2017,431570,39000
2017,431575,4607
2017,431580,11101
2017,431590,5967
2017,431595,2515
2017,431600,20920
2017,431610,10695
2017,431620,5497
2017,431630,7245
2017,431640,40727
2017,431642,2676
2017,431643,2849
2017,431645,12490
2017,431647,2776
2017,431650,7434
2017,431660,16237
2017,431670,8694
2017,431673,1695
2017,431675,6285
2017,431680,127429
2017,431690,278445
2017,431695,6358
2017,431697,2519
2017,431700,8414
2017,431710,82312
2017,431720,72753
2017,431725,1780
2017,431730,31274
2017,431740,50658
2017,431750,79101
2017,431755,2196
2017,431760,42333
2017,431770,11051
2017,431775,2059
2017,431780,14334
2017,431790,14738
2017,431795,2468
2017,431800,62808
2017,431805,3080
2017,431810,19382
2017,431820,21679
2017,431830,62957
2017,431840,23763
2017,431842,4831
2017,431843,2646
2017,431844,2842
2017,431845,2714
2017,431846,2158
2017,431848,4543
2017,431849,2205
2017,431850,27206
2017,431860,7117
2017,431861,2298
2017,431862,3496
2017,431870,230914
2017,431880,44580
2017,431890,35057
2017,431900,21364
2017,431910,5779
2017,431912,3309
2017,431915,7754
2017,431920,5677
2017,431930,6280
2017,431935,3639
2017,431936,1998
2017,431937,2991
2017,431940,16763
2017,431950,24967
2017,431960,24403
2017,431970,3581
2017,431971,2265
2017,431973,2760
2017,431975,2154
2017,431980,8817
2017,431990,80311
2017,432000,139476
2017,432010,23398
2017,432020,11144
2017,432023,3050
2017,432026,7428
2017,432030,5152
2017,432032,2880
2017,432035,5528
2017,432040,16184
2017,432045,2198
2017,432050,6065
2017,432055,6317
2017,432057,2114
2017,432060,3868
2017,432065,2481
2017,432067,10408
2017,432070,15018
2017,432080,31361
2017,432085,4526
2017,432090,22077
2017,432100,10814
2017,432110,17425
2017,432120,57544
2017,432130,27207
2017,432132,3101
2017,432135,5567
2017,432140,14008
2017,432143,10783
2017,432145,30846
2017,432146,2946
2017,432147,6294
2017,432149,2970
2017,432150,37564
2017,432160,47521
2017,432162,2391
2017,432163,2851
2017,432166,10904
2017,432170,26589
2017,432180,24497
2017,432183,2898
2017,432185,4457
2017,432190,24632
2017,432195,5961
2017,432200,28289
2017,432210,5965
2017,432215,4604
2017,432218,1573
2017,432220,23705
2017,432225,4472
2017,432230,8494
2017,432232,3585
2017,432234,2232
2017,432235,1374
2017,432237,2467
2017,432240,129784
2017,432250,65397
2017,432252,3461
2017,432253,11727
2017,432254,5638
2017,432255,2101
2017,432260,70481
2017,432270,26024
2017,432280,25073
2017,432285,1956
2017,432290,5205
2017,432300,253717
2017,432310,5152
2017,432320,3051
2017,432330,3382
2017,432335,2185
2017,432340,4407
2017,432345,4370
2017,432350,2877
2017,432360,1611
2017,432370,2882
2017,432375,3422
2017,432377,2977
2017,432380,14650
2017,500020,14992
2017,500025,5188
2017,500060,38465
2017,500070,24954
2017,500080,8927
2017,500085,10458
2017,500090,8808
2017,500100,25072
2017,500110,47482
2017,500124,11771
2017,500150,6795
2017,500190,22389
2017,500200,11248
2017,500210,24331
2017,500215,7820
2017,500220,21483
2017,500230,11864
2017,500240,29292
2017,500260,13694
2017,500270,874210
2017,500280,5972
2017,500290,21748
2017,500295,23940
2017,500310,5730
2017,500315,15016
2017,500320,109899
2017,500325,20159
2017,500330,33323
2017,500345,12773
2017,500348,11132
2017,500350,5827
2017,500370,218069
2017,500375,12224
2017,500380,19181
2017,500390,3027
2017,500400,9960
2017,500410,9991
2017,500430,15838
2017,500440,7618
2017,500450,23539
2017,500460,20637
2017,500470,23021
2017,500480,8836
2017,500490,7019
2017,500500,25758
2017,500510,4025
2017,500515,6553
2017,500520,22590
2017,500525,7177
2017,500540,44994
2017,500560,27525
2017,500568,18103
2017,500570,53188
2017,500580,14092
2017,500600,20772
2017,500620,52625
2017,500625,4041
2017,500627,5350
2017,500630,41755
2017,500635,13852
2017,500640,7683
2017,500660,89592
2017,500690,16879
2017,500710,23881
2017,500720,36144
2017,500730,4834
2017,500740,19569
2017,500750,5346
2017,500755,7732
2017,500769,25898
2017,500770,10790
2017,500780,6482
2017,500790,54575
2017,500793,18393
2017,500795,11284
2017,500797,3570
2017,500800,20855
2017,500830,117477
2017,500840,6041
2017,510010,5269
2017,510020,24501
2017,510025,50189
2017,510030,18164
2017,510035,6466
2017,510040,11532
2017,510050,10921
2017,510060,10246
2017,510080,9694
2017,510100,3036
2017,510120,931
2017,510125,16223
2017,510130,9455
2017,510140,21357
2017,510160,7872
2017,510170,33644
2017,510180,58974
2017,510185,6266
2017,510190,18688
2017,510250,91271
2017,510260,15386
2017,510263,33551
2017,510267,39933
2017,510268,6512
2017,510269,4630
2017,510270,20707
2017,510279,10136
2017,510285,8454
2017,510300,19049
2017,510305,11716
2017,510310,5535
2017,510320,32298
2017,510325,36161
2017,510330,19932
2017,510335,29471
2017,510336,3860
2017,510337,18689
2017,510340,590118
2017,510343,5049
2017,510345,9115
2017,510350,21294
2017,510360,7977
2017,510370,13451
2017,510380,3444
2017,510385,7296
2017,510390,5333
2017,510395,2964
2017,510410,34500
2017,510420,14615
2017,510450,2648
2017,510452,7171
2017,510454,6396
2017,510455,3800
2017,510460,12789
2017,510480,26633
2017,510490,7996
2017,510500,8776
2017,510510,33851
2017,510515,39779
2017,510517,14913
2017,510520,10971
2017,510523,5887
2017,510525,61515
2017,510530,2043
2017,510550,15534
2017,510558,10422
2017,510560,15870
2017,510562,26768
2017,510590,14917
2017,510600,5895
2017,510610,12484
2017,510615,14473
2017,510617,3655
2017,510618,6338
2017,510619,3596
2017,510620,3827
2017,510621,12388
2017,510622,42607
2017,510623,19465
2017,510624,11352
2017,510625,20639
2017,510626,8730
2017,510627,3876
2017,510628,5066
2017,510629,10884
2017,510630,21612
2017,510631,2498
2017,510637,16965
2017,510642,33630
2017,510645,2604
2017,510650,32241
2017,510665,6387
2017,510670,1560
2017,510675,43832
2017,510677,11995
2017,510680,5283
2017,510682,11603
2017,510685,2973
2017,510700,15985
2017,510704,59293
2017,510706,16512
2017,510710,18452
2017,510715,2646
2017,510718,9796
2017,510719,2320
2017,510720,5019
2017,510724,4360
2017,510726,3050
2017,510729,3908
2017,510730,19728
2017,510735,5416
2017,510740,4541
2017,510757,3854
2017,510760,222316
2017,510770,16908
2017,510774,2421
2017,510775,3347
2017,510776,3231
2017,510777,8049
2017,510779,4875
2017,510780,18392
2017,510785,11290
2017,510787,24305
2017,510788,1575
2017,510790,135874
2017,510792,85223
2017,510794,9309
2017,510795,98828
2017,510800,12967
2017,510805,9606
2017,510810,3682
2017,510820,3576
2017,510830,3468
2017,510835,3041
2017,510840,274013
2017,510850,10901
2017,510860,24835
2017,510880,4457
2017,510885,3159
2017,510890,8182
2017,510895,8822
2017,520005,8207
2017,520010,18775
2017,520013,22076
2017,520015,2564
2017,520017,5613
2017,520020,1967
2017,520025,195810
2017,520030,26770
2017,520050,2071
2017,520055,5784
2017,520060,7514
2017,520080,8645
2017,520082,3754
2017,520085,6018
2017,520090,3408
2017,520110,375142
2017,520120,1126
2017,520130,21746
2017,520140,542090
2017,520145,2517
2017,520150,4143
2017,520160,3731
2017,520170,19884
2017,520180,9765
2017,520215,7862
2017,520235,2957
2017,520250,9138
2017,520260,3422
2017,520280,2494
2017,520310,4677
2017,520320,10435
2017,520330,28514
2017,520340,8896
2017,520350,23998
2017,520355,9052
2017,520357,4143
2017,520360,3604
2017,520380,5817
2017,520390,9535
2017,520393,2583
2017,520396,3389
2017,520400,7935
2017,520410,12002
2017,520420,1414
2017,520425,8355
2017,520430,15287
2017,520440,18505
2017,520450,84900
2017,520455,3703
2017,520460,3622
2017,520465,3740
2017,520470,12321
2017,520480,7149
2017,520485,7345
2017,520490,19786
2017,520495,3399
2017,520500,9862
2017,520505,3610
2017,520510,102393
2017,520520,5041
2017,520530,9829
2017,520540,22155
2017,520545,8386
2017,520547,9110
2017,520549,66777
2017,520551,19583
2017,520552,3529
2017,520570,2514
2017,520580,11086
2017,520590,9332
2017,520620,55347
2017,520630,3029
2017,520640,16893
2017,520650,3606
2017,520660,2975
2017,520670,3389
2017,520680,2935
2017,520690,2133
2017,520710,2547
2017,520725,7750
2017,520735,3809
2017,520740,12231
2017,520750,3379
2017,520753,6947
2017,520760,6070
2017,520780,12923
2017,520790,15111
2017,520800,115789
2017,520810,4623
2017,520815,3777
2017,520830,4995
2017,520840,11471
2017,520850,5605
2017,520860,67507
2017,520870,1466105
2017,520880,41169
2017,520890,24103
2017,520910,34312
2017,520915,5656
2017,520920,14482
2017,520929,2206
2017,520940,4145
2017,520945,2052
2017,520960,3757
2017,520970,20472
2017,520980,3852
2017,520990,13675
2017,520993,6148
2017,520995,15213
2017,521000,52311
2017,521010,26747
2017,521015,2948
2017,521020,32242
2017,521030,2910
2017,521040,40872
2017,521056,4730
2017,521060,5456
2017,521080,4876
2017,521090,21691
2017,521100,6312
2017,521120,26586
2017,521130,6998
2017,521140,9019
2017,521150,102513
2017,521160,2554
2017,521170,6254
2017,521180,48216
2017,521190,98128
2017,521200,3004
2017,521205,2476
2017,521210,7468
2017,521220,19239
2017,521225,1490
2017,521230,7773
2017,521250,199615
2017,521260,2432
2017,521270,8271
2017,521280,10228
2017,521290,2226
2017,521295,4490
2017,521300,13379
2017,521305,2702
2017,521308,30696
2017,521310,62750
2017,521340,1666
2017,521350,8464
2017,521370,8236
2017,521375,12566
2017,521377,4447
2017,521380,45382
2017,521385,2351
2017,521390,4700
2017,521400,15125
2017,521405,5661
2017,521410,3906
2017,521440,8850
2017,521450,28271
2017,521460,45913
2017,521470,2373
2017,521480,2206
2017,521483,12810
2017,521486,8521
2017,521487,2961
2017,521490,3437
2017,521500,9389
2017,521520,3242
2017,521523,110096
2017,521525,4387
2017,521530,15472
2017,521540,3971
2017,521550,6340
2017,521560,32148
2017,521565,3514
2017,521570,27304
2017,521580,2424
2017,521590,3667
2017,521600,2712
2017,521630,9919
2017,521640,11221
2017,521645,3135
2017,521680,10548
2017,521690,2529
2017,521710,24885
2017,521720,11022
2017,521730,24761
2017,521740,31151
2017,521760,88863
2017,521770,17991
2017,521800,45305
2017,521805,3758
2017,521810,4044
2017,521830,35574
2017,521839,3360
2017,521850,48508
2017,521860,11036
2017,521870,4828
2017,521878,4112
2017,521880,217048
2017,521890,19994
2017,521900,7798
2017,521910,6393
2017,521920,3048
2017,521925,5309
2017,521930,38743
2017,521935,3857
2017,521940,8218
2017,521945,3359
2017,521950,2626
2017,521960,3710
2017,521970,9622
2017,521971,4780
2017,521973,5787
2017,521975,71887
2017,521980,12585
2017,521990,6366
2017,522000,12643
2017,522005,1547
2017,522010,33118
2017,522015,5071
2017,522020,22684
2017,522026,4037
2017,522028,2070
2017,522040,19697
2017,522045,105459
2017,522050,8323
2017,522060,20478
2017,522068,6891
2017,522070,2998
2017,522100,3625
2017,522108,3363
2017,522119,7634
2017,522130,2900
2017,522140,121266
2017,522145,3571
2017,522150,4818
2017,522155,5050
2017,522157,2961
2017,522160,40082
2017,522170,14195
2017,522180,3154
2017,522185,159500
2017,522190,3856
2017,522200,13675
2017,522205,8397
2017,522220,5731
2017,522230,5690
2017,530010,3039444
2019,110001,22945
2019,110002,107863
2019,110003,5312
2019,110004,85359
2019,110005,16323
2019,110006,15882
2019,110007,7391
2019,110008,18331
2019,110009,32374
2019,110010,46174
2019,110011,51775
2019,110012,128969
2019,110013,39991
2019,110014,20474
2019,110015,36035
2019,110018,36660
2019,110020,529544
2019,110025,18986
2019,110026,3764
2019,110028,55058
2019,110029,6495
2019,110030,99854
2019,110032,23005
2019,110033,30583
2019,110034,14411
2019,110037,13241
2019,110040,21428
2019,110045,39654
2019,110050,8538
2019,110060,6230
2019,110070,14139
2019,110080,26693
2019,110090,3052
2019,110092,11182
2019,110094,25215
2019,110100,7767
2019,110110,10458
2019,110120,9660
2019,110130,10947
2019,110140,15852
2019,110143,6970
2019,110145,6074
2019,110146,2169
2019,110147,2856
2019,110148,5172
2019,110149,20266
2019,110150,11856
2019,110155,4308
2019,110160,10444
2019,110170,11467
2019,110175,11204
2019,110180,6825
2019,120001,15256
2019,120005,7417
2019,120010,26278
2019,120013,10266
2019,120017,11733
2019,120020,88376
2019,120025,18411
2019,120030,34780
2019,120032,8317
2019,120033,18977
2019,120034,9459
2019,120035,18867
2019,120038,19761
2019,120039,11982
2019,120040,407319
2019,120042,18930
2019,120043,6540
2019,120045,23024
2019,120050,45848
2019,120060,42567
2019,120070,19323
2019,120080,18504
2019,130002,16041
2019,130006,11536
2019,130008,13614
2019,130010,21010
2019,130014,21973
2019,130020,19921
2019,130030,39565
2019,130040,27502
2019,130050,32041
2019,130060,42984
2019,130063,19679
2019,130068,19207
2019,130070,34308
2019,130080,41161
2019,130083,13081
2019,130090,15629
2019,130100,28294
2019,130110,37869
2019,130115,30225
2019,130120,85097
2019,130130,28637
2019,130140,35273
2019,130150,20033
2019,130160,17609
2019,130165,16678
2019,130170,55080
2019,130180,29689
2019,130185,48296
2019,130190,101337
2019,130195,7851
2019,130200,9148
2019,130210,2755
2019,130220,14712
2019,130230,14317
2019,130240,46069
2019,130250,97377
2019,130255,32105
2019,130260,2182763
2019,130270,55751
2019,130280,18224
2019,130290,63905
2019,130300,21173
2019,130310,37378
2019,130320,19454
2019,130330,25644
2019,130340,114273
2019,130350,19426
2019,130353,36279
2019,130356,33347
2019,130360,25156
2019,130370,21602
2019,130380,45564
2019,130390,39299
2019,130395,14020
2019,130400,9171
2019,130406,65844
2019,130410,17156
2019,130420,59849
2019,130423,18755
2019,130426,13540
2019,130430,16256
2019,130440,23065
2019,140002,12796
2019,140005,15510
2019,140010,399213
2019,140015,12409
2019,140017,18335
2019,140020,21926
2019,140023,10169
2019,140028,11950
2019,140030,17853
2019,140040,11290
2019,140045,17401
2019,140047,30163
2019,140050,8201
2019,140060,7986
2019,140070,10559
2019,150010,157698
2019,150013,7434
2019,150020,55591
2019,150030,39218
2019,150034,27430
2019,150040,56789
2019,150050,34109
2019,150060,114594
2019,150070,29277
2019,150080,530598
2019,150085,27890
2019,150090,45998
2019,150095,31338
2019,150100,16388
2019,150110,30673
2019,150120,47446
2019,150125,3286
2019,150130,124680
2019,150140,1492745
2019,150145,17732
2019,150150,62737
2019,150157,16981
2019,150160,16286
2019,150170,127686
2019,150172,15086
2019,150175,7380
2019,150178,66046
2019,150180,102701
2019,150190,29132
2019,150195,33900
2019,150200,23767
2019,150210,137890
2019,150215,37085
2019,150220,69027
2019,150230,54303
2019,150240,200793
2019,150250,23717
2019,150260,12085
2019,150270,47864
2019,150275,33318
2019,150276,13473
2019,150277,17929
2019,150280,34448
2019,150285,14393
2019,150290,40066
2019,150293,59719
2019,150295,33808
2019,150300,7194
2019,150304,20304
2019,150307,26066
2019,150309,40475
2019,150310,33376
2019,150320,38807
2019,150330,62698
2019,150340,11711
2019,150345,64053
2019,150350,32550
2019,150360,101247
2019,150370,53269
2019,150375,8239
2019,150380,59155
2019,150390,57943
2019,150400,28935
2019,150405,30077
2019,150410,8548
2019,150420,279349
2019,150430,29473
2019,150440,28336
2019,150442,131521
2019,150445,31597
2019,150450,27654
2019,150460,31136
2019,150470,82094
2019,150475,16084
2019,150480,58032
2019,150490,40349
2019,150495,21368
2019,150497,16678
2019,150500,15363
2019,150503,25762
2019,150506,75919
2019,150510,52137
2019,150520,32512
2019,150530,73096
2019,150540,17842
2019,150543,32832
2019,150548,47706
2019,150549,7589
2019,150550,113145
2019,150553,208273
2019,150555,5483
2019,150560,8077
2019,150563,12981
2019,150565,30982
2019,150570,31082
2019,150580,62043
2019,150590,41135
2019,150600,29866
2019,150610,10825
2019,150611,13608
2019,150613,84787
2019,150616,18193
2019,150618,52357
2019,150619,50510
2019,150620,40675
2019,150630,23752
2019,150635,21079
2019,150640,10128
2019,150650,70801
2019,150655,19848
2019,150658,21449
2019,150660,24861
2019,150670,72817
2019,150680,304589
2019,150690,6709
2019,150700,31482
2019,150710,18050
2019,150715,25557
2019,150720,31989
2019,150730,128481
2019,150740,15882
2019,150745,24847
2019,150746,6139
2019,150747,23045
2019,150750,13996
2019,150760,58986
2019,150770,26640
2019,150775,5930
2019,150780,11658
2019,150790,25374
2019,150795,106339
2019,150796,11720
2019,150797,18769
2019,150800,63447
2019,150803,30959
2019,150805,18989
2019,150808,39602
2019,150810,113659
2019,150812,59210
2019,150815,45476
2019,150820,53686
2019,150830,61403
2019,150835,15134
2019,150840,44751
2019,160005,5397
2019,160010,9109
2019,160015,16502
2019,160020,11117
2019,160021,5983
2019,160023,7780
2019,160025,5503
2019,160027,50410
2019,160030,503327
2019,160040,21632
2019,160050,27270
2019,160053,21971
2019,160055,5120
2019,160060,121364
2019,160070,17315
2019,160080,15931
2019,170025,2579
2019,170030,6733
2019,170035,5390
2019,170040,7055
2019,170070,8412
2019,170100,9549
2019,170105,3433
2019,170110,4795
2019,170130,5758
2019,170190,7086
2019,170200,8517
2019,170210,180470
2019,170215,5729
2019,170220,35761
2019,170230,6643
2019,170240,10567
2019,170255,18412
2019,170270,3757
2019,170290,9756
2019,170300,10664
2019,170305,3553
2019,170307,4591
2019,170310,5632
2019,170320,4459
2019,170330,4894
2019,170360,2201
2019,170370,5497
2019,170380,11348
2019,170382,2275
2019,170384,10116
2019,170386,4382
2019,170388,2580
2019,170389,4095
2019,170390,5369
2019,170410,2905
2019,170460,1406
2019,170510,3333
2019,170550,35424
2019,170555,4852
2019,170560,4105
2019,170600,5588
2019,170610,7289
2019,170625,1722
2019,170650,6097
2019,170700,22139
2019,170710,6900
2019,170720,7198
2019,170730,4686
2019,170740,10996
2019,170755,3835
2019,170765,5263
2019,170770,8856
2019,170820,18440
2019,170825,2589
2019,170830,5123
2019,170900,13019
2019,170930,25923
2019,170950,86647
2019,170980,2015
2019,171050,7433
2019,171070,5864
2019,171090,3777
2019,171110,2427
2019,171150,3849
2019,171180,2193
2019,171190,13357
2019,171195,4316
2019,171200,3134
2019,171215,1923
2019,171240,3740
2019,171245,3108
2019,171250,5175
2019,171270,2684
2019,171280,3426
2019,171320,18248
2019,171330,13434
2019,171360,7947
2019,171370,2279
2019,171380,6658
2019,171395,3551
2019,171420,9244
2019,171430,3898
2019,171488,11819
2019,171500,4260
2019,171510,4342
2019,171515,2332
2019,171525,2722
2019,171550,1112
2019,171570,6026
2019,171575,7659
2019,171610,51252
2019,171620,10449
2019,171630,4849
2019,171650,13578
2019,171660,11749
2019,171665,5477
2019,171670,8205
2019,171700,4447
2019,171720,3028
2019,171750,7654
2019,171780,4596
2019,171790,8039
2019,171800,3139
2019,171820,53010
2019,171830,8432
2019,171840,3684
2019,171845,2688
2019,171850,4293
2019,171855,4645
2019,171865,2130
2019,171870,2834
2019,171875,6478
2019,171880,4711
2019,171884,3375
2019,171886,7512
2019,171888,3434
2019,171889,2365
2019,171890,4829
2019,171900,2866
2019,172000,2529
2019,172010,5324
2019,172015,1585
2019,172020,12139
2019,172025,3082
2019,172030,4805
2019,172049,3960
2019,172065,5403
2019,172080,9029
2019,172085,1966
2019,172090,16683
2019,172093,2148
2019,172097,2793
2019,172100,299127
2019,172110,7545
2019,172120,22870
2019,172125,1891
2019,172130,2671
2019,172208,11683
2019,172210,11540
2019,210005,112445
2019,210010,6524
2019,210015,12571
2019,210020,22097
2019,210030,26532
2019,210040,8128
2019,210043,27053
2019,210047,31919
2019,210050,11190
2019,210055,6962
2019,210060,41435
2019,210070,26803
2019,210080,15732
2019,210083,17239
2019,210087,15426
2019,210090,46440
2019,210095,32701
2019,210100,29848
2019,210110,12130
2019,210120,104949
2019,210125,17055
2019,210130,18582
2019,210135,5644
2019,210140,94887
2019,210150,18820
2019,210160,88212
2019,210170,62528
2019,210173,7469
2019,210177,11209
2019,210180,5632
2019,210190,21280
2019,210193,6043
2019,210197,9287
2019,210200,41630
2019,210203,34028
2019,210207,16294
2019,210210,36397
2019,210215,9188
2019,210220,28678
2019,210230,23884
2019,210232,72358
2019,210235,15430
2019,210237,9431
2019,210240,11177
2019,210250,19379
2019,210255,14374
2019,210260,20178
2019,210270,21995
2019,210275,10934
2019,210280,24322
2019,210290,23807
2019,210300,164880
2019,210310,10675
2019,210312,8673
2019,210315,13458
2019,210317,21622
2019,210320,79675
2019,210325,14697
2019,210330,122859
2019,210340,49435
2019,210350,41178
2019,210355,16237
2019,210360,65296
2019,210370,32695
2019,210375,12908
2019,210380,23350
2019,210390,11349
2019,210400,17241
2019,210405,41946
2019,210407,8504
2019,210408,10360
2019,210409,19089
2019,210410,12631
2019,210420,15552
2019,210430,11819
2019,210440,17934
2019,210450,10840
2019,210455,18296
2019,210460,16828
2019,210462,7807
2019,210465,10180
2019,210467,25577
2019,210470,6262
2019,210480,69527
2019,210490,12030
2019,210500,28717
2019,210510,27113
2019,210515,14177
2019,210520,11320
2019,210530,258682
2019,210535,16057
2019,210540,68203
2019,210542,26000
2019,210545,10153
2019,210547,16515
2019,210550,23632
2019,210560,16168
2019,210565,3432
2019,210570,50266
2019,210580,10840
2019,210590,16257
2019,210592,11250
2019,210594,8873
2019,210596,11394
2019,210598,7550
2019,210600,11893
2019,210610,12157
2019,210620,6951
2019,210630,19826
2019,210632,21395
2019,210635,7792
2019,210637,16265
2019,210640,16829
2019,210650,23370
2019,210660,33782
2019,210663,16745
2019,210667,8464
2019,210670,21015
2019,210675,28381
2019,210680,14962
2019,210690,33434
2019,210700,9160
2019,210710,19433
2019,210720,14454
2019,210725,5384
2019,210730,4683
2019,210735,20928
2019,210740,19505
2019,210745,14701
2019,210750,122197
2019,210760,19722
2019,210770,21386
2019,210780,34907
2019,210790,19019
2019,210800,19472
2019,210805,16035
2019,210810,21040
2019,210820,39229
2019,210825,25144
2019,210830,38470
2019,210840,14318
2019,210845,23196
2019,210850,32941
2019,210860,83387
2019,210870,21485
2019,210880,18625
2019,210890,17873
2019,210900,23885
2019,210905,5975
2019,210910,47804
2019,210920,12734
2019,210923,7015
2019,210927,18918
2019,210930,11193
2019,210940,15315
2019,210945,30761
2019,210950,20195
2019,210955,7791
2019,210960,42740
2019,210970,5671
2019,210975,7773
2019,210980,42130
2019,210990,89044
2019,211000,72667
2019,211003,25254
2019,211010,25642
2019,211020,37855
2019,211023,13386
2019,211027,15846
2019,211030,14528
2019,211040,18663
2019,211050,45211
2019,211060,28507
2019,211065,7392
2019,211070,34376
2019,211080,4585
2019,211085,11798
2019,211090,12210
2019,211100,20665
2019,211102,15808
2019,211105,11177
2019,211107,18543
2019,211110,25929
2019,211120,177687
2019,211125,7641
2019,211130,1101884
2019,211140,18856
2019,211150,41529
2019,211153,12690
2019,211157,4668
2019,211160,18868
2019,211163,5237
2019,211167,6719
2019,211170,22247
2019,211172,13914
2019,211174,11141
2019,211176,14293
2019,211178,10253
2019,211180,18081
2019,211190,10636
2019,211195,5660
2019,211200,8521
2019,211210,29124
2019,211220,169107
2019,211223,21998
2019,211227,5840
2019,211230,41832
2019,211240,35604
2019,211245,25619
2019,211250,58860
2019,211260,33122
2019,211270,56510
2019,211280,52441
2019,211285,13392
2019,211290,32764
2019,211300,31523
2019,211400,51714
2019,220005,7084
2019,220010,5139
2019,220020,17411
2019,220025,7651
2019,220027,4915
2019,220030,14304
2019,220040,40524
2019,220045,5419
2019,220050,17598
2019,220060,6788
2019,220070,9880
2019,220080,3164
2019,220090,5835
2019,220095,2551
2019,220100,4727
2019,220105,7846
2019,220110,11289
2019,220115,11586
2019,220117,3951
2019,220120,47066
2019,220130,3348
2019,220140,7032
2019,220150,26857
2019,220155,4015
2019,220157,3566
2019,220160,10467
2019,220170,5501
2019,220173,6205
2019,220177,6781
2019,220180,4500
2019,220190,25179
2019,220191,5630
2019,220192,5670
2019,220194,6407
2019,220196,8329
2019,220198,3875
2019,220200,19781
2019,220202,8244
2019,220205,10586
2019,220207,3559
2019,220208,7642
2019,220209,5776
2019,220210,5613
2019,220211,5045
2019,220213,5943
2019,220217,7279
2019,220220,46833
2019,220225,3950
2019,220230,21187
2019,220240,11417
2019,220245,4100
2019,220250,10916
2019,220253,5868
2019,220255,5067
2019,220260,19716
2019,220265,5424
2019,220270,27787
2019,220271,4891
2019,220272,6153
2019,220273,4020
2019,220275,6484
2019,220277,7656
2019,220280,4803
2019,220285,4682
2019,220290,26644
2019,220300,8294
2019,220310,10423
2019,220320,11388
2019,220323,4954
2019,220325,4443
2019,220327,5343
2019,220330,13817
2019,220335,7011
2019,220340,6904
2019,220342,4355
2019,220345,9556
2019,220350,14602
2019,220360,4915
2019,220370,39737
2019,220375,5307
2019,220380,4463
2019,220385,2558
2019,220390,59935
2019,220400,5348
2019,220410,4348
2019,220415,3184
2019,220420,9319
2019,220430,11625
2019,220435,5442
2019,220440,10690
2019,220450,10499
2019,220455,4562
2019,220460,3877
2019,220465,9426
2019,220470,15308
2019,220480,9811
2019,220490,8549
2019,220500,11530
2019,220510,11019
2019,220515,5741
2019,220520,19104
2019,220525,4504
2019,220527,4865
2019,220530,4452
2019,220535,3008
2019,220540,14354
2019,220545,5443
2019,220550,39208
2019,220551,5478
2019,220552,5627
2019,220553,4763
2019,220554,2845
2019,220555,8542
2019,220556,4655
2019,220557,6758
2019,220558,4064
2019,220559,5177
2019,220560,5295
2019,220570,30311
2019,220580,25486
2019,220585,8310
2019,220590,5349
2019,220595,8492
2019,220600,4549
2019,220605,6441
2019,220610,10936
2019,220620,33760
2019,220630,1246
2019,220635,6613
2019,220640,10564
2019,220650,7749
2019,220660,10613
2019,220665,4532
2019,220667,6796
2019,220669,9159
2019,220670,7339
2019,220672,8570
2019,220675,4870
2019,220680,8692
2019,220690,6565
2019,220695,2991
2019,220700,37029
2019,220710,2459
2019,220720,6868
2019,220730,4129
2019,220735,3389
2019,220740,5043
2019,220750,14539
2019,220755,3945
2019,220760,10791
2019,220770,153078
2019,220775,4313
2019,220777,6392
2019,220779,4045
2019,220780,20523
2019,220785,3677
2019,220790,38742
2019,220793,2536
2019,220795,4374
2019,220800,78222
2019,220810,12127
2019,220820,18425
2019,220830,28791
2019,220840,63742
2019,220850,12568
2019,220855,2710
2019,220860,3151
2019,220865,8992
2019,220870,8778
2019,220880,17978
2019,220885,4312
2019,220887,4477
2019,220890,7341
2019,220900,6432
2019,220910,6240
2019,220915,4019
2019,220920,6253
2019,220930,5860
2019,220935,4634
2019,220937,5257
2019,220940,6415
2019,220945,2161
2019,220950,3798
2019,220955,4448
2019,220960,2942
2019,220965,5755
2019,220970,6423
2019,220975,3041
2019,220980,5015
2019,220985,4608
2019,220987,6042
2019,220990,6139
2019,220995,4840
2019,220997,7989
2019,221000,20601
2019,221005,5346
2019,221010,3745
2019,221020,6705
2019,221030,6363
2019,221035,4573
2019,221037,2644
2019,221038,2452
2019,221039,3039
2019,221040,17662
2019,221050,14291
2019,221060,34710
2019,221062,3469
2019,221063,4294
2019,221065,10041
2019,221070,14633
2019,221080,12711
2019,221090,4569
2019,221093,6730
2019,221095,2919
2019,221097,2765
2019,221100,864845
2019,221110,44485
2019,221120,21558
2019,221130,20918
2019,221135,4947
2019,221140,4391
2019,221150,3077
2019,221160,2971
2019,221170,4462
2019,230010,11737
2019,230015,14929
2019,230020,62641
2019,230030,54270
2019,230040,17399
2019,230050,11714
2019,230060,7586
2019,230070,17146
2019,230075,43452
2019,230080,7353
2019,230090,14600
2019,230100,80271
2019,230110,74547
2019,230120,26469
2019,230125,10935
2019,230130,21600
2019,230140,11847
2019,230150,7840
2019,230160,23417
2019,230170,24654
2019,230180,6288
2019,230185,18197
2019,230190,60781
2019,230195,22425
2019,230200,22680
2019,230205,15017
2019,230210,35750
2019,230220,53573
2019,230230,32591
2019,230240,54470
2019,230250,49477
2019,230260,63661
2019,230270,27426
2019,230280,76997
2019,230290,17738
2019,230300,22547
2019,230310,18448
2019,230320,26965
2019,230330,18699
2019,230340,17606
2019,230350,71743
2019,230360,20698
2019,230365,10342
2019,230370,361400
2019,230380,25557
2019,230390,13069
2019,230393,13521
2019,230395,20264
2019,230400,23136
2019,230410,75074
2019,230420,132123
2019,230423,18063
2019,230425,24827
2019,230426,9625
2019,230427,7198
2019,230428,53618
2019,230430,19450
2019,230435,24218
2019,230440,2669342
2019,230445,16480
2019,230450,14072
2019,230460,7618
2019,230465,14399
2019,230470,54748
2019,230480,4844
2019,230490,11068
2019,230495,26064
2019,230500,40642
2019,230510,5193
2019,230520,19978
2019,230523,67337
2019,230526,13353
2019,230530,24997
2019,230533,12525
2019,230535,19934
2019,230540,68018
2019,230550,102498
2019,230560,26178
2019,230565,11593
2019,230570,12463
2019,230580,41964
2019,230590,38166
2019,230600,14297
2019,230610,24156
2019,230620,7827
2019,230625,37980
2019,230630,52675
2019,230640,129358
2019,230650,20382
2019,230655,41826
2019,230660,21647
2019,230670,18162
2019,230680,11401
2019,230690,34682
2019,230700,33705
2019,230710,27174
2019,230720,8111
2019,230725,19816
2019,230730,274207
2019,230740,24833
2019,230750,31508
2019,230760,59540
2019,230763,19691
2019,230765,227886
2019,230770,128978
2019,230780,27361
2019,230790,11233
2019,230800,38737
2019,230810,47962
2019,230820,15057
2019,230830,27512
2019,230835,13155
2019,230837,13818
2019,230840,35393
2019,230850,43797
2019,230860,17234
2019,230870,61890
2019,230880,8724
2019,230890,22534
2019,230900,14537
2019,230910,10823
2019,230920,15565
2019,230930,32328
2019,230940,28607
2019,230945,25703
2019,230950,21427
2019,230960,72203
2019,230970,83432
2019,230980,12261
2019,230990,6533
2019,231000,9386
2019,231010,13322
2019,231020,35076
2019,231025,32744
2019,231030,31521
2019,231040,12226
2019,231050,43258
2019,231060,9077
2019,231070,37751
2019,231080,16307
2019,231085,20567
2019,231090,16959
2019,231095,10951
2019,231100,12336
2019,231110,14996
2019,231120,11045
2019,231123,6419
2019,231126,21084
2019,231130,87728
2019,231135,16178
2019,231140,81082
2019,231150,22149
2019,231160,29053
2019,231170,18491
2019,231180,78194
2019,231190,15819
2019,231195,16554
2019,231200,32452
2019,231210,17700
2019,231220,43703
2019,231230,47903
2019,231240,48422
2019,231250,7645
2019,231260,13000
2019,231270,25496
2019,231280,7623
2019,231290,208935
2019,231300,18324
2019,231310,30697
2019,231320,26251
2019,231325,8592
2019,231330,58859
2019,231335,19187
2019,231340,75946
2019,231350,55918
2019,231355,16271
2019,231360,34792
2019,231370,7733
2019,231375,19825
2019,231380,21850
2019,231390,13840
2019,231395,18420
2019,231400,40721
2019,231410,60889
2019,240010,11136
2019,240020,58017
2019,240030,11035
2019,240040,3252
2019,240050,13577
2019,240060,4735
2019,240070,14529
2019,240080,11714
2019,240090,7145
2019,240100,35845
2019,240110,27774
2019,240120,14306
2019,240130,9655
2019,240140,9271
2019,240145,28374
2019,240150,3998
2019,240160,5497
2019,240165,2223
2019,240170,10210
2019,240180,12699
2019,240185,6549
2019,240190,3684
2019,240200,67952
2019,240210,11217
2019,240220,34276
2019,240230,20493
2019,240240,8180
2019,240250,10759
2019,240260,73497
2019,240270,11179
2019,240280,5506
2019,240290,4912
2019,240300,7998
2019,240310,44786
2019,240320,7076
2019,240325,261469
2019,240330,5638
2019,240340,6045
2019,240350,10505
2019,240360,28583
2019,240370,5985
2019,240375,3054
2019,240380,9116
2019,240390,2824
2019,240400,4068
2019,240410,2786
2019,240420,26328
2019,240430,13037
2019,240440,10383
2019,240450,15659
2019,240460,13766
2019,240470,15491
2019,240480,2241
2019,240485,7548
2019,240490,5878
2019,240500,9133
2019,240510,6878
2019,240520,5268
2019,240530,10181
2019,240540,5055
2019,240550,2612
2019,240560,14837
2019,240570,12396
2019,240580,34955
2019,240590,2654
2019,240600,5951
2019,240610,18295
2019,240615,3898
2019,240620,6769
2019,240630,7544
2019,240640,2732
2019,240650,15614
2019,240660,8245
2019,240670,11277
2019,240680,4759
2019,240690,3996
2019,240700,10116
2019,240710,80792
2019,240720,31814
2019,240725,4020
2019,240730,8347
2019,240740,8725
2019,240750,12371
2019,240760,4601
2019,240770,11251
2019,240780,22451
2019,240790,2105
2019,240800,297378
2019,240810,884122
2019,240820,27602
2019,240830,37343
2019,240840,4258
2019,240850,4812
2019,240860,4254
2019,240870,3768
2019,240880,5237
2019,240890,21477
2019,240895,10848
2019,240910,13277
2019,240920,3089
2019,240930,12755
2019,240933,5551
2019,240940,30394
2019,240950,3237
2019,240960,2458
2019,240970,6716
2019,240980,14806
2019,240990,15129
2019,241000,3838
2019,241010,15413
2019,241020,7867
2019,241025,6437
2019,241030,10395
2019,241040,9621
2019,241050,5098
2019,241060,3201
2019,241070,3579
2019,241080,4204
2019,241090,8128
2019,241100,4467
2019,241105,4106
2019,241110,3600
2019,241120,39674
2019,241140,12791
2019,241142,2680
2019,241150,24136
2019,241160,2747
2019,241170,4449
2019,241180,3584
2019,241190,4228
2019,241200,102400
2019,241210,6193
2019,241220,43899
2019,241230,12856
2019,241240,4634
2019,241250,23519
2019,241255,10282
2019,241260,17579
2019,241270,5971
2019,241280,8202
2019,241290,11055
2019,241300,6424
2019,241310,6086
2019,241320,4440
2019,241330,5762
2019,241335,11938
2019,241340,8078
2019,241350,6229
2019,241355,4800
2019,241360,2440
2019,241370,5522
2019,241380,2566
2019,241390,12279
2019,241400,15727
2019,241410,10786
2019,241415,5952
2019,241420,14180
2019,241430,2414
2019,241440,33287
2019,241445,3237
2019,241450,10555
2019,241460,14659
2019,241470,5500
2019,241475,4177
2019,241480,12481
2019,241490,1718
2019,241500,3170
2019,250010,10234
2019,250020,5640
2019,250030,28496
2019,250040,20849
2019,250050,14489
2019,250053,5492
2019,250057,2567
2019,250060,19588
2019,250070,18034
2019,250073,2238
2019,250077,8347
2019,250080,16987
2019,250090,13470
2019,250100,20312
2019,250110,22819
2019,250115,2128
2019,250120,6998
2019,250130,19153
2019,250135,3990
2019,250140,8993
2019,250150,21318
2019,250153,4892
2019,250157,8359
2019,250160,15384
2019,250170,6036
2019,250180,96880
2019,250190,17676
2019,250200,7342
2019,250205,3501
2019,250210,5366
2019,250215,7051
2019,250220,2561
2019,250230,4975
2019,250240,11917
2019,250250,17804
2019,250260,6117
2019,250270,5263
2019,250280,14122
2019,250290,6449
2019,250300,21828
2019,250310,5611
2019,250320,67736
2019,250330,10244
2019,250340,3682
2019,250350,17187
2019,250355,7173
2019,250360,7201
2019,250370,61993
2019,250375,3193
2019,250380,6014
2019,250390,6013
2019,250400,409731
2019,250403,6523
2019,250407,4162
2019,250410,2659
2019,250415,7468
2019,250420,4932
2019,250430,30546
2019,250435,4852
2019,250440,18982
2019,250450,6654
2019,250460,24670
2019,250470,4786
2019,250480,15445
2019,250485,1921
2019,250490,17319
2019,250500,7797
2019,250510,20338
2019,250520,6803
2019,250523,6353
2019,250527,5227
2019,250530,2516
2019,250535,5330
2019,250540,8297
2019,250550,3798
2019,250560,6552
2019,250570,10453
2019,250580,3596
2019,250590,3522
2019,250600,33007
2019,250610,11253
2019,250620,2989
2019,250625,8316
2019,250630,58833
2019,250640,14129
2019,250650,3428
2019,250660,5929
2019,250670,11819
2019,250680,18103
2019,250690,24477
2019,250700,24692
2019,250710,18664
2019,250720,10962
2019,250730,14431
2019,250740,7739
2019,250750,809015
2019,250760,7936
2019,250770,18171
2019,250780,7150
2019,250790,10756
2019,250800,9867
2019,250810,4666
2019,250820,7719
2019,250830,27503
2019,250840,2737
2019,250850,7256
2019,250855,4332
2019,250860,13080
2019,250870,4009
2019,250880,5759
2019,250890,44882
2019,250900,10955
2019,250905,8558
2019,250910,21837
2019,250915,6617
2019,250920,13918
2019,250930,8434
2019,250933,4500
2019,250937,2908
2019,250939,6569
2019,250940,13284
2019,250950,5669
2019,250960,4816
2019,250970,33222
2019,250980,9902
2019,250990,10454
2019,251000,7301
2019,251010,10638
2019,251020,5949
2019,251030,4906
2019,251040,6526
2019,251050,3932
2019,251060,3039
2019,251065,1771
2019,251070,2419
2019,251080,107605
2019,251090,12347
2019,251100,3801
2019,251110,7843
2019,251120,28458
2019,251130,16075
2019,251140,18703
2019,251150,11917
2019,251160,6635
2019,251170,4976
2019,251180,10579
2019,251190,19065
2019,251200,18564
2019,251203,3888
2019,251207,4307
2019,251210,32801
2019,251220,4209
2019,251230,23345
2019,251240,13680
2019,251250,43967
2019,251260,1956
2019,251270,19621
2019,251272,6089
2019,251274,3588
2019,251275,4521
2019,251276,4509
2019,251278,1948
2019,251280,8526
2019,251290,24176
2019,251300,3885
2019,251310,12140
2019,251315,6558
2019,251320,6583
2019,251330,5889
2019,251335,3595
2019,251340,15382
2019,251350,5162
2019,251360,7031
2019,251365,2636
2019,251370,136586
2019,251380,4573
2019,251385,2521
2019,251390,34031
2019,251392,4529
2019,251394,2615
2019,251396,3073
2019,251398,3392
2019,251400,4199
2019,251410,4422
2019,251420,7630
2019,251430,6359
2019,251440,4682
2019,251445,5957
2019,251450,20251
2019,251455,4003
2019,251460,3557
2019,251465,1801
2019,251470,4141
2019,251480,3628
2019,251490,7724
2019,251500,7368
2019,251510,11661
2019,251520,3489
2019,251530,52625
2019,251540,10775
2019,251550,13699
2019,251560,3148
2019,251570,2909
2019,251580,7041
2019,251590,6099
2019,251593,5024
2019,251597,7783
2019,251600,26407
2019,251610,14989
2019,251615,3555
2019,251620,69444
2019,251630,16966
2019,251640,10911
2019,251650,15376
2019,251660,14726
2019,251670,15161
2019,251675,3058
2019,251680,9455
2019,251690,15242
2019,251700,9907
2019,251710,2810
2019,251720,5348
2019,251740,2240
2019,260005,99990
2019,260010,37259
2019,260020,19635
2019,260030,24885
2019,260040,36771
2019,260050,43443
2019,260060,14636
2019,260070,38386
2019,260080,22972
2019,260090,22829
2019,260100,11150
2019,260105,20524
2019,260110,84418
2019,260120,74338
2019,260130,14385
2019,260140,42659
2019,260150,12073
2019,260160,20729
2019,260170,76439
2019,260180,12719
2019,260190,60798
2019,260200,38146
2019,260210,48554
2019,260220,39184
2019,260230,38134
2019,260240,8993
2019,260250,7487
2019,260260,50742
2019,260270,13155
2019,260280,58378
2019,260290,207048
2019,260300,34221
2019,260310,20380
2019,260320,28739
2019,260330,11053
2019,260340,5750
2019,260345,157828
2019,260350,18765
2019,260360,8551
2019,260370,24804
2019,260380,20048
2019,260390,19551
2019,260392,12932
2019,260400,83641
2019,260410,361118
2019,260415,14341
2019,260420,42892
2019,260430,11807
2019,260440,13518
2019,260450,21698
2019,260460,26421
2019,260470,18207
2019,260480,12578
2019,260490,10906
2019,260500,24107
2019,260510,37111
2019,260515,18908
2019,260520,68875
2019,260530,31825
2019,260540,22131
2019,260545,3061
2019,260550,12123
2019,260560,22624
2019,260570,32873
2019,260580,15457
2019,260590,31052
2019,260600,139788
2019,260610,30604
2019,260620,79758
2019,260630,7486
2019,260640,84074
2019,260650,19197
2019,260660,29235
2019,260670,7762
2019,260680,117019
2019,260690,12228
2019,260700,23247
2019,260710,4548
2019,260720,96204
2019,260730,30854
2019,260740,4918
2019,260750,26349
2019,260760,26258
2019,260765,36447
2019,260770,13616
2019,260775,26651
2019,260780,16955
2019,260790,702298
2019,260795,11656
2019,260800,17150
2019,260805,14796
2019,260810,33822
2019,260820,16023
2019,260825,11424
2019,260830,14836
2019,260840,15378
2019,260845,18071
2019,260850,21429
2019,260860,13145
2019,260870,16290
2019,260875,25601
2019,260880,40288
2019,260890,56250
2019,260900,25376
2019,260910,16088
2019,260915,21434
2019,260920,11345
2019,260930,15390
2019,260940,62784
2019,260950,32471
2019,260960,392482
2019,260970,23884
2019,260980,14991
2019,260990,69459
2019,261000,63250
2019,261010,7693
2019,261020,26474
2019,261030,11523
2019,261040,22010
2019,261050,28933
2019,261060,56506
2019,261070,331774
2019,261080,22617
2019,261090,67395
2019,261100,36548
2019,261110,349145
2019,261120,11302
2019,261130,27091
2019,261140,14966
2019,261150,26037
2019,261153,6813
2019,261160,1645727
2019,261170,20546
2019,261180,47415
2019,261190,23535
2019,261200,9932
2019,261210,10919
2019,261220,60930
2019,261230,15843
2019,261240,26462
2019,261245,15398
2019,261247,12592
2019,261250,107937
2019,261255,14477
2019,261260,41931
2019,261270,14137
2019,261280,11815
2019,261290,15895
2019,261300,59504
2019,261310,37245
2019,261320,22793
2019,261330,21356
2019,261340,21298
2019,261350,33959
2019,261360,33951
2019,261370,113230
2019,261380,18018
2019,261390,86350
2019,261400,19165
2019,261410,35907
2019,261420,45865
2019,261430,11270
2019,261440,6007
2019,261450,65089
2019,261460,28534
2019,261470,12874
2019,261480,25765
2019,261485,23388
2019,261500,28775
2019,261510,7169
2019,261520,10096
2019,261530,53022
2019,261540,45219
2019,261550,13769
2019,261560,30521
2019,261570,15254
2019,261580,27304
2019,261590,8202
2019,261600,18482
2019,261610,9534
2019,261618,7618
2019,261620,20731
2019,261630,32643
2019,261640,138757
2019,261650,14725
2019,270010,20196
2019,270020,17545
2019,270030,231747
2019,270040,47185
2019,270050,15932
2019,270060,8322
2019,270070,18232
2019,270080,4344
2019,270090,6704
2019,270100,27281
2019,270110,10494
2019,270120,10858
2019,270130,21264
2019,270135,6936
2019,270140,57063
2019,270150,9558
2019,270160,17722
2019,270170,17053
2019,270180,9081
2019,270190,7311
2019,270200,10693
2019,270210,21698
2019,270220,5845
2019,270230,56933
2019,270235,24219
2019,270240,52016
2019,270250,11075
2019,270255,18205
2019,270260,22166
2019,270270,4754
2019,270280,12790
2019,270290,40917
2019,270300,15616
2019,270310,25631
2019,270320,24499
2019,270330,18385
2019,270340,5253
2019,270350,7021
2019,270360,8361
2019,270370,5770
2019,270375,11580
2019,270380,23993
2019,270390,4155
2019,270400,24727
2019,270410,17852
2019,270420,28635
2019,270430,1018948
2019,270440,19804
2019,270450,32704
2019,270460,9163
2019,270470,51901
2019,270480,13264
2019,270490,3514
2019,270500,25216
2019,270510,24642
2019,270520,17856
2019,270530,5329
2019,270540,7159
2019,270550,28236
2019,270560,12690
2019,270570,21688
2019,270580,9373
2019,270590,5123
2019,270600,11624
2019,270610,11496
2019,270620,5011
2019,270630,73218
2019,270640,24399
2019,270642,10533
2019,270644,13176
2019,270650,15245
2019,270660,7564
2019,270670,63683
2019,270680,17827
2019,270690,35111
2019,270700,2908
2019,270710,25039
2019,270720,14386
2019,270730,27165
2019,270740,7786
2019,270750,20066
2019,270760,11294
2019,270770,75120
2019,270780,6664
2019,270790,7296
2019,270800,47654
2019,270810,10740
2019,270820,6961
2019,270830,23927
2019,270840,32260
2019,270850,34555
2019,270860,61251
2019,270870,7951
2019,270880,34152
2019,270890,13828
2019,270895,13870
2019,270900,6162
2019,270910,19980
2019,270915,44169
2019,270920,27715
2019,270930,65611
2019,270940,25733
2019,280010,2374
2019,280020,21563
2019,280030,657013
2019,280040,10056
2019,280050,18542
2019,280060,30407
2019,280067,26816
2019,280070,8309
2019,280100,18109
2019,280110,4008
2019,280120,29900
2019,280130,34213
2019,280140,22082
2019,280150,16634
2019,280160,5897
2019,280170,17874
2019,280190,3987
2019,280200,5138
2019,280210,69184
2019,280220,5584
2019,280230,15421
2019,280240,11604
2019,280250,3346
2019,280260,5818
2019,280270,8520
2019,280280,17957
2019,280290,95427
2019,280300,41928
2019,280310,4903
2019,280320,34356
2019,280330,18743
2019,280340,13434
2019,280350,104408
2019,280360,29826
2019,280370,6919
2019,280380,3682
2019,280390,12618
2019,280400,17213
2019,280410,11335
2019,280420,15031
2019,280430,7625
2019,280440,18719
2019,280445,8796
2019,280450,36924
2019,280460,26629
2019,280470,6483
2019,280480,183628
2019,280490,14428
2019,280500,3261
2019,280510,9602
2019,280520,6576
2019,280530,9280
2019,280540,34775
2019,280550,23728
2019,280560,28596
2019,280570,29626
2019,280580,19805
2019,280590,10213
2019,280600,18652
2019,280610,10855
2019,280620,19998
2019,280630,14035
2019,280640,7780
2019,280650,3913
2019,280660,12102
2019,280670,90072
2019,280680,11137
2019,280690,3724
2019,280700,3930
2019,280710,40484
2019,280720,8893
2019,280730,3227
2019,280740,52191
2019,280750,13536
2019,280760,25294
2019,290010,8739
2019,290020,20086
2019,290030,15159
2019,290035,17040
2019,290040,16970
2019,290050,10610
2019,290060,4446
2019,290070,151596
2019,290080,22470
2019,290090,5464
2019,290100,37241
2019,290110,25102
2019,290115,16094
2019,290120,22005
2019,290130,13143
2019,290135,14595
2019,290140,13977
2019,290150,11221
2019,290160,19291
2019,290170,11683
2019,290180,11798
2019,290190,17731
2019,290195,7330
2019,290200,13135
2019,290205,12177
2019,290210,54379
2019,290220,11397
2019,290225,11019
2019,290230,8825
2019,290240,11531
2019,290250,13877
2019,290260,20468
2019,290265,13229
2019,290270,53578
2019,290280,20598
2019,290290,31603
2019,290300,13865
2019,290310,5714
2019,290320,155439
2019,290323,14931
2019,290327,15978
2019,290330,5591
2019,290340,23328
2019,290350,17211
2019,290360,15979
2019,290370,12633
2019,290380,18576
2019,290390,69148
2019,290395,9880
2019,290400,14368
2019,290405,16764
2019,290410,21508
2019,290420,10211
2019,290430,14295
2019,290440,10557
2019,290450,10231
2019,290460,67195
2019,290470,18349
2019,290475,21174
2019,290480,6758
2019,290485,18807
2019,290490,33470
2019,290500,23170
2019,290510,9213
2019,290515,14542
2019,290520,50975
2019,290530,18437
2019,290540,18176
2019,290550,13327
2019,290560,31988
2019,290570,299132
2019,290580,35316
2019,290590,28798
2019,290600,71206
2019,290610,9711
2019,290620,26176
2019,290630,31099
2019,290640,8258
2019,290650,87076
2019,290660,14319
2019,290670,25189
2019,290680,34834
2019,290682,16668
2019,290685,11637
2019,290687,30662
2019,290689,8951
2019,290690,22016
2019,290700,9295
2019,290710,29018
2019,290720,71969
2019,290730,26264
2019,290740,3577
2019,290750,54704
2019,290755,9329
2019,290760,17266
2019,290770,11177
2019,290780,32515
2019,290790,17300
2019,290800,16993
2019,290810,18777
2019,290820,22581
2019,290830,17247
2019,290840,66612
2019,290850,33153
2019,290860,25837
2019,290870,17247
2019,290880,4066
2019,290890,22605
2019,290900,8614
2019,290910,14194
2019,290920,15895
2019,290930,32137
2019,290940,13782
2019,290950,5349
2019,290960,21103
2019,290970,13910
2019,290980,63239
2019,290990,34700
2019,291000,10710
2019,291005,81089
2019,291010,12199
2019,291020,4058
2019,291030,8122
2019,291040,17006
2019,291050,41780
2019,291060,37237
2019,291070,60585
2019,291072,113380
2019,291075,17890
2019,291077,5665
2019,291080,614872
2019,291085,16377
2019,291090,5617
2019,291100,10629
2019,291110,25591
2019,291120,32403
2019,291125,4463
2019,291130,11233
2019,291140,15221
2019,291150,7128
2019,291160,20722
2019,291165,6937
2019,291170,84481
2019,291180,20843
2019,291185,13031
2019,291190,24305
2019,291200,9224
2019,291210,21689
2019,291220,19571
2019,291230,16198
2019,291240,18211
2019,291250,14902
2019,291260,4044
2019,291270,23375
2019,291280,8637
2019,291290,15312
2019,291300,16339
2019,291310,17113
2019,291320,26927
2019,291330,6206
2019,291340,15640
2019,291345,13226
2019,291350,26916
2019,291360,162327
2019,291370,39926
2019,291380,14487
2019,291390,45873
2019,291400,59595
2019,291410,9865
2019,291420,7260
2019,291430,8537
2019,291440,25216
2019,291450,29034
2019,291460,72967
2019,291465,30584
2019,291470,64489
2019,291480,213223
2019,291490,28296
2019,291500,16056
2019,291510,12351
2019,291520,14579
2019,291530,6869
2019,291535,14429
2019,291540,6682
2019,291550,20491
2019,291560,64486
2019,291570,8035
2019,291580,23049
2019,291590,6441
2019,291600,19405
2019,291610,22228
2019,291620,8761
2019,291630,10259
2019,291640,76147
2019,291650,35576
2019,291660,10313
2019,291670,8319
2019,291680,19747
2019,291685,14487
2019,291690,12576
2019,291700,36089
2019,291710,20382
2019,291720,18962
2019,291730,28602
2019,291733,10994
2019,291735,8385
2019,291740,14842
2019,291750,80518
2019,291760,54423
2019,291770,33570
2019,291780,18788
2019,291790,10709
2019,291800,155966
2019,291810,40463
2019,291820,14537
2019,291830,11166
2019,291835,25188
2019,291840,216707
2019,291845,9126
2019,291850,15284
2019,291855,5833
2019,291860,6186
2019,291870,3724
2019,291875,15665
2019,291880,23840
2019,291890,3955
2019,291900,3783
2019,291905,8562
2019,291910,8307
2019,291915,27223
2019,291920,198440
2019,291930,11409
2019,291940,12388
2019,291950,45732
2019,291955,87519
2019,291960,11348
2019,291970,18755
2019,291980,49826
2019,291990,7824
2019,291992,21093
2019,291995,3161
2019,292000,10112
2019,292010,18676
2019,292020,16845
2019,292030,8393
2019,292040,13240
2019,292045,13643
2019,292050,20834
2019,292060,44677
2019,292070,20570
2019,292080,10406
2019,292090,13822
2019,292100,46583
2019,292105,12201
2019,292110,22688
2019,292120,26023
2019,292130,10950
2019,292140,18338
2019,292145,8641
2019,292150,49418
2019,292160,8519
2019,292170,35413
2019,292180,12042
2019,292190,9062
2019,292200,41748
2019,292205,10889
2019,292210,26776
2019,292220,7422
2019,292225,11348
2019,292230,29399
2019,292240,22221
2019,292250,28525
2019,292260,13997
2019,292265,13130
2019,292270,16462
2019,292273,7812
2019,292275,6591
2019,292280,8226
2019,292285,9118
2019,292290,26947
2019,292300,43376
2019,292303,12385
2019,292305,15440
2019,292310,28229
2019,292320,21825
2019,292330,8564
2019,292335,17451
2019,292340,21750
2019,292350,9019
2019,292360,21607
2019,292370,32000
2019,292380,28989
2019,292390,9831
2019,292400,117782
2019,292405,13578
2019,292410,7347
2019,292420,16667
2019,292430,17123
2019,292440,35048
2019,292450,16260
2019,292460,20150
2019,292465,10437
2019,292467,10023
2019,292470,10707
2019,292480,24755
2019,292490,9322
2019,292500,26265
2019,292510,46871
2019,292520,39519
2019,292525,14914
2019,292530,148686
2019,292540,7224
2019,292550,28174
2019,292560,15142
2019,292570,12338
2019,292575,27719
2019,292580,25439
2019,292590,27580
2019,292593,8972
2019,292595,22621
2019,292600,41008
2019,292610,14396
2019,292620,22339
2019,292630,33436
2019,292640,35421
2019,292650,14592
2019,292660,53807
2019,292665,5812
2019,292670,12989
2019,292680,15371
2019,292690,11655
2019,292700,40732
2019,292710,9331
2019,292720,30814
2019,292730,15667
2019,292740,2872347
2019,292750,20791
2019,292760,14213
2019,292770,27778
2019,292780,6315
2019,292790,10631
2019,292800,37348
2019,292805,12597
2019,292810,39845
2019,292820,26614
2019,292830,8943
2019,292840,28338
2019,292850,10405
2019,292860,60069
2019,292870,101512
2019,292880,52850
2019,292890,33742
2019,292895,9058
2019,292900,14740
2019,292905,15391
2019,292910,21074
2019,292920,39802
2019,292925,18793
2019,292930,37550
2019,292935,5657
2019,292937,10462
2019,292940,11675
2019,292950,44300
2019,292960,17398
2019,292970,17273
2019,292975,12043
2019,292980,12913
2019,292990,44091
2019,293000,11434
2019,293010,79015
2019,293015,31472
2019,293020,40684
2019,293030,17386
2019,293040,14878
2019,293050,80861
2019,293060,13397
2019,293070,134377
2019,293075,13012
2019,293076,9986
2019,293077,23191
2019,293080,16979
2019,293090,12518
2019,293100,20403
2019,293105,17366
2019,293110,7918
2019,293120,21074
2019,293130,17010
2019,293135,160487
2019,293140,7425
2019,293150,22518
2019,293160,14943
2019,293170,13033
2019,293180,16394
2019,293190,50687
2019,293200,24240
2019,293210,19895
2019,293220,19056
2019,293230,27035
2019,293240,13887
2019,293245,19222
2019,293250,19002
2019,293260,16658
2019,293270,20519
2019,293280,19178
2019,293290,96562
2019,293300,28473
2019,293305,14104
2019,293310,9170
2019,293315,12697
2019,293317,8838
2019,293320,43223
2019,293325,6205
2019,293330,338480
2019,293340,9345
2019,293345,12238
2019,293350,21101
2019,293360,46483
2019,310010,6989
2019,310020,23237
2019,310030,13454
2019,310040,3994
2019,310050,9470
2019,310060,13735
2019,310070,1999
2019,310080,4486
2019,310090,19207
2019,310100,13539
2019,310110,25167
2019,310120,6003
2019,310130,2674
2019,310140,3007
2019,310150,35362
2019,310160,79996
2019,310163,6907
2019,310170,41896
2019,310180,7424
2019,310190,19853
2019,310200,14466
2019,310205,5847
2019,310210,11000
2019,310220,3907
2019,310230,15203
2019,310240,3606
2019,310250,4713
2019,310260,41077
2019,310270,9412
2019,310280,12224
2019,310285,8520
2019,310290,11445
2019,310300,9318
2019,310310,1598
2019,310320,2347
2019,310330,2063
2019,310340,36708
2019,310350,117267
2019,310360,2795
2019,310370,8439
2019,310375,6869
2019,310380,2834
2019,310390,9273
2019,310400,106229
2019,310410,10772
2019,310420,40092
2019,310430,15070
2019,310440,2727
2019,310445,5231
2019,310450,17875
2019,310460,14179
2019,310470,12868
2019,310480,4869
2019,310490,19148
2019,310500,7826
2019,310510,23829
2019,310520,4795
2019,310530,5746
2019,310540,32485
2019,310550,5397
2019,310560,137313
2019,310570,5131
2019,310590,20810
2019,310600,10255
2019,310610,3429
2019,310620,2512070
2019,310630,26700
2019,310640,7715
2019,310650,11932
2019,310660,4604
2019,310665,4735
2019,310670,439340
2019,310680,3379
2019,310690,14494
2019,310700,2515
2019,310710,40127
2019,310720,5090
2019,310730,49979
2019,310740,50605
2019,310750,6474
2019,310760,4217
2019,310770,6083
2019,310780,14935
2019,310790,10547
2019,310800,17603
2019,310810,6868
2019,310820,5493
2019,310825,11230
2019,310830,19412
2019,310840,14971
2019,310850,6319
2019,310855,16538
2019,310860,32347
2019,310870,4333
2019,310880,4801
2019,310890,14459
2019,310900,40103
2019,310910,11001
2019,310920,10365
2019,310925,3982
2019,310930,24841
2019,310940,28056
2019,310945,6949
2019,310950,14075
2019,310960,3603
2019,310970,11547
2019,310980,2692
2019,310990,11624
2019,311000,44718
2019,311010,5496
2019,311020,3987
2019,311030,14480
2019,311040,2901
2019,311050,21770
2019,311060,29551
2019,311070,12814
2019,311080,3721
2019,311090,16665
2019,311100,21055
2019,311110,19745
2019,311115,3817
2019,311120,54029
2019,311130,11655
2019,311140,8151
2019,311150,15461
2019,311160,28774
2019,311170,4563
2019,311180,12150
2019,311190,5603
2019,311200,14886
2019,311205,4525
2019,311210,5438
2019,311220,4653
2019,311230,37784
2019,311240,6920
2019,311250,9754
2019,311260,16173
2019,311265,5468
2019,311270,15234
2019,311280,8632
2019,311290,9298
2019,311300,23685
2019,311310,3183
2019,311320,25501
2019,311330,33000
2019,311340,92062
2019,311350,9405
2019,311360,6757
2019,311370,18837
2019,311380,2632
2019,311390,12170
2019,311400,11476
2019,311410,14859
2019,311420,22478
2019,311430,30329
2019,311440,21225
2019,311450,19355
2019,311455,10027
2019,311460,4047
2019,311470,3579
2019,311480,4478
2019,311490,2257
2019,311500,3075
2019,311510,17740
2019,311520,3954
2019,311530,75123
2019,311535,5376
2019,311540,3641
2019,311545,6311
2019,311547,4986
2019,311550,21656
2019,311560,1164
2019,311570,7032
2019,311580,10350
2019,311590,3154
2019,311600,5704
2019,311610,15356
2019,311615,13680
2019,311620,2687
2019,311630,6787
2019,311640,4843
2019,311650,7551
2019,311660,28617
2019,311670,7556
2019,311680,8873
2019,311690,3111
2019,311700,6929
2019,311710,10292
2019,311720,2812
2019,311730,27893
2019,311740,4574
2019,311750,17842
2019,311760,5507
2019,311770,13638
2019,311780,11638
2019,311783,7642
2019,311787,6730
2019,311790,11950
2019,311800,54762
2019,311810,5045
2019,311820,6939
2019,311830,128589
2019,311840,22921
2019,311850,1783
2019,311860,663855
2019,311870,9159
2019,311880,26602
2019,311890,8890
2019,311900,3538
2019,311910,23731
2019,311920,9991
2019,311930,27974
2019,311940,109855
2019,311950,9222
2019,311960,3086
2019,311970,3434
2019,311980,3215
2019,311990,3704
2019,311995,6337
2019,312000,2771
2019,312010,4410
2019,312015,6704
2019,312020,12798
2019,312030,5971
2019,312040,5150
2019,312050,10242
2019,312060,5034
2019,312070,3626
2019,312080,15417
2019,312083,4982
2019,312087,7729
2019,312090,80129
2019,312100,5410
2019,312110,8025
2019,312120,7114
2019,312125,10533
2019,312130,5013
2019,312140,7243
2019,312150,2901
2019,312160,47723
2019,312170,3802
2019,312180,7729
2019,312190,3417
2019,312200,19931
2019,312210,4979
2019,312220,7571
2019,312230,238230
2019,312235,6786
2019,312240,6011
2019,312245,11019
2019,312247,3677
2019,312250,5072
2019,312260,4195
2019,312270,5237
2019,312280,3001
2019,312290,6572
2019,312300,10153
2019,312310,5169
2019,312320,13483
2019,312330,4259
2019,312340,1527
2019,312350,1908
2019,312352,7841
2019,312360,28076
2019,312370,11134
2019,312380,7242
2019,312385,5370
2019,312390,15298
2019,312400,18895
2019,312410,70552
2019,312420,24951
2019,312430,31617
2019,312440,4692
2019,312450,11354
2019,312460,2343
2019,312470,3500
2019,312480,7978
2019,312490,11275
2019,312500,3913
2019,312510,36225
2019,312520,2377
2019,312530,3241
2019,312540,4753
2019,312550,3167
2019,312560,7457
2019,312570,15336
2019,312580,3431
2019,312590,9820
2019,312595,11006
2019,312600,7461
2019,312610,67683
2019,312620,9562
2019,312630,4412
2019,312640,2947
2019,312650,10332
2019,312660,5215
2019,312670,26277
2019,312675,5391
2019,312680,5880
2019,312690,9611
2019,312695,3478
2019,312700,18103
2019,312705,4581
2019,312707,5369
2019,312710,59496
2019,312720,4349
2019,312730,6817
2019,312733,5109
2019,312735,3150
2019,312737,3353
2019,312738,3966
2019,312740,4350
2019,312750,6158
2019,312760,11825
2019,312770,279885
2019,312780,15836
2019,312790,1388
2019,312800,34319
2019,312810,14245
2019,312820,10324
2019,312825,4972
2019,312830,19021
2019,312840,8911
2019,312850,3796
2019,312860,6580
2019,312870,51917
2019,312880,7078
2019,312890,8039
2019,312900,8392
2019,312910,5639
2019,312920,6558
2019,312930,11004
2019,312940,5021
2019,312950,25199
2019,312960,8395
2019,312965,5400
2019,312970,13828
2019,312980,180204
2019,312990,3488
2019,313000,2989
2019,313005,11990
2019,313010,43045
2019,313020,10860
2019,313030,7947
2019,313040,6550
2019,313050,12375
2019,313055,6903
2019,313060,7328
2019,313065,7351
2019,313070,6891
2019,313080,2767
2019,313090,24140
2019,313100,6271
2019,313110,7515
2019,313115,18607
2019,313120,19861
2019,313130,263410
2019,313140,4221
2019,313150,10079
2019,313160,6987
2019,313170,120060
2019,313180,11512
2019,313190,51875
2019,313200,5385
2019,313210,18153
2019,313220,13358
2019,313230,12760
2019,313240,96869
2019,313250,34735
2019,313260,4355
2019,313270,23211
2019,313280,2081
2019,313290,10192
2019,313300,15579
2019,313310,15331
2019,313320,12228
2019,313330,21062
2019,313340,15243
2019,313350,21762
2019,313360,9783
2019,313370,11146
2019,313375,16108
2019,313380,93214
2019,313390,5419
2019,313400,14990
2019,313410,6051
2019,313420,104671
2019,313430,6023
2019,313440,39263
2019,313450,3788
2019,313460,20143
2019,313470,12326
2019,313480,7686
2019,313490,25979
2019,313500,3133
2019,313505,38909
2019,313507,5404
2019,313510,71648
2019,313520,67742
2019,313530,4350
2019,313535,7969
2019,313540,4912
2019,313545,7692
2019,313550,12386
2019,313560,7531
2019,313570,5211
2019,313580,25391
2019,313590,4787
2019,313600,15432
2019,313610,4573
2019,313620,79910
2019,313630,47452
2019,313640,4695
2019,313650,10812
2019,313652,4501
2019,313655,4995
2019,313657,4867
2019,313660,5725
2019,313665,26946
2019,313670,568873
2019,313680,4331
2019,313690,10563
2019,313695,5724
2019,313700,18111
2019,313710,7613
2019,313720,52165
2019,313730,4102
2019,313740,13009
2019,313750,18052
2019,313753,9532
2019,313760,64527
2019,313770,19923
2019,313780,20814
2019,313790,3391
2019,313800,6810
2019,313810,6512
2019,313820,103773
2019,313830,3229
2019,313835,4918
2019,313840,52587
2019,313850,5069
2019,313860,16698
2019,313862,7536
2019,313865,9661
2019,313867,6266
2019,313868,6699
2019,313870,5446
2019,313880,18215
2019,313890,7111
2019,313900,42133
2019,313910,5098
2019,313920,18650
2019,313925,6543
2019,313930,18407
2019,313940,90229
2019,313950,22707
2019,313960,27644
2019,313970,7976
2019,313980,12814
2019,313990,14095
2019,314000,60724
2019,314010,4115
2019,314015,15416
2019,314020,2973
2019,314030,4039
2019,314040,2755
2019,314050,13388
2019,314053,8417
2019,314055,8586
2019,314060,4459
2019,314070,31086
2019,314080,14468
2019,314085,11157
2019,314090,18908
2019,314100,12459
2019,314110,37820
2019,314120,3749
2019,314130,3802
2019,314140,20820
2019,314150,6446
2019,314160,10739
2019,314170,5605
2019,314180,31484
2019,314190,3894
2019,314200,13589
2019,314210,10754
2019,314220,15014
2019,314225,4888
2019,314230,4919
2019,314240,7517
2019,314250,2220
2019,314260,8688
2019,314270,14877
2019,314280,21120
2019,314290,20854
2019,314300,13166
2019,314310,47809
2019,314315,4906
2019,314320,21524
2019,314330,409341
2019,314340,23803
2019,314345,8249
2019,314350,8863
2019,314360,2462
2019,314370,3182
2019,314380,6029
2019,314390,108763
2019,314400,26979
2019,314410,20569
2019,314420,3220
2019,314430,40750
2019,314435,6996
2019,314437,3311
2019,314440,4730
2019,314450,8608
2019,314460,26769
2019,314465,10295
2019,314467,3190
2019,314470,17578
2019,314480,94889
2019,314490,3600
2019,314500,15545
2019,314505,7500
2019,314510,16723
2019,314520,102693
2019,314530,31331
2019,314535,10755
2019,314537,5299
2019,314540,1747
2019,314545,6096
2019,314550,2787
2019,314560,41687
2019,314570,2133
2019,314580,3148
2019,314585,4655
2019,314587,8018
2019,314590,39500
2019,314600,33639
2019,314610,74281
2019,314620,5934
2019,314625,6378
2019,314630,20154
2019,314640,4486
2019,314650,8283
2019,314655,6089
2019,314660,1529
2019,314670,6616
2019,314675,5507
2019,314690,15674
2019,314700,93158
2019,314710,93969
2019,314720,21513
2019,314730,21083
2019,314740,24540
2019,314750,1649
2019,314760,16344
2019,314770,8084
2019,314780,2039
2019,314790,114679
2019,314795,5972
2019,314800,152488
2019,314810,90757
2019,314820,5684
2019,314830,9571
2019,314840,4830
2019,314850,8450
2019,314860,17541
2019,314870,24324
2019,314875,7097
2019,314880,3052
2019,314890,3972
2019,314900,2504
2019,314910,11195
2019,314915,12107
2019,314920,3635
2019,314930,64258
2019,314940,1807
2019,314950,3320
2019,314960,4406
2019,314970,11506
2019,314980,16168
2019,314990,21390
2019,314995,6810
2019,315000,4252
2019,315010,2748
2019,315015,8566
2019,315020,4140
2019,315030,4497
2019,315040,4982
2019,315050,8660
2019,315053,4941
2019,315057,7507
2019,315060,6409
2019,315070,6199
2019,315080,17626
2019,315090,5472
2019,315100,8596
2019,315110,10752
2019,315120,56428
2019,315130,10787
2019,315140,27989
2019,315150,34691
2019,315160,12133
2019,315170,16791
2019,315180,167397
2019,315190,8432
2019,315200,31812
2019,315210,59742
2019,315213,4261
2019,315217,12121
2019,315220,37906
2019,315230,11279
2019,315240,16555
2019,315250,150737
2019,315260,5940
2019,315270,9031
2019,315280,27856
2019,315290,8603
2019,315300,3603
2019,315310,5369
2019,315320,3641
2019,315330,3002
2019,315340,19573
2019,315350,8317
2019,315360,10733
2019,315370,3563
2019,315380,1939
2019,315390,16354
2019,315400,23762
2019,315410,10517
2019,315415,7154
2019,315420,11500
2019,315430,17397
2019,315440,4808
2019,315445,8136
2019,315450,9481
2019,315460,334858
2019,315470,4033
2019,315480,10312
2019,315490,13564
2019,315500,2610
2019,315510,5150
2019,315520,5474
2019,315530,5832
2019,315540,8949
2019,315550,12313
2019,315560,30914
2019,315570,14339
2019,315580,17910
2019,315590,5476
2019,315600,12846
2019,315610,4604
2019,315620,2305
2019,315630,8109
2019,315640,3533
2019,315645,4594
2019,315650,5995
2019,315660,10241
2019,315670,136344
2019,315680,15470
2019,315690,26185
2019,315700,41527
2019,315710,7009
2019,315720,31324
2019,315725,8147
2019,315727,3150
2019,315730,4430
2019,315733,8604
2019,315737,4142
2019,315740,4758
2019,315750,4409
2019,315760,3846
2019,315765,6366
2019,315770,14003
2019,315780,219134
2019,315790,16208
2019,315800,10847
2019,315810,5232
2019,315820,14615
2019,315830,7100
2019,315840,3872
2019,315850,7642
2019,315860,3976
2019,315870,2458
2019,315880,4821
2019,315890,8674
2019,315895,34663
2019,315900,4295
2019,315910,3777
2019,315920,8949
2019,315930,4884
2019,315935,7212
2019,315940,3425
2019,315950,5489
2019,315960,43260
2019,315970,3350
2019,315980,19742
2019,315990,18525
2019,316000,3602
2019,316010,3911
2019,316020,3838
2019,316030,11640
2019,316040,28243
2019,316045,7277
2019,316050,1765
2019,316060,3087
2019,316070,46487
2019,316080,5286
2019,316090,3738
2019,316095,5644
2019,316100,17359
2019,316105,3369
2019,316110,56323
2019,316120,6527
2019,316130,6238
2019,316140,4844
2019,316150,12366
2019,316160,3962
2019,316165,4012
2019,316170,8389
2019,316180,12411
2019,316190,10920
2019,316200,25449
2019,316210,35469
2019,316220,7453
2019,316225,4915
2019,316230,2749
2019,316240,25165
2019,316245,13014
2019,316250,90082
2019,316255,11559
2019,316257,5859
2019,316260,7498
2019,316265,4419
2019,316270,23618
2019,316280,15774
2019,316290,26361
2019,316292,31578
2019,316294,7426
2019,316295,23766
2019,316300,4268
2019,316310,5004
2019,316320,4196
2019,316330,3860
2019,316340,5420
2019,316350,6453
2019,316360,2791
2019,316370,45851
2019,316380,6938
2019,316390,4659
2019,316400,7781
2019,316410,5246
2019,316420,12337
2019,316430,7051
2019,316440,5504
2019,316443,3007
2019,316447,6555
2019,316450,10044
2019,316460,6775
2019,316470,70956
2019,316480,1506
2019,316490,2241
2019,316500,10941
2019,316510,7021
2019,316520,7089
2019,316530,7753
2019,316540,6930
2019,316550,6300
2019,316553,32752
2019,316555,12258
2019,316556,2633
2019,316557,5356
2019,316560,2005
2019,316570,7812
2019,316580,1502
2019,316590,4156
2019,316600,5786
2019,316610,3523
2019,316620,10459
2019,316630,7326
2019,316640,1851
2019,316650,4293
2019,316660,781
2019,316670,8699
2019,316680,11582
2019,316690,7669
2019,316695,4781
2019,316700,1963
2019,316710,20966
2019,316720,239639
2019,316730,2261
2019,316740,6238
2019,316750,2615
2019,316760,19633
2019,316770,5553
2019,316780,6151
2019,316790,3750
2019,316800,34132
2019,316805,3110
2019,316810,4773
2019,316820,1875
2019,316830,4077
2019,316840,14326
2019,316850,11661
2019,316860,140592
2019,316870,89842
2019,316880,7981
2019,316890,6480
2019,316900,16659
2019,316905,4101
2019,316910,6258
2019,316920,8022
2019,316930,79482
2019,316935,32356
2019,316940,56746
2019,316950,6732
2019,316960,25327
2019,316970,19964
2019,316980,5040
2019,316990,115552
2019,317000,12533
2019,317005,12471
2019,317010,333783
2019,317020,691305
2019,317030,2611
2019,317040,84378
2019,317043,4304
2019,317047,3264
2019,317050,10358
2019,317052,16865
2019,317057,6480
2019,317060,2153
2019,317065,5007
2019,317070,135558
2019,317075,7036
2019,317080,39493
2019,317090,19320
2019,317100,20590
2019,317103,9355
2019,317107,5720
2019,317110,3999
2019,317115,4839
2019,317120,127601
2019,317130,78846
2019,317140,3608
2019,317150,3203
2019,317160,13752
2019,317170,8674
2019,317180,10510
2019,317190,5380
2019,317200,42564
2019,317210,5252
2019,317220,2552
2019,320010,30586
2019,320013,9642
2019,320016,11019
2019,320020,30084
2019,320030,14601
2019,320035,7836
2019,320040,29263
2019,320050,7567
2019,320060,101220
2019,320070,11936
2019,320080,30998
2019,320090,44650
2019,320100,15037
2019,320110,9936
2019,320115,12404
2019,320120,208972
2019,320130,381285
2019,320140,37534
2019,320150,122499
2019,320160,31063
2019,320170,12723
2019,320180,4304
2019,320190,33850
2019,320200,6749
2019,320210,22923
2019,320220,21509
2019,320225,12709
2019,320230,30867
2019,320240,124859
2019,320245,26082
2019,320250,12479
2019,320255,8889
2019,320260,13860
2019,320265,13377
2019,320270,14066
2019,320280,34348
2019,320290,10555
2019,320300,29161
2019,320305,30477
2019,320310,12192
2019,320313,16668
2019,320316,10947
2019,320320,173555
2019,320330,15350
2019,320332,38499
2019,320334,16694
2019,320335,12833
2019,320340,26153
2019,320350,18833
2019,320360,5524
2019,320370,17465
2019,320380,15449
2019,320390,50110
2019,320400,23184
2019,320405,26184
2019,320410,27047
2019,320420,21711
2019,320425,7863
2019,320430,11574
2019,320435,19141
2019,320440,11622
2019,320450,12224
2019,320455,40431
2019,320460,23590
2019,320465,8638
2019,320470,37947
2019,320480,10556
2019,320490,130611
2019,320495,12415
2019,320500,517510
2019,320501,30070
2019,320503,21402
2019,320506,25277
2019,320510,78239
2019,320515,9208
2019,320517,14080
2019,320520,493838
2019,320530,362097
2019,330010,203785
2019,330015,11759
2019,330020,132400
2019,330022,12572
2019,330023,33870
2019,330025,30349
2019,330030,100374
2019,330040,184412
2019,330045,510906
2019,330050,27446
2019,330060,37096
2019,330070,226525
2019,330080,58937
2019,330090,15505
2019,330093,16301
2019,330095,8561
2019,330100,507548
2019,330110,20172
2019,330115,12823
2019,330120,18895
2019,330130,44184
2019,330140,23228
2019,330150,21926
2019,330160,11492
2019,330170,919596
2019,330180,14002
2019,330185,60517
2019,330187,28310
2019,330190,240592
2019,330200,133019
2019,330205,15207
2019,330210,23234
2019,330220,103224
2019,330225,31805
2019,330227,104768
2019,330230,7355
2019,330240,256672
2019,330245,5599
2019,330250,245071
2019,330260,44468
2019,330270,161207
2019,330280,18614
2019,330285,176103
2019,330290,25538
2019,330300,27174
2019,330310,15317
2019,330320,162485
2019,330330,513584
2019,330340,190631
2019,330350,821128
2019,330360,52257
2019,330370,44285
2019,330380,43165
2019,330385,27769
2019,330390,306191
2019,330395,25156
2019,330400,29277
2019,330410,18847
2019,330411,19683
2019,330412,14302
2019,330414,150319
2019,330415,24700
2019,330420,131341
2019,330430,60201
2019,330440,18529
2019,330450,9284
2019,330452,150674
2019,330455,6718903
2019,330460,10404
2019,330470,42479
2019,330475,42205
2019,330480,38669
2019,330490,1084839
2019,330500,36102
2019,330510,472406
2019,330513,7171
2019,330515,21795
2019,330520,104476
2019,330530,9357
2019,330540,18228
2019,330550,89170
2019,330555,82312
2019,330560,21774
2019,330570,15623
2019,330575,34309
2019,330580,182594
2019,330590,10626
2019,330600,81804
2019,330610,76523
2019,330615,11000
2019,330620,36896
2019,330630,273012
2019,350010,35068
2019,350020,3562
2019,350030,36305
2019,350040,8180
2019,350050,18705
2019,350055,6075
2019,350060,3451
2019,350070,37214
2019,350075,6025
2019,350080,4166
2019,350090,4160
2019,350100,16184
2019,350110,4099
2019,350115,18628
2019,350120,3679
2019,350130,24915
2019,350140,5227
2019,350150,3222
2019,350160,239597
2019,350170,40504
2019,350180,5969
2019,350190,72195
2019,350200,4995
2019,350210,57157
2019,350220,25228
2019,350230,6724
2019,350240,4115
2019,350250,36157
2019,350260,4196
2019,350270,24374
2019,350275,22364
2019,350280,197016
2019,350290,34146
2019,350300,5620
2019,350310,6357
2019,350315,2469
2019,350320,236072
2019,350330,134236
2019,350335,1791
2019,350340,8560
2019,350350,3886
2019,350360,11129
2019,350370,9668
2019,350380,54408
2019,350390,89824
2019,350395,1822
2019,350400,104386
2019,350410,142761
2019,350420,15189
2019,350430,5403
2019,350440,13649
2019,350450,90655
2019,350460,17502
2019,350470,5735
2019,350480,9068
2019,350490,10945
2019,350500,3469
2019,350510,7402
2019,350520,35264
2019,350530,36126
2019,350535,5724
2019,350540,7659
2019,350550,122098
2019,350560,32812
2019,350570,274182
2019,350580,20953
2019,350590,62508
2019,350600,376818
2019,350610,77496
2019,350620,2980
2019,350630,11148
2019,350635,63249
2019,350640,8034
2019,350650,123638
2019,350660,32598
2019,350670,14923
2019,350680,12329
2019,350690,11730
2019,350700,60997
2019,350710,25448
2019,350715,3954
2019,350720,837
2019,350730,4823
2019,350740,16046
2019,350745,2653
2019,350750,146497
2019,350760,168668
2019,350770,5686
2019,350775,2865
2019,350780,24939
2019,350790,24403
2019,350800,19878
2019,350810,17144
2019,350820,4481
2019,350830,4264
2019,350840,49707
2019,350850,94263
2019,350860,33327
2019,350870,18985
2019,350880,17767
2019,350890,4191
2019,350900,101470
2019,350910,5874
2019,350920,76801
2019,350925,28549
2019,350930,10542
2019,350940,26167
2019,350945,6024
2019,350950,1204073
2019,350960,84650
2019,350970,52088
2019,350980,4965
2019,350990,12540
2019,350995,5138
2019,351000,31280
2019,351010,2793
2019,351015,5216
2019,351020,47138
2019,351030,20706
2019,351040,55768
2019,351050,121532
2019,351060,400927
2019,351070,12326
2019,351080,30380
2019,351090,2523
2019,351100,21006
2019,351110,121862
2019,351120,7804
2019,351130,9237
2019,351140,19985
2019,351150,48949
2019,351160,18148
2019,351170,17190
2019,351190,8617
2019,351200,18468
2019,351210,6210
2019,351220,28050
2019,351230,17896
2019,351240,24528
2019,351250,6058
2019,351260,4681
2019,351270,4055
2019,351280,72252
2019,351290,7307
2019,351300,249210
2019,351310,35292
2019,351320,8631
2019,351330,2073
2019,351340,82238
2019,351350,130705
2019,351360,21547
2019,351370,33718
2019,351380,423884
2019,351385,1793
2019,351390,11146
2019,351400,8929
2019,351410,27315
2019,351420,2115
2019,351430,8873
2019,351440,46793
2019,351450,12445
2019,351460,9868
2019,351470,6102
2019,351480,15494
2019,351490,17772
2019,351492,3651
2019,351495,2452
2019,351500,273726
2019,351510,69385
2019,351512,3214
2019,351515,20773
2019,351518,44330
2019,351519,4829
2019,351520,8419
2019,351530,2766
2019,351535,9371
2019,351540,16036
2019,351550,69116
2019,351560,5783
2019,351565,1716
2019,351570,194276
2019,351580,1464
2019,351590,2917
2019,351600,14640
2019,351610,2676
2019,351620,353187
2019,351630,175844
2019,351640,154489
2019,351650,2776
2019,351660,6548
2019,351670,44390
2019,351680,4808
2019,351685,4789
2019,351690,10869
2019,351700,11409
2019,351710,4815
2019,351720,12168
2019,351730,5765
2019,351740,40790
2019,351750,21454
2019,351760,17157
2019,351770,21220
2019,351780,8323
2019,351790,11188
2019,351800,2000
2019,351810,6664
2019,351820,32939
2019,351830,29798
2019,351840,121798
2019,351850,18520
2019,351860,40105
2019,351870,320459
2019,351880,1379182
2019,351885,7656
2019,351890,5267
2019,351900,9526
2019,351905,14930
2019,351907,230851
2019,351910,11710
2019,351920,6321
2019,351925,9240
2019,351930,35104
2019,351940,12393
2019,351950,7753
2019,351960,60033
2019,351970,78878
2019,351980,8243
2019,351990,8159
2019,352000,24674
2019,352010,30432
2019,352020,9534
2019,352030,30857
2019,352040,34970
2019,352042,11166
2019,352044,26686
2019,352050,251627
2019,352060,4885
2019,352070,3897
2019,352080,3991
2019,352090,14971
2019,352100,37133
2019,352110,7546
2019,352115,5392
2019,352120,4218
2019,352130,16409
2019,352140,24235
2019,352150,7993
2019,352160,8294
2019,352170,17556
2019,352180,27125
2019,352190,15262
2019,352200,3835
2019,352210,101816
2019,352215,3328
2019,352220,175693
2019,352230,163901
2019,352240,94354
2019,352250,237700
2019,352260,74773
2019,352265,4241
2019,352270,43120
2019,352280,15149
2019,352290,13992
2019,352300,4906
2019,352310,370821
2019,352320,50503
2019,352330,17436
2019,352340,120858
2019,352350,20697
2019,352360,18157
2019,352370,6499
2019,352380,7841
2019,352390,173939
2019,352400,61252
2019,352410,41824
2019,352420,6929
2019,352430,77263
2019,352440,233662
2019,352450,7067
2019,352460,17866
2019,352470,57488
2019,352480,49107
2019,352490,6602
2019,352500,124937
2019,352510,44380
2019,352520,30044
2019,352530,150252
2019,352540,3159
2019,352550,13220
2019,352560,4523
2019,352570,37015
2019,352580,4776
2019,352585,3367
2019,352590,418962
2019,352600,20679
2019,352610,18812
2019,352620,31444
2019,352630,4896
2019,352640,28516
2019,352650,11980
2019,352660,7260
2019,352670,103391
2019,352680,68432
2019,352690,306114
2019,352700,7980
2019,352710,78013
2019,352720,88706
2019,352725,2289
2019,352730,48885
2019,352740,21747
2019,352750,2394
2019,352760,14947
2019,352770,5790
2019,352780,4584
2019,352790,2649
2019,352800,17163
2019,352810,8120
2019,352820,3698
2019,352830,3119
2019,352840,47150
2019,352850,100179
2019,352860,9846
2019,352870,5853
2019,352880,14002
2019,352885,3031
2019,352890,4084
2019,352900,238882
2019,352910,2112
2019,352920,26461
2019,352930,83170
2019,352940,472912
2019,352950,5490
2019,352960,3836
2019,352965,1908
2019,352970,22226
2019,352980,12908
2019,352990,19779
2019,353000,3086
2019,353010,29564
2019,353020,18259
2019,353030,59824
2019,353040,4871
2019,353050,68885
2019,353060,445842
2019,353070,151888
2019,353080,93189
2019,353090,3493
2019,353100,2259
2019,353110,56702
2019,353120,8038
2019,353130,50498
2019,353140,25087
2019,353150,19008
2019,353160,4166
2019,353170,4653
2019,353180,59772
2019,353190,32968
2019,353200,13622
2019,353205,4758
2019,353210,4486
2019,353215,3141
2019,353220,4857
2019,353230,6661
2019,353240,18524
2019,353250,8930
2019,353260,11478
2019,353270,5213
2019,353280,6973
2019,353282,9755
2019,353284,1881
2019,353286,1267
2019,353290,11186
2019,353300,21500
2019,353310,2316
2019,353320,3969
2019,353325,5830
2019,353330,4101
2019,353340,60174
2019,353350,41052
2019,353360,7432
2019,353370,4289
2019,353380,2496
2019,353390,54772
2019,353400,4381
2019,353410,6515
2019,353420,7066
2019,353430,44028
2019,353440,698418
2019,353450,2603
2019,353460,32879
2019,353470,113542
2019,353475,10361
2019,353480,8562
2019,353490,14197
2019,353500,12957
2019,353510,13275
2019,353520,9283
2019,353530,22221
2019,353540,15777
2019,353550,45703
2019,353560,18222
2019,353570,6454
2019,353580,20197
2019,353590,4078
2019,353600,10964
2019,353610,6435
2019,353620,19648
2019,353625,2161
2019,353630,14670
2019,353640,7366
2019,353650,109424
2019,353657,1833
2019,353660,8945
2019,353670,46687
2019,353680,6093
2019,353690,2494
2019,353700,16744
2019,353710,47919
2019,353715,3093
2019,353720,11331
2019,353730,63407
2019,353740,25669
2019,353750,8668
2019,353760,68284
2019,353770,5980
2019,353780,55348
2019,353790,29185
2019,353800,168328
2019,353810,17049
2019,353820,15207
2019,353830,3692
2019,353850,13657
2019,353860,27303
2019,353870,404142
2019,353880,29806
2019,353890,25492
2019,353900,11417
2019,353910,18895
2019,353920,27527
2019,353930,76409
2019,353940,13636
2019,353950,39719
2019,353960,5237
2019,353970,3550
2019,353980,117452
2019,353990,6059
2019,354000,22014
2019,354010,3416
2019,354020,49961
2019,354025,4628
2019,354030,2577
2019,354040,4169
2019,354050,9925
2019,354060,53098
2019,354070,56150
2019,354075,24643
2019,354080,17361
2019,354085,4093
2019,354090,21496
2019,354100,325073
2019,354105,5261
2019,354110,4094
2019,354120,13106
2019,354130,44200
2019,354140,228743
2019,354150,39516
2019,354160,40432
2019,354165,3804
2019,354170,14109
2019,354180,3406
2019,354190,13420
2019,354200,6638
2019,354210,9076
2019,354220,29707
2019,354230,3851
2019,354240,20261
2019,354250,9621
2019,354260,56322
2019,354270,7593
2019,354280,3340
2019,354290,13219
2019,354300,16444
2019,354310,4718
2019,354320,4541
2019,354323,2225
2019,354325,7673
2019,354330,123393
2019,354340,703293
2019,354350,5524
2019,354360,3629
2019,354370,10799
2019,354380,9981
2019,354390,206424
2019,354400,35228
2019,354410,50846
2019,354420,12518
2019,354425,16643
2019,354430,10712
2019,354440,3128
2019,354450,3148
2019,354460,5590
2019,354470,2432
2019,354480,6331
2019,354490,11890
2019,354500,17139
2019,354510,5300
2019,354515,8286
2019,354520,118663
2019,354530,45422
2019,354540,9331
2019,354550,4302
2019,354560,15480
2019,354570,6008
2019,354580,193475
2019,354600,14788
2019,354610,2115
2019,354620,4503
2019,354625,2139
2019,354630,34361
2019,354640,47673
2019,354650,5599
2019,354660,32322
2019,354670,26898
2019,354680,57386
2019,354690,8817
2019,354700,6173
2019,354710,2939
2019,354720,1487
2019,354730,139447
2019,354740,2498
2019,354750,27557
2019,354760,26540
2019,354765,1545
2019,354770,20878
2019,354780,718773
2019,354790,6929
2019,354800,23310
2019,354805,8420
2019,354810,5954
2019,354820,6811
2019,354830,3111
2019,354840,4777
2019,354850,433311
2019,354860,10878
2019,354870,838936
2019,354880,161127
2019,354890,251983
2019,354900,2821
2019,354910,91211
2019,354920,2568
2019,354925,1922
2019,354930,2105
2019,354940,51888
2019,354950,8928
2019,354960,4147
2019,354970,54946
2019,354980,460671
2019,354990,721944
2019,354995,15825
2019,355000,10687
2019,355010,40954
2019,355020,32931
2019,355030,12252023
2019,355040,35653
2019,355050,7666
2019,355060,91016
2019,355070,88980
2019,355080,12182
2019,355090,15322
2019,355100,365798
2019,355110,10285
2019,355120,3638
2019,355130,3513
2019,355140,14662
2019,355150,45107
2019,355160,29229
2019,355170,125815
2019,355180,12832
2019,355190,17496
2019,355200,6302
2019,355210,41005
2019,355220,679378
2019,355230,7718
2019,355240,282441
2019,355250,297637
2019,355255,3963
2019,355260,12407
2019,355270,16496
2019,355280,289664
2019,355290,6285
2019,355300,13859
2019,355310,6295
2019,355320,5566
2019,355330,23207
2019,355340,25967
2019,355350,7807
2019,355360,12960
2019,355365,2811
2019,355370,57177
2019,355380,23218
2019,355385,5852
2019,355390,7468
2019,355395,15000
2019,355400,121766
2019,355410,314924
2019,355420,4532
2019,355430,23148
2019,355440,9370
2019,355450,42076
2019,355460,2658
2019,355465,2412
2019,355470,10010
2019,355475,1724
2019,355480,47185
2019,355490,5807
2019,355495,6894
2019,355500,65524
2019,355510,15495
2019,355520,2016
2019,355530,1727
2019,355535,6309
2019,355540,90799
2019,355550,4780
2019,355560,10110
2019,355570,1844
2019,355580,9114
2019,355590,1165
2019,355600,13809
2019,355610,13326
2019,355620,129193
2019,355630,26480
2019,355635,10537
2019,355640,42845
2019,355645,52597
2019,355650,121838
2019,355660,10843
2019,355670,78728
2019,355680,18898
2019,355690,8810
2019,355695,1840
2019,355700,122480
2019,355710,94547
2019,355715,2718
2019,355720,12418
2019,355730,11304
2019,410010,7457
2019,410020,5919
2019,410030,9371
2019,410040,118623
2019,410045,1942
2019,410050,22056
2019,410060,14770
2019,410070,9836
2019,410080,11406
2019,410090,6257
2019,410100,19152
2019,410105,2801
2019,410110,20031
2019,410115,2928
2019,410120,18980
2019,410130,7434
2019,410140,134996
2019,410150,123027
2019,410160,28115
2019,410165,3068
2019,410170,13970
2019,410180,143843
2019,410185,2108
2019,410190,15119
2019,410200,33362
2019,410210,26111
2019,410220,3892
2019,410230,12941
2019,410240,31367
2019,410250,11568
2019,410260,10275
2019,410270,2781
2019,410275,3511
2019,410280,15397
2019,410290,16389
2019,410300,4105
2019,410302,2503
2019,410304,6387
2019,410305,7591
2019,410310,12944
2019,410315,3541
2019,410320,7032
2019,410322,3264
2019,410330,6592
2019,410335,5427
2019,410337,2651
2019,410340,2934
2019,410345,18120
2019,410347,4044
2019,410350,8570
2019,410360,25360
2019,410370,106533
2019,410380,7865
2019,410390,14202
2019,410395,3887
2019,410400,43288
2019,410405,3833
2019,410410,7971
2019,410420,132002
2019,410425,29318
2019,410430,94859
2019,410440,15018
2019,410442,15979
2019,410445,13317
2019,410450,19124
2019,410460,15780
2019,410465,23415
2019,410470,14320
2019,410480,328454
2019,410490,71484
2019,410500,10189
2019,410510,10827
2019,410520,17779
2019,410530,11765
2019,410540,19254
2019,410550,82620
2019,410560,12652
2019,410570,16559
2019,410580,243726
2019,410590,24012
2019,410600,8818
2019,410610,3860
2019,410620,18584
2019,410630,17071
2019,410640,47845
2019,410645,7497
2019,410650,20734
2019,410655,3219
2019,410657,4252
2019,410660,20932
2019,410670,4469
2019,410680,18708
2019,410685,2950
2019,410690,1933105
2019,410700,15101
2019,410710,5087
2019,410712,3439
2019,410715,5253
2019,410720,40641
2019,410725,8747
2019,410730,5979
2019,410740,5961
2019,410750,14000
2019,410752,1698
2019,410753,4539
2019,410754,4117
2019,410755,3089
2019,410760,17251
2019,410765,100209
2019,410770,4762
2019,410773,5646
2019,410775,7770
2019,410780,4929
2019,410785,4624
2019,410790,6774
2019,410800,10548
2019,410810,2689
2019,410820,6578
2019,410830,258532
2019,410832,6046
2019,410840,91093
2019,410845,4650
2019,410850,13710
2019,410855,2946
2019,410860,28884
2019,410865,7111
2019,410870,5618
2019,410880,33119
2019,410890,6581
2019,410895,8739
2019,410900,3802
2019,410910,2243
2019,410920,5502
2019,410930,12472
2019,410940,181504
2019,410950,7636
2019,410960,37067
2019,410965,5211
2019,410970,31364
2019,410975,6352
2019,410980,54558
2019,410990,7904
2019,411000,4404
2019,411005,2256
2019,411007,13111
2019,411010,32564
2019,411020,11125
2019,411030,3109
2019,411040,4457
2019,411050,15172
2019,411060,13926
2019,411065,2288
2019,411070,60727
2019,411080,10169
2019,411090,4466
2019,411095,11176
2019,411100,6582
2019,411110,6108
2019,411120,11964
2019,411125,28634
2019,411130,2865
2019,411140,13879
2019,411150,31984
2019,411155,8185
2019,411160,3259
2019,411170,5274
2019,411180,39378
2019,411190,13620
2019,411200,34857
2019,411210,21176
2019,411220,5245
2019,411230,4994
2019,411240,9425
2019,411250,11328
2019,411260,1331
2019,411270,12588
2019,411275,8412
2019,411280,11908
2019,411290,3292
2019,411295,7340
2019,411300,7013
2019,411310,4100
2019,411320,48163
2019,411325,5852
2019,411330,32073
2019,411340,3954
2019,411342,3310
2019,411345,4676
2019,411350,23086
2019,411360,4787
2019,411370,569733
2019,411373,7262
2019,411375,4794
2019,411380,4920
2019,411390,13630
2019,411400,13132
2019,411410,22819
2019,411420,34400
2019,411430,26869
2019,411435,2571
2019,411440,16714
2019,411450,13502
2019,411460,52944
2019,411470,5677
2019,411480,35496
2019,411490,8836
2019,411500,7076
2019,411510,10345
2019,411520,423666
2019,411530,6610
2019,411535,5603
2019,411540,14367
2019,411545,4405
2019,411550,4679
2019,411560,17943
2019,411570,34720
2019,411573,3272
2019,411575,10601
2019,411580,46198
2019,411585,5536
2019,411590,2213
2019,411600,1806
2019,411605,10702
2019,411610,12121
2019,411620,16406
2019,411630,3984
2019,411640,4008
2019,411650,1543
2019,411660,3445
2019,411670,10472
2019,411680,5302
2019,411690,27904
2019,411695,5046
2019,411700,8153
2019,411705,11554
2019,411710,13213
2019,411720,5806
2019,411721,4249
2019,411722,8219
2019,411725,10548
2019,411727,5649
2019,411729,2844
2019,411730,22141
2019,411740,3428
2019,411745,5996
2019,411750,41281
2019,411760,50986
2019,411770,33877
2019,411780,13172
2019,411790,31846
2019,411800,13830
2019,411810,11472
2019,411820,154936
2019,411830,3203
2019,411840,88374
2019,411845,5610
2019,411850,82881
2019,411860,5873
2019,411870,7354
2019,411880,13996
2019,411885,6127
2019,411890,11234
2019,411900,6347
2019,411910,12746
2019,411915,132157
2019,411920,6326
2019,411925,2731
2019,411930,32391
2019,411940,25463
2019,411950,113036
2019,411960,30310
2019,411965,3224
2019,411970,4263
2019,411980,13479
2019,411990,351736
2019,411995,27284
2019,412000,12914
2019,412010,4848
2019,412015,3237
2019,412020,2559
2019,412030,4065
2019,412033,3753
2019,412035,5157
2019,412040,5306
2019,412050,11123
2019,412060,52241
2019,412065,4512
2019,412070,7449
2019,412080,23559
2019,412085,4015
2019,412090,34103
2019,412100,12206
2019,412110,4573
2019,412120,19049
2019,412125,4451
2019,412130,3808
2019,412135,2655
2019,412140,16922
2019,412150,14899
2019,412160,6802
2019,412170,26715
2019,412175,8010
2019,412180,10668
2019,412190,13029
2019,412200,15236
2019,412210,3203
2019,412215,13269
2019,412217,4096
2019,412220,32397
2019,412230,34170
2019,412240,66580
2019,412250,9849
2019,412260,9579
2019,412265,4786
2019,412270,6827
2019,412280,3580
2019,412290,4935
2019,412300,14785
2019,412310,3324
2019,412320,3334
2019,412330,7800
2019,412340,12037
2019,412350,26490
2019,412360,1596
2019,412370,8562
2019,412380,14659
2019,412382,3813
2019,412385,9615
2019,412390,11724
2019,412395,3981
2019,412400,4992
2019,412402,10139
2019,412405,23465
2019,412410,45993
2019,412420,2641
2019,412430,2106
2019,412440,20166
2019,412450,5438
2019,412460,6878
2019,412470,11170
2019,412480,10241
2019,412490,5855
2019,412500,10219
2019,412510,15120
2019,412520,9050
2019,412530,5551
2019,412535,5641
2019,412540,6206
2019,412545,3654
2019,412550,323340
2019,412555,2160
2019,412560,46261
2019,412570,27452
2019,412575,5897
2019,412580,10981
2019,412590,2313
2019,412600,8853
2019,412610,5722
2019,412620,6736
2019,412625,96688
2019,412627,5500
2019,412630,19327
2019,412635,4495
2019,412640,5284
2019,412650,16369
2019,412660,21016
2019,412665,2981
2019,412667,14797
2019,412670,5120
2019,412680,16205
2019,412690,5539
2019,412700,12367
2019,412710,78974
2019,412720,17094
2019,412730,16789
2019,412740,17481
2019,412750,20522
2019,412760,16868
2019,412770,140635
2019,412780,7918
2019,412785,12040
2019,412788,8769
2019,412790,8566
2019,412795,8124
2019,412796,13215
2019,412800,21013
2019,412810,111557
2019,412820,57517
2019,412830,2605
2019,412840,11314
2019,412850,19414
2019,412853,11892
2019,412855,8521
2019,412860,7257
2019,412862,2741
2019,412863,5580
2019,412865,4023
2019,412870,6838
2019,412880,5679
2019,420005,2563
2019,420010,17904
2019,420020,10864
2019,420030,5448
2019,420040,7145
2019,420050,6486
2019,420055,2366
2019,420060,6469
2019,420070,10036
2019,420075,1937
2019,420080,5638
2019,420090,4801
2019,420100,7133
2019,420110,3232
2019,420120,8513
2019,420125,10743
2019,420127,4267
2019,420130,38129
2019,420140,68228
2019,420150,8674
2019,420160,3550
2019,420165,2240
2019,420170,7934
2019,420180,3210
2019,420190,5679
2019,420195,13071
2019,420200,142295
2019,420205,10795
2019,420207,10979
2019,420208,2678
2019,420209,1677
2019,420210,29168
2019,420213,6337
2019,420215,2706
2019,420220,11652
2019,420230,68481
2019,420240,357199
2019,420243,3474
2019,420245,19769
2019,420250,4743
2019,420253,3010
2019,420257,2142
2019,420260,9966
2019,420270,5246
2019,420280,33450
2019,420285,3743
2019,420287,2420
2019,420290,134723
2019,420300,78595
2019,420310,6148
2019,420315,3346
2019,420320,82989
2019,420325,2525
2019,420330,11978
2019,420340,7016
2019,420350,8526
2019,420360,36244
2019,420370,12240
2019,420380,54401
2019,420390,22848
2019,420395,24871
2019,420400,10861
2019,420410,3642
2019,420415,2728
2019,420417,3124
2019,420419,2988
2019,420420,220367
2019,420425,16684
2019,420430,74641
2019,420435,4453
2019,420440,9981
2019,420445,2549
2019,420450,15909
2019,420455,12795
2019,420460,215186
2019,420470,11086
2019,420475,1962
2019,420480,39745
2019,420490,8250
2019,420500,15498
2019,420510,4146
2019,420515,4064
2019,420517,3203
2019,420519,2063
2019,420520,4412
2019,420530,10667
2019,420535,1582
2019,420540,500973
2019,420543,2510
2019,420545,26793
2019,420550,36443
2019,420555,2023
2019,420560,2873
2019,420570,23078
2019,420580,18145
2019,420590,69639
2019,420600,14471
2019,420610,6569
2019,420620,11501
2019,420630,23832
2019,420640,10090
2019,420650,44819
2019,420660,5160
2019,420665,4704
2019,420670,22606
2019,420675,1957
2019,420680,3202
2019,420690,18950
2019,420700,56421
2019,420710,14184
2019,420720,10135
2019,420730,44853
2019,420740,6197
2019,420750,69425
2019,420757,2945
2019,420760,4446
2019,420765,8996
2019,420768,7514
2019,420770,7593
2019,420775,3976
2019,420780,10419
2019,420785,1930
2019,420790,11222
2019,420800,6169
2019,420810,21669
2019,420820,219536
2019,420830,65312
2019,420840,16872
2019,420845,20576
2019,420850,25086
2019,420860,3936
2019,420870,10416
2019,420880,20024
2019,420890,177697
2019,420895,1570
2019,420900,30118
2019,420910,590466
2019,420915,4997
2019,420917,2101
2019,420920,2246
2019,420930,157544
2019,420940,45814
2019,420945,1427
2019,420950,6970
2019,420960,15244
2019,420970,12107
2019,420980,3041
2019,420985,4563
2019,420990,12130
2019,421000,12859
2019,421003,5685
2019,421005,1775
2019,421010,56292
2019,421020,3442
2019,421030,8103
2019,421040,7293
2019,421050,25762
2019,421055,1797
2019,421060,16916
2019,421070,2520
2019,421080,7015
2019,421085,2309
2019,421090,4209
2019,421100,11742
2019,421105,9866
2019,421110,8275
2019,421120,17796
2019,421125,2893
2019,421130,81475
2019,421140,5019
2019,421145,4331
2019,421150,14549
2019,421160,15166
2019,421165,2442
2019,421170,22912
2019,421175,18744
2019,421180,7295
2019,421185,2217
2019,421187,1505
2019,421189,2359
2019,421190,171797
2019,421200,7423
2019,421205,2627
2019,421210,16169
2019,421220,19320
2019,421223,3437
2019,421225,8823
2019,421227,4147
2019,421230,7494
2019,421240,3976
2019,421250,32531
2019,421260,2787
2019,421265,10091
2019,421270,5937
2019,421280,23147
2019,421290,20313
2019,421300,3555
2019,421310,3854
2019,421315,2870
2019,421320,33447
2019,421330,4682
2019,421335,3414
2019,421340,11593
2019,421350,21388
2019,421360,35398
2019,421370,17453
2019,421380,7319
2019,421390,1568
2019,421400,17471
2019,421410,2287
2019,421415,2924
2019,421420,9887
2019,421430,2878
2019,421440,6205
2019,421450,5940
2019,421460,7489
2019,421470,11676
2019,421480,71061
2019,421490,4611
2019,421500,42302
2019,421505,2483
2019,421507,4598
2019,421510,11551
2019,421520,4786
2019,421530,7642
2019,421535,3781
2019,421540,4718
2019,421545,12678
2019,421550,16830
2019,421555,2223
2019,421560,2142
2019,421565,8358
2019,421567,8787
2019,421568,2428
2019,421569,1260
2019,421570,23245
2019,421575,2336
2019,421580,84507
2019,421590,2838
2019,421600,11281
2019,421605,5549
2019,421610,9445
2019,421620,52721
2019,421625,6381
2019,421630,37424
2019,421635,3733
2019,421640,7297
2019,421650,26952
2019,421660,246586
2019,421670,13829
2019,421680,8295
2019,421690,24076
2019,421700,13410
2019,421710,3180
2019,421715,1820
2019,421720,40482
2019,421725,5823
2019,421730,9745
2019,421740,21365
2019,421750,17541
2019,421755,3263
2019,421760,14007
2019,421770,30374
2019,421775,2461
2019,421780,18395
2019,421790,8676
2019,421795,1633
2019,421800,38407
2019,421810,5348
2019,421820,44238
2019,421825,7877
2019,421830,19275
2019,421835,3929
2019,421840,7081
2019,421850,7840
2019,421860,7360
2019,421870,105686
2019,421875,4543
2019,421880,12899
2019,421885,2464
2019,421890,11235
2019,421895,2465
2019,421900,21268
2019,421910,3573
2019,421915,2477
2019,421917,4492
2019,421920,6338
2019,421930,53065
2019,421935,4979
2019,421940,3965
2019,421950,50982
2019,421960,3933
2019,421970,28706
2019,421985,3363
2019,422000,12760
2019,430003,4901
2019,430005,3748
2019,430010,16461
2019,430020,7024
2019,430030,5950
2019,430040,73589
2019,430045,3464
2019,430047,1964
2019,430050,6258
2019,430055,1638
2019,430057,3028
2019,430060,210305
2019,430063,7031
2019,430064,7409
2019,430066,1333
2019,430070,5981
2019,430080,13050
2019,430085,3581
2019,430087,5698
2019,430090,6235
2019,430100,20805
2019,430105,10065
2019,430107,2937
2019,430110,14151
2019,430120,13373
2019,430130,18293
2019,430140,10424
2019,430150,6661
2019,430155,3554
2019,430160,121143
2019,430163,14068
2019,430165,6171
2019,430170,6623
2019,430175,7487
2019,430180,5275
2019,430185,3248
2019,430187,4215
2019,430190,13491
2019,430192,1690
2019,430195,2539
2019,430200,11199
2019,430205,1994
2019,430210,120454
2019,430215,2098
2019,430220,6712
2019,430222,2470
2019,430223,2603
2019,430225,2783
2019,430230,11349
2019,430235,14055
2019,430237,1942
2019,430240,12328
2019,430245,7714
2019,430250,6279
2019,430258,2123
2019,430260,3353
2019,430265,5074
2019,430270,20941
2019,430280,33624
2019,430290,12561
2019,430300,82201
2019,430310,130293
2019,430320,5065
2019,430330,4846
2019,430340,4743
2019,430350,66261
2019,430355,2733
2019,430360,6431
2019,430367,3388
2019,430370,5474
2019,430380,5454
2019,430390,66712
2019,430400,4484
2019,430410,3320
2019,430420,31365
2019,430430,6198
2019,430435,9584
2019,430440,44998
2019,430450,56045
2019,430460,346616
2019,430461,1716
2019,430462,1654
2019,430463,53049
2019,430465,3651
2019,430466,25354
2019,430467,4660
2019,430468,11940
2019,430469,2757
2019,430470,62110
2019,430471,8270
2019,430480,29833
2019,430485,1377
2019,430490,9031
2019,430495,3202
2019,430500,8774
2019,430510,510906
2019,430511,2891
2019,430512,6091
2019,430513,4691
2019,430515,2311
2019,430517,12239
2019,430520,14133
2019,430530,9269
2019,430535,40789
2019,430537,3279
2019,430540,3756
2019,430543,6704
2019,430544,5441
2019,430545,16254
2019,430550,4747
2019,430558,2438
2019,430560,3175
2019,430570,6753
2019,430580,9911
2019,430583,1501
2019,430585,2306
2019,430587,2519
2019,430590,7325
2019,430593,1628
2019,430595,3853
2019,430597,2756
2019,430600,13448
2019,430605,8009
2019,430607,2847
2019,430610,60299
2019,430613,1833
2019,430620,12348
2019,430630,4740
2019,430632,2805
2019,430635,2427
2019,430637,3014
2019,430640,32671
2019,430642,2026
2019,430645,3400
2019,430650,15414
2019,430655,2534
2019,430660,38461
2019,430670,3041
2019,430673,4549
2019,430675,1983
2019,430676,41285
2019,430680,22706
2019,430690,25877
2019,430692,1034
2019,430693,8475
2019,430695,2792
2019,430697,2991
2019,430700,105862
2019,430705,3168
2019,430710,6821
2019,430720,4859
2019,430730,6912
2019,430740,3282
2019,430745,2926
2019,430750,15588
2019,430755,5958
2019,430760,50022
2019,430770,83202
2019,430780,34116
2019,430781,3655
2019,430783,2396
2019,430786,2731
2019,430790,72331
2019,430800,6677
2019,430805,2315
2019,430807,4533
2019,430810,13547
2019,430820,30745
2019,430825,1766
2019,430830,10304
2019,430840,6664
2019,430843,2412
2019,430845,4320
2019,430850,31313
2019,430860,35070
2019,430865,2924
2019,430870,5534
2019,430880,8385
2019,430885,1634
2019,430890,16212
2019,430900,16004
2019,430905,8098
2019,430910,36232
2019,430912,2082
2019,430915,4325
2019,430920,281519
2019,430925,1503
2019,430930,98143
2019,430940,25727
2019,430950,7537
2019,430955,4866
2019,430957,3018
2019,430960,19329
2019,430965,6776
2019,430970,4762
2019,430975,4406
2019,430980,4709
2019,430990,7262
2019,430995,4013
2019,431000,20350
2019,431010,36899
2019,431020,83475
2019,431030,4078
2019,431033,22800
2019,431036,3120
2019,431040,6167
2019,431041,2226
2019,431043,6640
2019,431046,1889
2019,431050,7241
2019,431053,5499
2019,431055,3465
2019,431057,2094
2019,431060,37620
2019,431065,2419
2019,431070,3324
2019,431075,1910
2019,431080,24293
2019,431085,3810
2019,431087,2692
2019,431090,3561
2019,431100,26680
2019,431110,10848
2019,431112,3716
2019,431113,3503
2019,431115,8560
2019,431120,19293
2019,431123,2903
2019,431125,6452
2019,431127,1609
2019,431130,27807
2019,431140,84014
2019,431142,2564
2019,431150,7480
2019,431160,5219
2019,431162,6054
2019,431164,1714
2019,431170,5445
2019,431171,4587
2019,431173,2981
2019,431175,7299
2019,431177,6714
2019,431179,2691
2019,431180,44161
2019,431190,4402
2019,431198,3885
2019,431200,2031
2019,431205,4009
2019,431210,4823
2019,431213,2540
2019,431215,4515
2019,431217,1648
2019,431220,4377
2019,431225,8075
2019,431230,4925
2019,431235,1453
2019,431237,3226
2019,431238,2548
2019,431240,65264
2019,431242,3085
2019,431244,2949
2019,431245,6568
2019,431247,6407
2019,431250,12804
2019,431260,4954
2019,431261,3162
2019,431262,1893
2019,431265,17624
2019,431267,1682
2019,431270,11695
2019,431275,3625
2019,431280,4759
2019,431290,9916
2019,431295,1775
2019,431300,3330
2019,431301,2698
2019,431303,5352
2019,431306,21615
2019,431308,2553
2019,431310,6512
2019,431320,21353
2019,431330,27257
2019,431333,2242
2019,431335,3689
2019,431337,29300
2019,431339,4196
2019,431340,246748
2019,431342,3323
2019,431344,2211
2019,431346,1719
2019,431349,4164
2019,431350,45994
2019,431360,3828
2019,431365,11318
2019,431370,33303
2019,431380,7057
2019,431390,43667
2019,431395,9174
2019,431400,7657
2019,431402,7611
2019,431403,3837
2019,431405,58272
2019,431406,5702
2019,431407,6535
2019,431410,203275
2019,431413,2293
2019,431415,8487
2019,431417,1982
2019,431420,7730
2019,431430,3874
2019,431440,342405
2019,431442,5742
2019,431445,2579
2019,431446,1941
2019,431447,4350
2019,431449,4871
2019,431450,12271
2019,431454,3003
2019,431455,2304
2019,431460,20663
2019,431470,10084
2019,431475,2098
2019,431477,3904
2019,431478,1547
2019,431480,37079
2019,431490,1483771
2019,431500,4678
2019,431505,2374
2019,431507,1360
2019,431510,10246
2019,431513,1639
2019,431514,2901
2019,431515,6244
2019,431517,1947
2019,431520,3919
2019,431530,22687
2019,431531,1849
2019,431532,2788
2019,431535,3796
2019,431540,11549
2019,431545,2090
2019,431550,15789
2019,431555,2752
2019,431560,211005
2019,431570,38275
2019,431575,4653
2019,431580,11393
2019,431590,5867
2019,431595,2323
2019,431600,21349
2019,431610,10601
2019,431620,5130
2019,431630,6847
2019,431640,39422
2019,431642,2609
2019,431643,2650
2019,431645,12449
2019,431647,2733
2019,431650,7799
2019,431660,16270
2019,431670,7994
2019,431673,1639
2019,431675,6603
2019,431680,130416
2019,431690,282123
2019,431695,6331
2019,431697,2562
2019,431700,8098
2019,431710,77027
2019,431720,73254
2019,431725,1729
2019,431730,29676
2019,431740,49425
2019,431750,77593
2019,431755,2128
2019,431760,42894
2019,431770,10175
2019,431775,2019
2019,431780,13885
2019,431790,14257
2019,431795,2324
2019,431800,60282
2019,431805,3074
2019,431810,18335
2019,431820,21710
2019,431830,62105
2019,431840,24248
2019,431842,4657
2019,431843,2552
2019,431844,2824
2019,431845,2537
2019,431846,1971
2019,431848,4804
2019,431849,2073
2019,431850,27568
2019,431860,6933
2019,431861,2408
2019,431862,3527
2019,431870,236835
2019,431880,43582
2019,431890,33468
2019,431900,21556
2019,431910,5426
2019,431912,3234
2019,431915,7673
2019,431920,5265
2019,431930,5790
2019,431935,3801
2019,431936,2009
2019,431937,2947
2019,431940,16198
2019,431950,25685
2019,431960,23621
2019,431970,3299
2019,431971,2242
2019,431973,2727
2019,431975,2243
2019,431980,8721
2019,431990,81734
2019,432000,141075
2019,432010,24489
2019,432020,10750
2019,432023,2907
2019,432026,7421
2019,432030,5100
2019,432032,2779
2019,432035,5581
2019,432040,17502
2019,432045,1962
2019,432050,5415
2019,432055,6486
2019,432057,1970
2019,432060,3657
2019,432065,2384
2019,432067,10172
2019,432070,14967
2019,432080,31002
2019,432085,4719
2019,432090,24111
2019,432100,10584
2019,432110,17300
2019,432120,57466
2019,432130,26862
2019,432132,3072
2019,432135,5481
2019,432140,13485
2019,432143,11204
2019,432145,33232
2019,432146,3030
2019,432147,5704
2019,432149,2806
2019,432150,38732
2019,432160,51715
2019,432162,2336
2019,432163,2668
2019,432166,11053
2019,432170,28220
2019,432180,23906
2019,432183,2697
2019,432185,4271
2019,432190,23906
2019,432195,5802
2019,432200,29538
2019,432210,5678
2019,432215,4569
2019,432218,1472
2019,432220,23948
2019,432225,4855
2019,432230,7893
2019,432232,3438
2019,432234,2015
2019,432235,1154
2019,432237,2338
2019,432240,126970
2019,432250,66218
2019,432252,3497
2019,432253,11781
2019,432254,5913
2019,432255,2113
2019,432260,71554
2019,432270,26863
2019,432280,26241
2019,432285,1815
2019,432290,4756
2019,432300,255224
2019,432310,4670
2019,432320,2882
2019,432330,3385
2019,432335,2091
2019,432340,4358
2019,432345,4280
2019,432350,2752
2019,432360,1561
2019,432370,2851
2019,432375,3133
2019,432377,3014
2019,432380,16408
2019,500020,15522
2019,500025,5343
2019,500060,39396
2019,500070,25135
2019,500080,9035
2019,500085,10780
2019,500090,8956
2019,500100,25745
2019,500110,47871
2019,500124,12149
2019,500150,6788
2019,500190,23024
2019,500200,11329
2019,500210,24629
2019,500215,7875
2019,500220,21976
2019,500230,11872
2019,500240,30174
2019,500260,13711
2019,500270,895982
2019,500280,6116
2019,500290,21939
2019,500295,25218
2019,500310,5947
2019,500315,15253
2019,500320,111435
2019,500325,20823
2019,500330,33543
2019,500345,12924
2019,500348,11385
2019,500350,5924
2019,500370,222949
2019,500375,12353
2019,500380,19189
2019,500390,3051
2019,500400,9965
2019,500410,9895
2019,500430,16078
2019,500440,7610
2019,500450,24839
2019,500460,21142
2019,500470,23187
2019,500480,9110
2019,500490,7187
2019,500500,26097
2019,500510,4027
2019,500515,6712
2019,500520,23331
2019,500525,7341
2019,500540,47083
2019,500560,28013
2019,500568,18366
2019,500570,54878
2019,500580,13930
2019,500600,21882
2019,500620,54374
2019,500625,3814
2019,500627,5555
2019,500630,42148
2019,500635,14228
2019,500640,7674
2019,500660,92526
2019,500690,17131
2019,500710,24615
2019,500720,37514
2019,500730,4831
2019,500740,19746
2019,500750,5499
2019,500755,7851
2019,500769,26771
2019,500770,10791
2019,500780,6529
2019,500790,57665
2019,500793,19274
2019,500795,11552
2019,500797,3588
2019,500800,21806
2019,500830,121388
2019,500840,6102
2019,510010,5399
2019,510020,25721
2019,510025,51782
2019,510030,19044
2019,510035,6822
2019,510040,12030
2019,510050,11356
2019,510060,10847
2019,510080,10133
2019,510100,3100
2019,510120,935
2019,510125,16822
2019,510130,9607
2019,510140,22354
2019,510160,8564
2019,510170,34966
2019,510180,61012
2019,510185,6580
2019,510190,19695
2019,510250,94376
2019,510260,15980
2019,510263,35360
2019,510267,44041
2019,510268,6891
2019,510269,4743
2019,510270,21579
2019,510279,10305
2019,510285,8729
2019,510300,19752
2019,510305,12149
2019,510310,5700
2019,510320,33438
2019,510325,38582
2019,510330,20763
2019,510335,30933
2019,510336,4038
2019,510337,19750
2019,510340,612547
2019,510343,5219
2019,510345,9462
2019,510350,22041
2019,510360,8178
2019,510370,14192
2019,510380,3494
2019,510385,7648
2019,510390,5540
2019,510395,3026
2019,510410,35816
2019,510420,15141
2019,510450,2752
2019,510452,7667
2019,510454,6737
2019,510455,3802
2019,510460,13345
2019,510480,27776
2019,510490,8409
2019,510500,8793
2019,510510,34974
2019,510515,40997
2019,510517,15865
2019,510520,11221
2019,510523,6121
2019,510525,65534
2019,510530,2077
2019,510550,16128
2019,510558,10499
2019,510560,16566
2019,510562,27739
2019,510590,15336
2019,510600,5989
2019,510610,13216
2019,510615,15288
2019,510617,3849
2019,510618,6640
2019,510619,3718
2019,510620,3829
2019,510621,12787
2019,510622,45378
2019,510623,20301
2019,510624,11982
2019,510625,21374
2019,510626,9178
2019,510627,4004
2019,510628,5074
2019,510629,11225
2019,510630,22563
2019,510631,2640
2019,510637,17626
2019,510642,34976
2019,510645,2662
2019,510650,32843
2019,510665,6711
2019,510670,1576
2019,510675,45436
2019,510677,12517
2019,510680,5410
2019,510682,12017
2019,510685,2963
2019,510700,16219
2019,510704,62019
2019,510706,17479
2019,510710,18906
2019,510715,2732
2019,510718,10206
2019,510719,2405
2019,510720,5156
2019,510724,4525
2019,510726,3146
2019,510729,4063
2019,510730,20664
2019,510735,5595
2019,510740,4727
2019,510757,4001
2019,510760,232491
2019,510770,17151
2019,510774,2564
2019,510775,3365
2019,510776,3429
2019,510777,8371
2019,510779,5174
2019,510780,16628
2019,510785,11708
2019,510787,25881
2019,510788,1650
2019,510790,142996
2019,510792,90313
2019,510794,9489
2019,510795,103750
2019,510800,13705
2019,510805,9667
2019,510810,3805
2019,510820,3609
2019,510830,3525
2019,510835,3127
2019,510840,284971
2019,510850,11309
2019,510860,26037
2019,510880,4519
2019,510885,3278
2019,510890,8641
2019,510895,9178
2019,520005,8773
2019,520010,20042
2019,520013,22366
2019,520015,2516
2019,520017,5735
2019,520020,1850
2019,520025,212440
2019,520030,27653
2019,520050,1995
2019,520055,6414
2019,520060,7624
2019,520080,8660
2019,520082,3812
2019,520085,6111
2019,520090,3126
2019,520110,386923
2019,520120,1149
2019,520130,21850
2019,520140,578179
2019,520145,2474
2019,520150,4198
2019,520160,3522
2019,520170,20118
2019,520180,10308
2019,520215,7770
2019,520235,2612
2019,520250,9875
2019,520260,3120
2019,520280,2417
2019,520310,5138
2019,520320,11167
2019,520330,29975
2019,520340,8841
2019,520350,25216
2019,520355,9706
2019,520357,4405
2019,520360,3703
2019,520380,5779
2019,520390,9459
2019,520393,2488
2019,520396,3292
2019,520400,7993
2019,520410,12484
2019,520420,1351
2019,520425,8067
2019,520430,16009
2019,520440,18913
2019,520450,91162
2019,520455,3804
2019,520460,3630
2019,520465,3640
2019,520470,12626
2019,520480,7589
2019,520485,7789
2019,520490,19887
2019,520495,2141
2019,520500,10082
2019,520505,3435
2019,520510,108823
2019,520520,5070
2019,520530,9709
2019,520540,22191
2019,520545,8606
2019,520547,10167
2019,520549,71376
2019,520551,20240
2019,520552,3382
2019,520570,2327
2019,520580,11110
2019,520590,9723
2019,520620,58997
2019,520630,2966
2019,520640,16949
2019,520650,3486
2019,520660,2854
2019,520670,3311
2019,520680,2938
2019,520690,2094
2019,520710,2484
2019,520725,7322
2019,520735,3699
2019,520740,12372
2019,520750,3275
2019,520753,6627
2019,520760,5637
2019,520780,13292
2019,520790,16557
2019,520800,121617
2019,520810,4248
2019,520815,3818
2019,520830,4804
2019,520840,11231
2019,520850,5600
2019,520860,70084
2019,520870,1516113
2019,520880,44289
2019,520890,22645
2019,520910,34095
2019,520915,5898
2019,520920,14209
2019,520929,1996
2019,520940,3893
2019,520945,1794
2019,520960,3724
2019,520970,21706
2019,520980,3564
2019,520990,13947
2019,520993,6194
2019,520995,15611
2019,521000,52866
2019,521010,26985
2019,521015,2893
2019,521020,31531
2019,521030,2800
2019,521040,42900
2019,521056,4676
2019,521060,5237
2019,521080,4539
2019,521090,22981
2019,521100,4997
2019,521120,25768
2019,521130,7178
2019,521140,8938
2019,521150,104742
2019,521160,2370
2019,521170,6048
2019,521180,50511
2019,521190,100882
2019,521200,2879
2019,521205,2490
2019,521210,7387
2019,521220,18478
2019,521225,1588
2019,521230,7647
2019,521250,208299
2019,521260,2368
2019,521270,8882
2019,521280,9503
2019,521290,2236
2019,521295,4351
2019,521300,14080
2019,521305,2597
2019,521308,29070
2019,521310,66801
2019,521340,1529
2019,521350,8606
2019,521370,8055
2019,521375,13396
2019,521377,4479
2019,521380,46136
2019,521385,2248
2019,521390,4290
2019,521400,15659
2019,521405,4887
2019,521410,3778
2019,521440,9142
2019,521450,29850
2019,521460,46388
2019,521470,2352
2019,521480,2210
2019,521483,12869
2019,521486,8164
2019,521487,2929
2019,521490,3264
2019,521500,9853
2019,521520,2913
2019,521523,115711
2019,521525,4495
2019,521530,15615
2019,521540,3759
2019,521550,6667
2019,521560,33835
2019,521565,3464
2019,521570,28858
2019,521580,2381
2019,521590,3585
2019,521600,2615
2019,521630,10057
2019,521640,10988
2019,521645,3129
2019,521680,10281
2019,521690,2253
2019,521710,24524
2019,521720,10385
2019,521730,24908
2019,521740,31458
2019,521760,89918
2019,521770,17819
2019,521800,45394
2019,521805,3881
2019,521810,4011
2019,521830,36900
2019,521839,3223
2019,521850,50065
2019,521860,10918
2019,521870,4801
2019,521878,4493
2019,521880,235647
2019,521890,19882
2019,521900,7637
2019,521910,6560
2019,521920,2855
2019,521925,5459
2019,521930,38648
2019,521935,3809
2019,521940,8756
2019,521945,3343
2019,521950,2319
2019,521960,3355
2019,521970,8744
2019,521971,4821
2019,521973,6283
2019,521975,74744
2019,521980,12949
2019,521990,6264
2019,522000,13740
2019,522005,1381
2019,522010,33817
2019,522015,5167
2019,522020,21993
2019,522026,4057
2019,522028,2036
2019,522040,20645
2019,522045,115371
2019,522050,8544
2019,522060,20695
2019,522068,6856
2019,522070,2989
2019,522100,3529
2019,522108,3458
2019,522119,8043
2019,522130,2833
2019,522140,127599
2019,522145,3500
2019,522150,4598
2019,522155,5281
2019,522157,2854
2019,522160,40532
2019,522170,13843
2019,522180,3072
2019,522185,168468
2019,522190,3827
2019,522200,13863
2019,522205,8743
2019,522220,6171
2019,522230,5821
2019,530010,3015268
2021,110001,22516
2021,110002,111148
2021,110003,5067
2021,110004,86416
2021,110005,16088
2021,110006,15213
2021,110007,7052
2021,110008,19255
2021,110009,33009
2021,110010,46930
2021,110011,51469
2021,110012,131026
2021,110013,41724
2021,110014,20504
2021,110015,35445
2021,110018,37098
2021,110020,548952
2021,110025,18165
2021,110026,3843
2021,110028,55748
2021,110029,5942
2021,110030,104517
2021,110032,23147
2021,110033,32184
2021,110034,13807
2021,110037,13268
2021,110040,22258
2021,110045,41043
2021,110050,8125
2021,110060,6307
2021,110070,14391
2021,110080,28068
2021,110090,2923
2021,110092,11755
2021,110094,27131
2021,110100,7130
2021,110110,10819
2021,110120,9461
2021,110130,10691
2021,110140,16158
2021,110143,6822
2021,110145,6319
2021,110146,2127
2021,110147,2697
2021,110148,4962
2021,110149,21088
2021,110150,11846
2021,110155,4160
2021,110160,10348
2021,110170,11081
2021,110175,11545
2021,110180,6490
2021,120001,15721
2021,120005,7649
2021,120010,27123
2021,120013,10572
2021,120017,12280
2021,120020,89760
2021,120025,18979
2021,120030,34986
2021,120032,8628
2021,120033,19643
2021,120034,9701
2021,120035,19727
2021,120038,20147
2021,120039,12497
2021,120040,419452
2021,120042,19767
2021,120043,6893
2021,120045,23446
2021,120050,47168
2021,120060,43730
2021,120070,19866
2021,120080,19141
2021,130002,16396
2021,130006,11934
2021,130008,14292
2021,130010,21937
2021,130014,22739
2021,130020,20868
2021,130030,41005
2021,130040,27772
2021,130050,32919
2021,130060,44873
2021,130063,20503
2021,130068,20040
2021,130070,34958
2021,130080,42328
2021,130083,13482
2021,130090,15981
2021,130100,28719
2021,130110,38820
2021,130115,31459
2021,130120,86713
2021,130130,29691
2021,130140,36121
2021,130150,20748
2021,130160,16409
2021,130165,17193
2021,130170,57195
2021,130180,31172
2021,130185,49718
2021,130190,104046
2021,130195,7777
2021,130200,9312
2021,130210,1755
2021,130220,15495
2021,130230,13462
2021,130240,47685
2021,130250,99613
2021,130255,33981
2021,130260,2255903
2021,130270,57405
2021,130280,18298
2021,130290,66159
2021,130300,21710
2021,130310,38665
2021,130320,20395
2021,130330,26443
2021,130340,116439
2021,130350,19616
2021,130353,38095
2021,130356,34856
2021,130360,26566
2021,130370,20889
2021,130380,47031
2021,130390,40837
2021,130395,14678
2021,130400,9289
2021,130406,68502
2021,130410,16876
2021,130420,59250
2021,130423,19038
2021,130426,13839
2021,130430,16007
2021,130440,24098
2021,140002,13561
2021,140005,15249
2021,140010,436591
2021,140015,12701
2021,140017,19257
2021,140020,22635
2021,140023,10595
2021,140028,12637
2021,140030,18482
2021,140040,11772
2021,140045,20108
2021,140047,31387
2021,140050,8492
2021,140060,8232
2021,140070,11014
2021,150010,160439
2021,150013,7536
2021,150020,55744
2021,150030,39910
2021,150034,27797
2021,150040,57390
2021,150050,34044
2021,150060,117320
2021,150070,30091
2021,150080,540410
2021,150085,29312
2021,150090,46937
2021,150095,32200
2021,150100,16421
2021,150110,31967
2021,150120,49454
2021,150125,3239
2021,150130,129333
2021,150140,1506420
2021,150145,17944
2021,150150,64780
2021,150157,17254
2021,150160,16769
2021,150170,130122
2021,150172,14883
2021,150175,7357
2021,150178,68597
2021,150180,104280
2021,150190,29717
2021,150195,35307
2021,150200,24355
2021,150210,140814
2021,150215,39103
2021,150220,69828
2021,150230,54545
2021,150240,205667
2021,150250,24175
2021,150260,12175
2021,150270,48115
2021,150275,34236
2021,150276,14044
2021,150277,17764
2021,150280,35530
2021,150285,14776
2021,150290,41093
2021,150293,61206
2021,150295,34069
2021,150300,6949
2021,150304,20742
2021,150307,26155
2021,150309,41678
2021,150310,34127
2021,150320,39234
2021,150330,63367
2021,150340,12009
2021,150345,67170
2021,150350,32639
2021,150360,101541
2021,150370,53439
2021,150375,6952
2021,150380,60517
2021,150390,59961
2021,150400,29623
2021,150405,30389
2021,150410,8598
2021,150420,287664
2021,150430,29559
2021,150440,28563
2021,150442,135812
2021,150445,32347
2021,150450,28121
2021,150460,31917
2021,150470,84251
2021,150475,16282
2021,150480,58289
2021,150490,41454
2021,150495,21519
2021,150497,17027
2021,150500,15646
2021,150503,25769
2021,150506,78488
2021,150510,52473
2021,150520,33182
2021,150530,74921
2021,150540,18079
2021,150543,33831
2021,150548,49110
2021,150549,7575
2021,150550,115838
2021,150553,218787
2021,150555,5339
2021,150560,8084
2021,150563,12976
2021,150565,32325
2021,150570,32007
2021,150580,63831
2021,150590,42456
2021,150600,29827
2021,150610,10889
2021,150611,13794
2021,150613,86326
2021,150616,18208
2021,150618,53242
2021,150619,52473
2021,150620,41164
2021,150630,24392
2021,150635,21811
2021,150640,10496
2021,150650,72856
2021,150655,19839
2021,150658,22244
2021,150660,25127
2021,150670,75995
2021,150680,308339
2021,150690,6796
2021,150700,32346
2021,150710,18207
2021,150715,25945
2021,150720,32285
2021,150730,135732
2021,150740,15978
2021,150745,24566
2021,150746,6294
2021,150747,23440
2021,150750,14105
2021,150760,60268
2021,150770,27302
2021,150775,6088
2021,150780,11305
2021,150790,25752
2021,150795,111554
2021,150796,11971
2021,150797,19063
2021,150800,64604
2021,150803,31549
2021,150805,19344
2021,150808,40661
2021,150810,116605
2021,150812,62286
2021,150815,45395
2021,150820,54650
2021,150830,62093
2021,150835,15421
2021,150840,45416
2021,160005,5577
2021,160010,9265
2021,160015,17625
2021,160020,11493
2021,160021,6217
2021,160023,8151
2021,160025,5730
2021,160027,52302
2021,160030,522357
2021,160040,22468
2021,160050,28534
2021,160053,22927
2021,160055,5370
2021,160060,124808
2021,160070,18217
2021,160080,16572
2021,170025,2609
2021,170030,7049
2021,170035,5303
2021,170040,6905
2021,170070,8381
2021,170100,9435
2021,170105,3475
2021,170110,4901
2021,170130,5705
2021,170190,7223
2021,170200,8418
2021,170210,186245
2021,170215,5856
2021,170220,36573
2021,170230,6590
2021,170240,10502
2021,170255,18870
2021,170270,3809
2021,170290,9817
2021,170300,10668
2021,170305,3631
2021,170307,4673
2021,170310,5669
2021,170320,4439
2021,170330,5120
2021,170360,2221
2021,170370,5540
2021,170380,11644
2021,170382,2293
2021,170384,10505
2021,170386,4499
2021,170388,2627
2021,170389,4165
2021,170390,5514
2021,170410,2966
2021,170460,1415
2021,170510,3330
2021,170550,36271
2021,170555,4870
2021,170560,4070
2021,170600,5690
2021,170610,7268
2021,170625,1749
2021,170650,6250
2021,170700,22704
2021,170710,6986
2021,170720,7173
2021,170730,4686
2021,170740,11280
2021,170755,3824
2021,170765,5222
2021,170770,8892
2021,170820,18358
2021,170825,2615
2021,170830,5136
2021,170900,13169
2021,170930,26403
2021,170950,88428
2021,170980,2088
2021,171050,7471
2021,171070,5801
2021,171090,3814
2021,171110,2412
2021,171150,3906
2021,171180,2174
2021,171190,13989
2021,171195,4470
2021,171200,3199
2021,171215,1984
2021,171240,3727
2021,171245,3200
2021,171250,5332
2021,171270,2773
2021,171280,3470
2021,171320,17628
2021,171330,13551
2021,171360,8182
2021,171370,2311
2021,171380,6830
2021,171395,3623
2021,171420,9256
2021,171430,3772
2021,171488,12014
2021,171500,4348
2021,171510,4450
2021,171515,2332
2021,171525,2768
2021,171550,1124
2021,171570,6234
2021,171575,7694
2021,171610,52521
2021,171620,10426
2021,171630,4885
2021,171650,13964
2021,171660,11996
2021,171665,5546
2021,171670,8078
2021,171700,4414
2021,171720,3038
2021,171750,7830
2021,171780,4586
2021,171790,8192
2021,171800,3200
2021,171820,53618
2021,171830,8563
2021,171840,3668
2021,171845,2746
2021,171850,4389
2021,171855,4723
2021,171865,2211
2021,171870,2879
2021,171875,6498
2021,171880,4876
2021,171884,3371
2021,171886,7678
2021,171888,3537
2021,171889,2407
2021,171890,4864
2021,171900,2928
2021,172000,2530
2021,172010,5457
2021,172015,1610
2021,172020,12445
2021,172025,3106
2021,172030,4898
2021,172049,3848
2021,172065,5452
2021,172080,8965
2021,172085,2007
2021,172090,16966
2021,172093,2183
2021,172097,2831
2021,172100,313349
2021,172110,7688
2021,172120,22820
2021,172125,1952
2021,172130,2785
2021,172208,11783
2021,172210,11500
2021,210005,113783
2021,210010,6631
2021,210015,12731
2021,210020,22126
2021,210030,26979
2021,210040,8250
2021,210043,28066
2021,210047,31967
2021,210050,11233
2021,210055,7047
2021,210060,42017
2021,210070,27170
2021,210080,16054
2021,210083,17582
2021,210087,15675
2021,210090,47095
2021,210095,32825
2021,210100,30014
2021,210110,12234
2021,210120,105094
2021,210125,17446
2021,210130,18726
2021,210135,5696
2021,210140,96951
2021,210150,19026
2021,210160,88895
2021,210170,63891
2021,210173,7586
2021,210177,11347
2021,210180,5643
2021,210190,21317
2021,210193,6102
2021,210197,8494
2021,210200,42010
2021,210203,35095
2021,210207,16578
2021,210210,36900
2021,210215,8841
2021,210220,28916
2021,210230,23993
2021,210232,73595
2021,210235,15503
2021,210237,9524
2021,210240,11255
2021,210250,19521
2021,210255,14530
2021,210260,20376
2021,210270,22236
2021,210275,10937
2021,210280,24151
2021,210290,24095
2021,210300,166159
2021,210310,10711
2021,210312,8806
2021,210315,13876
2021,210317,22056
2021,210320,80705
2021,210325,14855
2021,210330,123368
2021,210340,49804
2021,210350,41443
2021,210355,16559
2021,210360,65788
2021,210370,32559
2021,210375,12923
2021,210380,23393
2021,210390,11451
2021,210400,16971
2021,210405,43097
2021,210407,8506
2021,210408,10559
2021,210409,19425
2021,210410,12662
2021,210420,17812
2021,210430,12104
2021,210440,17953
2021,210450,10931
2021,210455,18740
2021,210460,14703
2021,210462,7878
2021,210465,10121
2021,210467,25502
2021,210470,6261
2021,210480,70692
2021,210490,11966
2021,210500,29143
2021,210510,27423
2021,210515,14470
2021,210520,11453
2021,210530,259980
2021,210535,16158
2021,210540,69233
2021,210542,26134
2021,210545,10464
2021,210547,17123
2021,210550,23677
2021,210560,16228
2021,210565,4334
2021,210570,50959
2021,210580,10900
2021,210590,16369
2021,210592,11280
2021,210594,8841
2021,210596,11534
2021,210598,7653
2021,210600,11943
2021,210610,12271
2021,210620,7016
2021,210630,20228
2021,210632,21773
2021,210635,7757
2021,210637,16754
2021,210640,17122
2021,210650,23591
2021,210660,34099
2021,210663,17316
2021,210667,8502
2021,210670,21045
2021,210675,29121
2021,210680,15059
2021,210690,33888
2021,210700,9064
2021,210710,19708
2021,210720,14826
2021,210725,5469
2021,210730,4682
2021,210735,21228
2021,210740,19616
2021,210745,14968
2021,210750,125265
2021,210760,19840
2021,210770,21571
2021,210780,35108
2021,210790,19253
2021,210800,19693
2021,210805,16295
2021,210810,21092
2021,210820,39153
2021,210825,25560
2021,210830,38987
2021,210840,14371
2021,210845,23530
2021,210850,33186
2021,210860,84160
2021,210870,21274
2021,210880,18814
2021,210890,17321
2021,210900,24294
2021,210905,5936
2021,210910,48264
2021,210920,12939
2021,210923,7124
2021,210927,19217
2021,210930,11328
2021,210940,15545
2021,210945,31586
2021,210950,20288
2021,210955,7859
2021,210960,43243
2021,210970,5686
2021,210975,7878
2021,210980,42829
2021,210990,89927
2021,211000,73105
2021,211003,25487
2021,211010,25884
2021,211020,38732
2021,211023,13704
2021,211027,16219
2021,211030,14516
2021,211040,18769
2021,211050,45989
2021,211060,28825
2021,211065,7448
2021,211070,34391
2021,211080,4540
2021,211085,12082
2021,211090,12226
2021,211100,20736
2021,211102,15768
2021,211105,11207
2021,211107,18746
2021,211110,26063
2021,211120,180345
2021,211125,7639
2021,211130,1115932
2021,211140,18600
2021,211150,41750
2021,211153,12779
2021,211157,4700
2021,211160,19090
2021,211163,5028
2021,211167,6856
2021,211170,22452
2021,211172,14274
2021,211174,11285
2021,211176,13981
2021,211178,10343
2021,211180,18237
2021,211190,10631
2021,211195,5692
2021,211200,8642
2021,211210,29241
2021,211220,171317
2021,211223,22223
2021,211227,5868
2021,211230,42242
2021,211240,35811
2021,211245,26112
2021,211250,59927
2021,211260,33791
2021,211270,57813
2021,211280,52852
2021,211285,13800
2021,211290,32956
2021,211300,31520
2021,211400,52190
2021,220005,7119
2021,220010,5123
2021,220020,17525
2021,220025,7678
2021,220027,4921
2021,220030,14371
2021,220040,40681
2021,220045,5469
2021,220050,17609
2021,220060,6779
2021,220070,9994
2021,220080,3175
2021,220090,5819
2021,220095,2551
2021,220100,4713
2021,220105,7879
2021,220110,11361
2021,220115,11751
2021,220117,3953
2021,220120,47298
2021,220130,3356
2021,220140,7022
2021,220150,26951
2021,220155,4044
2021,220157,3607
2021,220160,10479
2021,220170,5512
2021,220173,6214
2021,220177,6848
2021,220180,4509
2021,220190,25584
2021,220191,5670
2021,220192,5700
2021,220194,6443
2021,220196,8364
2021,220198,3824
2021,220200,19832
2021,220202,8282
2021,220205,10671
2021,220207,3586
2021,220208,7704
2021,220209,5786
2021,220210,5628
2021,220211,5093
2021,220213,5987
2021,220217,7342
2021,220220,46950
2021,220225,3938
2021,220230,21326
2021,220240,11471
2021,220245,4127
2021,220250,11009
2021,220253,5910
2021,220255,5102
2021,220260,19716
2021,220265,5477
2021,220270,27901
2021,220271,4908
2021,220272,6180
2021,220273,4044
2021,220275,6545
2021,220277,7665
2021,220280,4811
2021,220285,4688
2021,220290,26771
2021,220300,8350
2021,220310,10464
2021,220320,11461
2021,220323,4982
2021,220325,4475
2021,220327,5390
2021,220330,13862
2021,220335,7046
2021,220340,6940
2021,220342,4352
2021,220345,9574
2021,220350,14550
2021,220360,4943
2021,220370,39953
2021,220375,5330
2021,220380,4461
2021,220385,2561
2021,220390,60111
2021,220400,5345
2021,220410,4300
2021,220415,3216
2021,220420,9423
2021,220430,11690
2021,220435,5477
2021,220440,10698
2021,220450,10496
2021,220455,4573
2021,220460,3880
2021,220465,9487
2021,220470,15330
2021,220480,9863
2021,220490,8582
2021,220500,11571
2021,220510,11037
2021,220515,5718
2021,220520,19233
2021,220525,4522
2021,220527,4885
2021,220530,4443
2021,220535,3003
2021,220540,14396
2021,220545,5488
2021,220550,39457
2021,220551,5491
2021,220552,5653
2021,220553,4790
2021,220554,2870
2021,220555,8610
2021,220556,4658
2021,220557,6795
2021,220558,4086
2021,220559,5219
2021,220560,5272
2021,220570,30558
2021,220580,25521
2021,220585,8372
2021,220590,5352
2021,220595,8590
2021,220600,4546
2021,220605,6456
2021,220610,10979
2021,220620,33901
2021,220630,1239
2021,220635,6603
2021,220640,10563
2021,220650,7785
2021,220660,10618
2021,220665,4527
2021,220667,6825
2021,220669,9258
2021,220670,7307
2021,220672,8632
2021,220675,4911
2021,220680,8751
2021,220690,6548
2021,220695,3014
2021,220700,37138
2021,220710,2477
2021,220720,6879
2021,220730,4124
2021,220735,3416
2021,220740,5029
2021,220750,14633
2021,220755,3931
2021,220760,10846
2021,220770,153863
2021,220775,4331
2021,220777,6420
2021,220779,4084
2021,220780,20583
2021,220785,3662
2021,220790,38812
2021,220793,2551
2021,220795,4392
2021,220800,78627
2021,220810,12150
2021,220820,18492
2021,220830,28952
2021,220840,63829
2021,220850,12646
2021,220855,2728
2021,220860,3149
2021,220865,9041
2021,220870,8814
2021,220880,17979
2021,220885,4306
2021,220887,4499
2021,220890,7408
2021,220900,6434
2021,220910,6254
2021,220915,4046
2021,220920,6256
2021,220930,5903
2021,220935,4650
2021,220937,5254
2021,220940,6466
2021,220945,2172
2021,220950,3809
2021,220955,4454
2021,220960,2923
2021,220965,5801
2021,220970,6417
2021,220975,3071
2021,220980,5044
2021,220985,4619
2021,220987,6084
2021,220990,6106
2021,220995,4856
2021,220997,8085
2021,221000,20720
2021,221005,5361
2021,221010,3737
2021,221020,6696
2021,221030,6379
2021,221035,4581
2021,221037,2648
2021,221038,2456
2021,221039,3037
2021,221040,17617
2021,221050,14356
2021,221060,35035
2021,221062,3434
2021,221063,4311
2021,221065,10074
2021,221070,14664
2021,221080,12778
2021,221090,4557
2021,221093,6801
2021,221095,2939
2021,221097,2781
2021,221100,871126
2021,221110,44649
2021,221120,21746
2021,221130,20940
2021,221135,4930
2021,221140,4382
2021,221150,3082
2021,221160,2935
2021,221170,4479
2021,230010,11965
2021,230015,15140
2021,230020,63556
2021,230030,54687
2021,230040,17584
2021,230050,11846
2021,230060,7712
2021,230070,16077
2021,230075,44195
2021,230080,7402
2021,230090,14742
2021,230100,81581
2021,230110,75392
2021,230120,26600
2021,230125,10983
2021,230130,21707
2021,230140,11759
2021,230150,7848
2021,230160,23537
2021,230170,24567
2021,230180,6318
2021,230185,18313
2021,230190,61662
2021,230195,22715
2021,230200,22834
2021,230205,15069
2021,230210,36127
2021,230220,54315
2021,230230,32851
2021,230240,54680
2021,230250,50195
2021,230260,64147
2021,230270,27513
2021,230280,77484
2021,230290,17830
2021,230300,23011
2021,230310,18470
2021,230320,27008
2021,230330,18700
2021,230340,17763
2021,230350,72706
2021,230360,21041
2021,230365,10410
2021,230370,368918
2021,230380,25612
2021,230390,13112
2021,230393,13608
2021,230395,20286
2021,230400,23340
2021,230410,75241
2021,230420,133913
2021,230423,18201
2021,230425,25121
2021,230426,9698
2021,230427,7254
2021,230428,55035
2021,230430,19330
2021,230435,24680
2021,230440,2703391
2021,230445,16776
2021,230450,14195
2021,230460,7767
2021,230465,14415
2021,230470,55170
2021,230480,4784
2021,230490,11219
2021,230495,26508
2021,230500,40921
2021,230510,5073
2021,230520,20126
2021,230523,69688
2021,230526,13385
2021,230530,25165
2021,230533,12730
2021,230535,20183
2021,230540,68303
2021,230550,103633
2021,230560,26196
2021,230565,11597
2021,230570,12507
2021,230580,42148
2021,230590,38064
2021,230600,14351
2021,230610,24450
2021,230620,7904
2021,230625,38661
2021,230630,53448
2021,230640,131687
2021,230650,20653
2021,230655,42595
2021,230660,22018
2021,230670,18133
2021,230680,11580
2021,230690,34592
2021,230700,33960
2021,230710,27187
2021,230720,8150
2021,230725,20351
2021,230730,278264
2021,230740,24949
2021,230750,31476
2021,230760,60232
2021,230763,20031
2021,230765,230986
2021,230770,131677
2021,230780,27822
2021,230790,11407
2021,230800,39341
2021,230810,48370
2021,230820,15309
2021,230830,27413
2021,230835,13129
2021,230837,13965
2021,230840,35566
2021,230850,43917
2021,230860,17264
2021,230870,61590
2021,230880,8833
2021,230890,22830
2021,230900,14561
2021,230910,11056
2021,230920,15798
2021,230930,32487
2021,230940,28737
2021,230945,25958
2021,230950,21342
2021,230960,74145
2021,230970,85647
2021,230980,12313
2021,230990,6565
2021,231000,9458
2021,231010,13553
2021,231020,35526
2021,231025,33232
2021,231030,31391
2021,231040,12276
2021,231050,43359
2021,231060,9207
2021,231070,38045
2021,231080,16356
2021,231085,20964
2021,231090,17210
2021,231095,11052
2021,231100,12358
2021,231110,14920
2021,231120,11165
2021,231123,6455
2021,231126,21246
2021,231130,88899
2021,231135,16116
2021,231140,82455
2021,231150,22432
2021,231160,29238
2021,231170,18279
2021,231180,79550
2021,231190,15757
2021,231195,16714
2021,231200,32851
2021,231210,17726
2021,231220,43719
2021,231230,48354
2021,231240,49306
2021,231250,7557
2021,231260,13086
2021,231270,25418
2021,231280,7758
2021,231290,212437
2021,231300,18389
2021,231310,32079
2021,231320,26199
2021,231325,8555
2021,231330,59259
2021,231335,19551
2021,231340,77111
2021,231350,56653
2021,231355,16588
2021,231360,35295
2021,231370,7740
2021,231375,19976
2021,231380,22223
2021,231390,13988
2021,231395,18520
2021,231400,41078
2021,231410,61916
2021,240010,11106
2021,240020,58743
2021,240030,11024
2021,240040,3293
2021,240050,13529
2021,240060,4685
2021,240070,14923
2021,240080,11695
2021,240090,7162
2021,240100,35904
2021,240110,28156
2021,240120,14526
2021,240130,9686
2021,240140,9373
2021,240145,29112
2021,240150,3989
2021,240160,5552
2021,240165,2171
2021,240170,10323
2021,240180,12873
2021,240185,6572
2021,240190,3745
2021,240200,68726
2021,240210,11363
2021,240220,34814
2021,240230,20588
2021,240240,8297
2021,240250,10972
2021,240260,74268
2021,240270,11182
2021,240280,5501
2021,240290,4918
2021,240300,7968
2021,240310,45022
2021,240320,7068
2021,240325,272490
2021,240330,5697
2021,240340,6064
2021,240350,10463
2021,240360,29282
2021,240370,6009
2021,240375,3081
2021,240380,9772
2021,240390,2801
2021,240400,4015
2021,240410,2903
2021,240420,27004
2021,240430,13115
2021,240440,10541
2021,240450,16261
2021,240460,14033
2021,240470,15759
2021,240480,2264
2021,240485,7641
2021,240490,5916
2021,240500,9341
2021,240510,6907
2021,240520,5228
2021,240530,10367
2021,240540,4935
2021,240550,2600
2021,240560,15044
2021,240570,12397
2021,240580,35360
2021,240590,2653
2021,240600,5941
2021,240610,18335
2021,240615,3945
2021,240620,6851
2021,240630,7624
2021,240640,2732
2021,240650,15880
2021,240660,8348
2021,240670,11410
2021,240680,4768
2021,240690,4053
2021,240700,10175
2021,240710,82828
2021,240720,32260
2021,240725,4102
2021,240730,8325
2021,240740,8790
2021,240750,12714
2021,240760,4665
2021,240770,11166
2021,240780,22698
2021,240790,2063
2021,240800,303792
2021,240810,896708
2021,240820,28266
2021,240830,37554
2021,240840,4231
2021,240850,4813
2021,240860,4298
2021,240870,3732
2021,240880,5307
2021,240890,21611
2021,240895,10961
2021,240910,13667
2021,240920,3114
2021,240930,12861
2021,240933,5689
2021,240940,30802
2021,240950,3163
2021,240960,2419
2021,240970,6591
2021,240980,14881
2021,240990,15411
2021,241000,3900
2021,241010,15646
2021,241020,7944
2021,241025,6605
2021,241030,10646
2021,241040,9825
2021,241050,5158
2021,241060,3214
2021,241070,3648
2021,241080,4194
2021,241090,8310
2021,241100,4457
2021,241105,4173
2021,241110,3584
2021,241120,40295
2021,241140,11808
2021,241142,2699
2021,241150,24422
2021,241160,2687
2021,241170,4541
2021,241180,3606
2021,241190,4281
2021,241200,104919
2021,241210,6221
2021,241220,44566
2021,241230,12901
2021,241240,4696
2021,241250,23789
2021,241255,10441
2021,241260,17858
2021,241270,5889
2021,241280,8183
2021,241290,11051
2021,241300,6476
2021,241310,6167
2021,241320,4527
2021,241330,5739
2021,241335,12225
2021,241340,8105
2021,241350,6128
2021,241355,4832
2021,241360,1743
2021,241370,5600
2021,241380,2606
2021,241390,12314
2021,241400,16008
2021,241410,10923
2021,241415,6085
2021,241420,14694
2021,241430,2427
2021,241440,33716
2021,241445,3195
2021,241450,10485
2021,241460,14937
2021,241470,5529
2021,241475,4232
2021,241480,12789
2021,241490,1731
2021,241500,3217
2021,250010,10375
2021,250020,5622
2021,250030,28384
2021,250040,20992
2021,250050,14629
2021,250053,5527
2021,250057,2588
2021,250060,19865
2021,250070,18020
2021,250073,2264
2021,250077,8482
2021,250080,16857
2021,250090,13613
2021,250100,20610
2021,250110,22493
2021,250115,2105
2021,250120,7054
2021,250130,19081
2021,250135,4067
2021,250140,9197
2021,250150,21220
2021,250153,5033
2021,250157,8338
2021,250160,15607
2021,250170,6095
2021,250180,97519
2021,250190,17733
2021,250200,7356
2021,250205,3571
2021,250210,5248
2021,250215,7218
2021,250220,2588
2021,250230,4937
2021,250240,12126
2021,250250,17934
2021,250260,6092
2021,250270,5311
2021,250280,14287
2021,250290,6479
2021,250300,22079
2021,250310,5710
2021,250320,69773
2021,250330,10364
2021,250340,3708
2021,250350,17169
2021,250355,7225
2021,250360,7182
2021,250370,62576
2021,250375,3217
2021,250380,6077
2021,250390,6048
2021,250400,413830
2021,250403,6715
2021,250407,4206
2021,250410,2714
2021,250415,7530
2021,250420,4938
2021,250430,30819
2021,250435,4898
2021,250440,19030
2021,250450,6662
2021,250460,25341
2021,250470,4787
2021,250480,15438
2021,250485,1948
2021,250490,17599
2021,250500,7866
2021,250510,20331
2021,250520,6748
2021,250523,6360
2021,250527,5209
2021,250530,2508
2021,250535,5409
2021,250540,8332
2021,250550,3850
2021,250560,6506
2021,250570,10375
2021,250580,3569
2021,250590,3556
2021,250600,33386
2021,250610,11180
2021,250620,2989
2021,250625,8292
2021,250630,59389
2021,250640,14125
2021,250650,3477
2021,250660,5877
2021,250670,11877
2021,250680,18184
2021,250690,24363
2021,250700,24960
2021,250710,18978
2021,250720,11069
2021,250730,14467
2021,250740,7751
2021,250750,825796
2021,250760,8014
2021,250770,18422
2021,250780,7238
2021,250790,10830
2021,250800,9831
2021,250810,4640
2021,250820,7754
2021,250830,27728
2021,250840,2698
2021,250850,7274
2021,250855,4406
2021,250860,13344
2021,250870,3988
2021,250880,5745
2021,250890,45385
2021,250900,10988
2021,250905,8746
2021,250910,21895
2021,250915,6689
2021,250920,14077
2021,250930,8642
2021,250933,4528
2021,250937,2944
2021,250939,6690
2021,250940,13238
2021,250950,5806
2021,250960,4867
2021,250970,33638
2021,250980,9962
2021,250990,10449
2021,251000,7271
2021,251010,10614
2021,251020,5892
2021,251030,5011
2021,251040,6399
2021,251050,3989
2021,251060,3052
2021,251065,1747
2021,251070,2453
2021,251080,108766
2021,251090,12411
2021,251100,3802
2021,251110,7954
2021,251120,28607
2021,251130,16147
2021,251140,18737
2021,251150,12036
2021,251160,6518
2021,251170,4937
2021,251180,10590
2021,251190,19478
2021,251200,18848
2021,251203,3877
2021,251207,4366
2021,251210,32803
2021,251220,4265
2021,251230,23749
2021,251240,13801
2021,251250,44388
2021,251260,2009
2021,251270,19973
2021,251272,6139
2021,251274,3650
2021,251275,4562
2021,251276,4571
2021,251278,1999
2021,251280,8555
2021,251290,24258
2021,251300,3975
2021,251310,12123
2021,251315,6526
2021,251320,6579
2021,251330,5853
2021,251335,3591
2021,251340,15470
2021,251350,5098
2021,251360,6942
2021,251365,2640
2021,251370,138093
2021,251380,4550
2021,251385,2496
2021,251390,34650
2021,251392,4602
2021,251394,2645
2021,251396,3119
2021,251398,3377
2021,251400,4170
2021,251410,4408
2021,251420,7622
2021,251430,6394
2021,251440,4631
2021,251445,6037
2021,251450,20406
2021,251455,3898
2021,251460,3619
2021,251465,1821
2021,251470,4153
2021,251480,3607
2021,251490,7682
2021,251500,7450
2021,251510,11793
2021,251520,3534
2021,251530,52977
2021,251540,10919
2021,251550,13807
2021,251560,3114
2021,251570,2921
2021,251580,7001
2021,251590,6037
2021,251593,5152
2021,251597,7845
2021,251600,26051
2021,251610,15211
2021,251615,3631
2021,251620,69997
2021,251630,17096
2021,251640,11024
2021,251650,15505
2021,251660,14791
2021,251670,15333
2021,251675,3103
2021,251680,9473
2021,251690,15356
2021,251700,9914
2021,251710,2870
2021,251720,5395
2021,251740,2269
2021,260005,100698
2021,260010,37546
2021,260020,19981
2021,260030,25240
2021,260040,37386
2021,260050,43923
2021,260060,14798
2021,260070,38408
2021,260080,22996
2021,260090,22910
2021,260100,11301
2021,260105,20936
2021,260110,85301
2021,260120,75295
2021,260130,14632
2021,260140,42866
2021,260150,12169
2021,260160,20730
2021,260170,76930
2021,260180,12811
2021,260190,60960
2021,260200,38605
2021,260210,48975
2021,260220,40038
2021,260230,38101
2021,260240,8981
2021,260250,7489
2021,260260,51696
2021,260270,13224
2021,260280,59448
2021,260290,210796
2021,260300,34778
2021,260310,20618
2021,260320,29065
2021,260330,10983
2021,260340,5744
2021,260345,159945
2021,260350,19032
2021,260360,8592
2021,260370,24743
2021,260380,20048
2021,260390,19666
2021,260392,13117
2021,260400,85131
2021,260410,369343
2021,260415,14395
2021,260420,43778
2021,260430,11972
2021,260440,13641
2021,260450,21929
2021,260460,26755
2021,260470,18327
2021,260480,12543
2021,260490,9494
2021,260500,24237
2021,260510,37633
2021,260515,19246
2021,260520,69701
2021,260530,31709
2021,260540,22360
2021,260545,3140
2021,260550,12216
2021,260560,22612
2021,260570,33488
2021,260580,15633
2021,260590,31578
2021,260600,141347
2021,260610,30847
2021,260620,80345
2021,260630,7586
2021,260640,85309
2021,260650,19284
2021,260660,29585
2021,260670,7773
2021,260680,119690
2021,260690,12265
2021,260700,24034
2021,260710,4537
2021,260720,99101
2021,260730,31515
2021,260740,5013
2021,260750,26268
2021,260760,27076
2021,260765,36495
2021,260770,13492
2021,260775,27144
2021,260780,17056
2021,260790,711330
2021,260795,11632
2021,260800,17305
2021,260805,14904
2021,260810,33570
2021,260820,15999
2021,260825,11545
2021,260830,15007
2021,260840,15483
2021,260845,18429
2021,260850,21490
2021,260860,13300
2021,260870,16345
2021,260875,26090
2021,260880,40883
2021,260890,56149
2021,260900,25565
2021,260910,16549
2021,260915,22110
2021,260920,11098
2021,260930,15548
2021,260940,63792
2021,260950,32673
2021,260960,393734
2021,260970,23985
2021,260980,15309
2021,260990,70466
2021,261000,63745
2021,261010,7509
2021,261020,26438
2021,261030,11608
2021,261040,22198
2021,261050,28856
2021,261060,57346
2021,261070,336919
2021,261080,22716
2021,261090,68067
2021,261100,37246
2021,261110,359372
2021,261120,11308
2021,261130,27204
2021,261140,15231
2021,261150,26309
2021,261153,6796
2021,261160,1661017
2021,261170,20744
2021,261180,47813
2021,261190,23719
2021,261200,9600
2021,261210,11214
2021,261220,61561
2021,261230,15880
2021,261240,27308
2021,261245,15713
2021,261247,12708
2021,261250,111812
2021,261255,14645
2021,261260,42266
2021,261270,14308
2021,261280,11914
2021,261290,16239
2021,261300,60567
2021,261310,37488
2021,261320,23002
2021,261330,21439
2021,261340,21868
2021,261350,34082
2021,261360,34210
2021,261370,114910
2021,261380,18150
2021,261390,87467
2021,261400,19226
2021,261410,36189
2021,261420,46845
2021,261430,11269
2021,261440,6034
2021,261450,66192
2021,261460,28860
2021,261470,12843
2021,261480,26439
2021,261485,23852
2021,261500,29472
2021,261510,7227
2021,261520,10314
2021,261530,52587
2021,261540,47088
2021,261550,13856
2021,261560,31103
2021,261570,15232
2021,261580,27793
2021,261590,8266
2021,261600,18835
2021,261610,9572
2021,261618,7526
2021,261620,21172
2021,261630,32897
2021,261640,140389
2021,261650,14789
2021,270010,20263
2021,270020,17507
2021,270030,234309
2021,270040,47540
2021,270050,16201
2021,270060,8434
2021,270070,18440
2021,270080,4226
2021,270090,6717
2021,270100,27429
2021,270110,10426
2021,270120,10920
2021,270130,21397
2021,270135,6972
2021,270140,57997
2021,270150,9576
2021,270160,17715
2021,270170,16907
2021,270180,9568
2021,270190,7311
2021,270200,10594
2021,270210,21935
2021,270220,5882
2021,270230,57647
2021,270235,24396
2021,270240,52501
2021,270250,11059
2021,270255,18304
2021,270260,22192
2021,270270,4803
2021,270280,12823
2021,270290,41549
2021,270300,15637
2021,270310,25596
2021,270320,24670
2021,270330,18398
2021,270340,5185
2021,270350,6992
2021,270360,8444
2021,270370,5751
2021,270375,11495
2021,270380,24167
2021,270390,4119
2021,270400,24716
2021,270410,17692
2021,270420,28904
2021,270430,1031597
2021,270440,19923
2021,270450,33351
2021,270460,8850
2021,270470,52848
2021,270480,13123
2021,270490,3474
2021,270500,25200
2021,270510,24627
2021,270520,18201
2021,270530,5315
2021,270540,7171
2021,270550,28428
2021,270560,12837
2021,270570,21690
2021,270580,9507
2021,270590,5133
2021,270600,11681
2021,270610,11573
2021,270620,5061
2021,270630,73452
2021,270640,24307
2021,270642,10546
2021,270644,13484
2021,270650,15270
2021,270660,7556
2021,270670,64005
2021,270680,17868
2021,270690,35310
2021,270700,2903
2021,270710,25324
2021,270720,14447
2021,270730,27331
2021,270740,7618
2021,270750,20158
2021,270760,11202
2021,270770,75662
2021,270780,6634
2021,270790,7344
2021,270800,47910
2021,270810,10637
2021,270820,6977
2021,270830,24064
2021,270840,32462
2021,270850,34825
2021,270860,62328
2021,270870,8073
2021,270880,34424
2021,270890,14042
2021,270895,13893
2021,270900,6115
2021,270910,20162
2021,270915,44570
2021,270920,27934
2021,270930,65963
2021,270940,25655
2021,280010,2386
2021,280020,21796
2021,280030,672614
2021,280040,9840
2021,280050,18825
2021,280060,31439
2021,280067,26980
2021,280070,8396
2021,280100,18325
2021,280110,4003
2021,280120,30894
2021,280130,34808
2021,280140,22393
2021,280150,17232
2021,280160,5929
2021,280170,18181
2021,280190,4008
2021,280200,5290
2021,280210,69919
2021,280220,5617
2021,280230,15688
2021,280240,11599
2021,280250,3421
2021,280260,5831
2021,280270,8522
2021,280280,18337
2021,280290,96839
2021,280300,42399
2021,280310,4869
2021,280320,35054
2021,280330,19067
2021,280340,13422
2021,280350,106015
2021,280360,30327
2021,280370,7002
2021,280380,3715
2021,280390,12689
2021,280400,17328
2021,280410,11361
2021,280420,15315
2021,280430,7653
2021,280440,18688
2021,280445,8822
2021,280450,37715
2021,280460,26957
2021,280470,6509
2021,280480,187733
2021,280490,14650
2021,280500,3309
2021,280510,9727
2021,280520,6678
2021,280530,9436
2021,280540,35461
2021,280550,24003
2021,280560,28788
2021,280570,29756
2021,280580,19813
2021,280590,10354
2021,280600,18891
2021,280610,11158
2021,280620,20051
2021,280630,14205
2021,280640,7906
2021,280650,3933
2021,280660,12200
2021,280670,92090
2021,280680,11276
2021,280690,3837
2021,280700,3964
2021,280710,40724
2021,280720,9046
2021,280730,3271
2021,280740,52861
2021,280750,13534
2021,280760,25800
2021,290010,8681
2021,290020,20594
2021,290030,15214
2021,290035,17209
2021,290040,17096
2021,290050,10513
2021,290060,4387
2021,290070,153023
2021,290080,22509
2021,290090,5273
2021,290100,37631
2021,290110,24997
2021,290115,16086
2021,290120,21229
2021,290130,13122
2021,290135,14416
2021,290140,13902
2021,290150,11369
2021,290160,19659
2021,290170,11670
2021,290180,11955
2021,290190,17840
2021,290195,7274
2021,290200,12960
2021,290205,12237
2021,290210,54903
2021,290220,11519
2021,290225,10904
2021,290230,8848
2021,290240,11079
2021,290250,13979
2021,290260,20431
2021,290265,13251
2021,290270,54225
2021,290280,20198
2021,290290,30831
2021,290300,13128
2021,290310,5515
2021,290320,158432
2021,290323,15171
2021,290327,16225
2021,290330,5312
2021,290340,23540
2021,290350,17013
2021,290360,15989
2021,290370,12039
2021,290380,18491
2021,290390,70151
2021,290395,9768
2021,290400,14518
2021,290405,16999
2021,290410,21486
2021,290420,10050
2021,290430,14155
2021,290440,10675
2021,290450,10705
2021,290460,67468
2021,290470,18269
2021,290475,21374
2021,290480,6232
2021,290485,19010
2021,290490,33659
2021,290500,23407
2021,290510,8912
2021,290515,14671
2021,290520,51184
2021,290530,18585
2021,290540,18666
2021,290550,13452
2021,290560,32023
2021,290570,309208
2021,290580,35444
2021,290590,28839
2021,290600,71754
2021,290610,9694
2021,290620,26468
2021,290630,30722
2021,290640,8109
2021,290650,87820
2021,290660,14415
2021,290670,24921
2021,290680,34929
2021,290682,16832
2021,290685,11597
2021,290687,31055
2021,290689,8659
2021,290690,22166
2021,290700,9395
2021,290710,29118
2021,290720,73092
2021,290730,26369
2021,290740,3619
2021,290750,55222
2021,290755,9303
2021,290760,17293
2021,290770,11221
2021,290780,32636
2021,290790,17402
2021,290800,16128
2021,290810,18835
2021,290820,22933
2021,290830,17087
2021,290840,67394
2021,290850,33631
2021,290860,26223
2021,290870,17113
2021,290880,4025
2021,290890,22391
2021,290900,8667
2021,290910,14108
2021,290920,15549
2021,290930,32243
2021,290940,13756
2021,290950,5352
2021,290960,21219
2021,290970,13981
2021,290980,63923
2021,290990,35065
2021,291000,10347
2021,291005,83705
2021,291010,12281
2021,291020,4072
2021,291030,8129
2021,291040,15914
2021,291050,42014
2021,291060,37902
2021,291070,61112
2021,291072,115360
2021,291075,17801
2021,291077,5656
2021,291080,624107
2021,291085,16314
2021,291090,5641
2021,291100,10525
2021,291110,26111
2021,291120,32778
2021,291125,4417
2021,291130,11284
2021,291140,15247
2021,291150,6852
2021,291160,20800
2021,291165,6371
2021,291170,85353
2021,291180,20565
2021,291185,12946
2021,291190,23950
2021,291200,8849
2021,291210,21083
2021,291220,19990
2021,291230,16262
2021,291240,18421
2021,291250,14989
2021,291260,4047
2021,291270,23433
2021,291280,8740
2021,291290,14476
2021,291300,16463
2021,291310,17048
2021,291320,27076
2021,291330,6232
2021,291340,15661
2021,291345,12963
2021,291350,27006
2021,291360,157639
2021,291370,40720
2021,291380,14229
2021,291390,45969
2021,291400,59281
2021,291410,9954
2021,291420,7295
2021,291430,7874
2021,291440,25728
2021,291450,29305
2021,291460,74050
2021,291465,30901
2021,291470,64795
2021,291480,214123
2021,291490,29051
2021,291500,16164
2021,291510,12140
2021,291520,14331
2021,291530,6784
2021,291535,14650
2021,291540,6515
2021,291550,20309
2021,291560,64423
2021,291570,7971
2021,291580,22474
2021,291590,6433
2021,291600,19231
2021,291610,22440
2021,291620,8300
2021,291630,10173
2021,291640,77408
2021,291650,36173
2021,291660,10284
2021,291670,8375
2021,291680,19937
2021,291685,14588
2021,291690,12482
2021,291700,36140
2021,291710,20394
2021,291720,19095
2021,291730,28870
2021,291733,11038
2021,291735,8176
2021,291740,14855
2021,291750,80749
2021,291760,54913
2021,291770,33915
2021,291780,19162
2021,291790,10742
2021,291800,156277
2021,291810,40832
2021,291820,14576
2021,291830,10470
2021,291835,25606
2021,291840,219544
2021,291845,8856
2021,291850,15241
2021,291855,5706
2021,291860,5777
2021,291870,3663
2021,291875,15870
2021,291880,24214
2021,291890,3993
2021,291900,3735
2021,291905,8591
2021,291910,8078
2021,291915,27323
2021,291920,204669
2021,291930,11586
2021,291940,12357
2021,291950,46372
2021,291955,92671
2021,291960,11318
2021,291970,19056
2021,291980,50481
2021,291990,7752
2021,291992,21754
2021,291995,2386
2021,292000,10294
2021,292010,18535
2021,292020,16875
2021,292030,8326
2021,292040,12944
2021,292045,13822
2021,292050,19973
2021,292060,44902
2021,292070,20664
2021,292080,10357
2021,292090,13619
2021,292100,47643
2021,292105,12359
2021,292110,22741
2021,292120,25771
2021,292130,10838
2021,292140,18603
2021,292145,8264
2021,292150,49145
2021,292160,8476
2021,292170,35466
2021,292180,12063
2021,292190,8725
2021,292200,42729
2021,292205,10469
2021,292210,27153
2021,292220,7464
2021,292225,11479
2021,292230,29420
2021,292240,22340
2021,292250,28661
2021,292260,14156
2021,292265,13197
2021,292270,16482
2021,292273,7830
2021,292275,6518
2021,292280,8328
2021,292285,9126
2021,292290,27047
2021,292300,44170
2021,292303,12653
2021,292305,15445
2021,292310,28373
2021,292320,21797
2021,292330,8575
2021,292335,17567
2021,292340,21840
2021,292350,9123
2021,292360,21777
2021,292370,32274
2021,292380,29124
2021,292390,9550
2021,292400,119213
2021,292405,13535
2021,292410,7438
2021,292420,16698
2021,292430,16854
2021,292440,35295
2021,292450,16308
2021,292460,20048
2021,292465,10353
2021,292467,10050
2021,292470,10253
2021,292480,25162
2021,292490,9415
2021,292500,26581
2021,292510,46885
2021,292520,40401
2021,292525,14729
2021,292530,152529
2021,292540,6623
2021,292550,28214
2021,292560,15180
2021,292570,12028
2021,292575,28272
2021,292580,25428
2021,292590,27672
2021,292593,8939
2021,292595,22643
2021,292600,41324
2021,292610,14588
2021,292620,22330
2021,292630,33498
2021,292640,35757
2021,292650,14631
2021,292660,54097
2021,292665,4896
2021,292670,12878
2021,292680,15521
2021,292690,11672
2021,292700,41209
2021,292710,9548
2021,292720,30900
2021,292730,16047
2021,292740,2900319
2021,292750,20971
2021,292760,13917
2021,292770,28058
2021,292780,6241
2021,292790,10583
2021,292800,37704
2021,292805,12308
2021,292810,39707
2021,292820,26792
2021,292830,8987
2021,292840,28613
2021,292850,10520
2021,292860,60190
2021,292870,103204
2021,292880,53666
2021,292890,34764
2021,292895,9085
2021,292900,14784
2021,292905,15543
2021,292910,21083
2021,292920,40664
2021,292925,18785
2021,292930,38315
2021,292935,5562
2021,292937,10546
2021,292940,11733
2021,292950,44554
2021,292960,17421
2021,292970,17330
2021,292975,12163
2021,292980,12971
2021,292990,44370
2021,293000,11586
2021,293010,79813
2021,293015,31362
2021,293020,41279
2021,293030,17261
2021,293040,14531
2021,293050,81693
2021,293060,13490
2021,293070,137117
2021,293075,13104
2021,293076,9431
2021,293077,23274
2021,293080,17118
2021,293090,12515
2021,293100,20383
2021,293105,17518
2021,293110,7936
2021,293120,21421
2021,293130,16939
2021,293135,164290
2021,293140,7296
2021,293150,22590
2021,293160,15097
2021,293170,13018
2021,293180,15996
2021,293190,50903
2021,293200,23991
2021,293210,19860
2021,293220,18647
2021,293230,27481
2021,293240,13894
2021,293245,19573
2021,293250,18108
2021,293260,16672
2021,293270,20312
2021,293280,19330
2021,293290,97873
2021,293300,29111
2021,293305,14135
2021,293310,9247
2021,293315,12556
2021,293317,8734
2021,293320,44185
2021,293325,6105
2021,293330,343643
2021,293340,9342
2021,293345,12125
2021,293350,20862
2021,293360,46562
2021,310010,7022
2021,310020,23263
2021,310030,13434
2021,310040,3995
2021,310050,9270
2021,310060,13319
2021,310070,1986
2021,310080,4557
2021,310090,19285
2021,310100,13656
2021,310110,25116
2021,310120,5949
2021,310130,2657
2021,310140,3015
2021,310150,35438
2021,310160,80973
2021,310163,7052
2021,310170,42380
2021,310180,7448
2021,310190,20059
2021,310200,14566
2021,310205,5938
2021,310210,10723
2021,310220,3783
2021,310230,15135
2021,310240,3605
2021,310250,4643
2021,310260,41704
2021,310270,9470
2021,310280,12189
2021,310285,8594
2021,310290,11471
2021,310300,9233
2021,310310,1577
2021,310320,2360
2021,310330,2056
2021,310340,36715
2021,310350,118361
2021,310360,2779
2021,310370,8467
2021,310375,6992
2021,310380,2836
2021,310390,9523
2021,310400,108403
2021,310410,10990
2021,310420,40658
2021,310430,15288
2021,310440,2681
2021,310445,5305
2021,310450,17850
2021,310460,14358
2021,310470,12496
2021,310480,4833
2021,310490,19249
2021,310500,7780
2021,310510,23964
2021,310520,4738
2021,310530,5808
2021,310540,33232
2021,310550,5311
2021,310560,139061
2021,310570,4905
2021,310590,20981
2021,310600,10269
2021,310610,3422
2021,310620,2530701
2021,310630,27277
2021,310640,7723
2021,310650,11813
2021,310660,4609
2021,310665,4792
2021,310670,450024
2021,310680,3282
2021,310690,14612
2021,310700,2482
2021,310710,40308
2021,310720,5088
2021,310730,50521
2021,310740,51436
2021,310750,6444
2021,310760,4270
2021,310770,6182
2021,310780,14792
2021,310790,10527
2021,310800,17612
2021,310810,6852
2021,310820,5397
2021,310825,11502
2021,310830,19809
2021,310840,14927
2021,310850,6259
2021,310855,16950
2021,310860,32460
2021,310870,4255
2021,310880,4737
2021,310890,14364
2021,310900,41208
2021,310910,10982
2021,310920,10342
2021,310925,3984
2021,310930,25179
2021,310940,28184
2021,310945,7025
2021,310950,14074
2021,310960,3580
2021,310970,11609
2021,310980,2720
2021,310990,11869
2021,311000,45364
2021,311010,5584
2021,311020,3961
2021,311030,14600
2021,311040,2839
2021,311050,21831
2021,311060,30068
2021,311070,12810
2021,311080,3739
2021,311090,16855
2021,311100,21052
2021,311110,19759
2021,311115,3830
2021,311120,54338
2021,311130,11648
2021,311140,8383
2021,311150,15661
2021,311160,28908
2021,311170,4533
2021,311180,12251
2021,311190,5585
2021,311200,14890
2021,311205,4575
2021,311210,5464
2021,311220,4616
2021,311230,38321
2021,311240,6860
2021,311250,9896
2021,311260,16294
2021,311265,5559
2021,311270,15388
2021,311280,8693
2021,311290,9318
2021,311300,23872
2021,311310,3150
2021,311320,25831
2021,311330,33022
2021,311340,93124
2021,311350,9423
2021,311360,6826
2021,311370,18516
2021,311380,2660
2021,311390,12193
2021,311400,11546
2021,311410,15031
2021,311420,22900
2021,311430,30339
2021,311440,21310
2021,311450,19756
2021,311455,10103
2021,311460,4052
2021,311470,3614
2021,311480,4445
2021,311490,2251
2021,311500,3108
2021,311510,17741
2021,311520,3939
2021,311530,75942
2021,311535,5465
2021,311540,3665
2021,311545,6206
2021,311547,4944
2021,311550,21566
2021,311560,1150
2021,311570,7059
2021,311580,10343
2021,311590,3216
2021,311600,5695
2021,311610,15334
2021,311615,14217
2021,311620,2657
2021,311630,6811
2021,311640,4873
2021,311650,7478
2021,311660,29093
2021,311670,7631
2021,311680,8810
2021,311690,3128
2021,311700,6624
2021,311710,10351
2021,311720,2814
2021,311730,28782
2021,311740,4581
2021,311750,17438
2021,311760,5558
2021,311770,13729
2021,311780,11852
2021,311783,7730
2021,311787,6867
2021,311790,12209
2021,311800,55836
2021,311810,5047
2021,311820,6997
2021,311830,130584
2021,311840,22975
2021,311850,1786
2021,311860,673849
2021,311870,9099
2021,311880,26620
2021,311890,8903
2021,311900,3546
2021,311910,23607
2021,311920,9897
2021,311930,27958
2021,311940,110709
2021,311950,9209
2021,311960,3095
2021,311970,3448
2021,311980,3168
2021,311990,3685
2021,311995,6425
2021,312000,2688
2021,312010,4436
2021,312015,6814
2021,312020,13060
2021,312030,5992
2021,312040,5161
2021,312050,10211
2021,312060,5072
2021,312070,3651
2021,312080,15529
2021,312083,5026
2021,312087,7867
2021,312090,81085
2021,312100,5431
2021,312110,8007
2021,312120,7146
2021,312125,10994
2021,312130,5044
2021,312140,7266
2021,312150,2867
2021,312160,47924
2021,312170,3779
2021,312180,7493
2021,312190,3430
2021,312200,20020
2021,312210,4969
2021,312220,7655
2021,312230,242505
2021,312235,6946
2021,312240,6039
2021,312245,11396
2021,312247,3635
2021,312250,5025
2021,312260,4436
2021,312270,5227
2021,312280,2992
2021,312290,6664
2021,312300,10291
2021,312310,5139
2021,312320,13373
2021,312330,4202
2021,312340,1539
2021,312350,1915
2021,312352,7898
2021,312360,28556
2021,312370,11268
2021,312380,7240
2021,312385,5383
2021,312390,15458
2021,312400,19019
2021,312410,72512
2021,312420,25287
2021,312430,31603
2021,312440,4728
2021,312450,11416
2021,312460,2308
2021,312470,3483
2021,312480,8057
2021,312490,11383
2021,312500,3932
2021,312510,37649
2021,312520,2374
2021,312530,3202
2021,312540,4656
2021,312550,3178
2021,312560,7548
2021,312570,15528
2021,312580,3500
2021,312590,9576
2021,312595,11100
2021,312600,7602
2021,312610,67956
2021,312620,9810
2021,312630,4460
2021,312640,2986
2021,312650,10311
2021,312660,5268
2021,312670,26459
2021,312675,5287
2021,312680,5858
2021,312690,9716
2021,312695,3496
2021,312700,18866
2021,312705,4542
2021,312707,5232
2021,312710,60508
2021,312720,4434
2021,312730,6764
2021,312733,5084
2021,312735,3177
2021,312737,3402
2021,312738,4014
2021,312740,4360
2021,312750,6184
2021,312760,11811
2021,312770,282164
2021,312780,15943
2021,312790,1386
2021,312800,34818
2021,312810,14269
2021,312820,10307
2021,312825,5005
2021,312830,19014
2021,312840,8926
2021,312850,3755
2021,312860,6558
2021,312870,52234
2021,312880,7026
2021,312890,8168
2021,312900,8296
2021,312910,5516
2021,312920,6623
2021,312930,11085
2021,312940,4999
2021,312950,25511
2021,312960,8478
2021,312965,5340
2021,312970,14128
2021,312980,184030
2021,312990,3497
2021,313000,3003
2021,313005,12200
2021,313010,44561
2021,313020,11146
2021,313030,7901
2021,313040,6667
2021,313050,12511
2021,313055,6976
2021,313060,7387
2021,313065,7328
2021,313070,7009
2021,313080,2785
2021,313090,24020
2021,313100,6352
2021,313110,7605
2021,313115,18926
2021,313120,20133
2021,313130,267333
2021,313140,4229
2021,313150,10156
2021,313160,7067
2021,313170,121717
2021,313180,11637
2021,313190,52996
2021,313200,5447
2021,313210,18175
2021,313220,13510
2021,313230,12910
2021,313240,97782
2021,313250,35130
2021,313260,4395
2021,313270,23207
2021,313280,2032
2021,313290,10122
2021,313300,15844
2021,313310,15511
2021,313320,12259
2021,313330,20997
2021,313340,15511
2021,313350,21760
2021,313360,9976
2021,313370,11354
2021,313375,16286
2021,313380,94455
2021,313390,5321
2021,313400,15053
2021,313410,6074
2021,313420,105818
2021,313430,5978
2021,313440,40101
2021,313450,3749
2021,313460,20683
2021,313470,12320
2021,313480,7695
2021,313490,26538
2021,313500,3151
2021,313505,39850
2021,313507,5453
2021,313510,72374
2021,313520,67958
2021,313530,4418
2021,313535,7991
2021,313540,4795
2021,313545,7781
2021,313550,12246
2021,313560,7407
2021,313570,5203
2021,313580,25555
2021,313590,4774
2021,313600,15476
2021,313610,4382
2021,313620,80903
2021,313630,47990
2021,313640,4757
2021,313650,10872
2021,313652,4474
2021,313655,5104
2021,313657,4911
2021,313660,5739
2021,313665,27823
2021,313670,577532
2021,313680,4359
2021,313690,10795
2021,313695,5706
2021,313700,18272
2021,313710,7588
2021,313720,53236
2021,313730,4062
2021,313740,13115
2021,313750,18168
2021,313753,9681
2021,313760,66744
2021,313770,19914
2021,313780,20995
2021,313790,3366
2021,313800,6856
2021,313810,6494
2021,313820,105756
2021,313830,3222
2021,313835,4923
2021,313840,52690
2021,313850,4994
2021,313860,16749
2021,313862,7640
2021,313865,9766
2021,313867,6249
2021,313868,6735
2021,313870,5431
2021,313880,18297
2021,313890,7112
2021,313900,42682
2021,313910,5119
2021,313920,18556
2021,313925,6565
2021,313930,18051
2021,313940,92074
2021,313950,22894
2021,313960,27651
2021,313970,8113
2021,313980,12985
2021,313990,14019
2021,314000,61830
2021,314010,4079
2021,314015,15814
2021,314020,3000
2021,314030,4030
2021,314040,2701
2021,314050,13497
2021,314053,8640
2021,314055,8700
2021,314060,4415
2021,314070,31631
2021,314080,14626
2021,314085,11360
2021,314090,19098
2021,314100,12367
2021,314110,38469
2021,314120,3733
2021,314130,3861
2021,314140,20701
2021,314150,6446
2021,314160,10775
2021,314170,5489
2021,314180,31509
2021,314190,3891
2021,314200,13651
2021,314210,10818
2021,314220,15205
2021,314225,4939
2021,314230,4948
2021,314240,7589
2021,314250,2184
2021,314260,8764
2021,314270,14621
2021,314280,21349
2021,314290,20544
2021,314300,13139
2021,314310,48049
2021,314315,4939
2021,314320,21504
2021,314330,417478
2021,314340,24247
2021,314345,8379
2021,314350,8955
2021,314360,2413
2021,314370,3126
2021,314380,5960
2021,314390,109997
2021,314400,26945
2021,314410,20522
2021,314420,3221
2021,314430,40583
2021,314435,7104
2021,314437,3306
2021,314440,4727
2021,314450,8710
2021,314460,26882
2021,314465,10355
2021,314467,3067
2021,314470,17524
2021,314480,97378
2021,314490,3548
2021,314500,16046
2021,314505,7493
2021,314510,16937
2021,314520,108241
2021,314530,31339
2021,314535,10800
2021,314537,5348
2021,314540,1694
2021,314545,6243
2021,314550,2829
2021,314560,41987
2021,314570,2128
2021,314580,3155
2021,314585,4671
2021,314587,8138
2021,314590,40220
2021,314600,33938
2021,314610,74824
2021,314620,5895
2021,314625,6466
2021,314630,20346
2021,314640,4440
2021,314650,8308
2021,314655,6098
2021,314660,1517
2021,314670,6606
2021,314675,5196
2021,314690,15922
2021,314700,94539
2021,314710,95616
2021,314720,21693
2021,314730,21353
2021,314740,24854
2021,314750,1619
2021,314760,16439
2021,314770,8031
2021,314780,2024
2021,314790,115970
2021,314795,6031
2021,314800,154641
2021,314810,92116
2021,314820,5744
2021,314830,9597
2021,314840,4794
2021,314850,8390
2021,314860,17534
2021,314870,24333
2021,314875,7157
2021,314880,2960
2021,314890,3977
2021,314900,2559
2021,314910,11098
2021,314915,12313
2021,314920,3651
2021,314930,65149
2021,314940,1804
2021,314950,3340
2021,314960,4457
2021,314970,11994
2021,314980,16469
2021,314990,21577
2021,314995,6738
2021,315000,4261
2021,315010,2719
2021,315015,8832
2021,315020,4141
2021,315030,4436
2021,315040,5034
2021,315050,8715
2021,315053,5029
2021,315057,7540
2021,315060,6386
2021,315070,6491
2021,315080,17641
2021,315090,5504
2021,315100,8683
2021,315110,10791
2021,315120,56845
2021,315130,10732
2021,315140,28433
2021,315150,35137
2021,315160,12445
2021,315170,16900
2021,315180,169838
2021,315190,8288
2021,315200,32248
2021,315210,60003
2021,315213,4305
2021,315217,12235
2021,315220,37823
2021,315230,11414
2021,315240,16675
2021,315250,154293
2021,315260,5862
2021,315270,9128
2021,315280,28173
2021,315290,8530
2021,315300,3658
2021,315310,5315
2021,315320,3572
2021,315330,3000
2021,315340,19680
2021,315350,8286
2021,315360,10931
2021,315370,3603
2021,315380,1948
2021,315390,16501
2021,315400,23663
2021,315410,10522
2021,315415,7247
2021,315420,11578
2021,315430,17396
2021,315440,4826
2021,315445,8132
2021,315450,9471
2021,315460,341415
2021,315470,4061
2021,315480,10524
2021,315490,13384
2021,315500,2630
2021,315510,5117
2021,315520,5332
2021,315530,5924
2021,315540,8964
2021,315550,12356
2021,315560,31171
2021,315570,14325
2021,315580,18007
2021,315590,5493
2021,315600,12635
2021,315610,4521
2021,315620,2335
2021,315630,8333
2021,315640,3507
2021,315645,4648
2021,315650,5609
2021,315660,10269
2021,315670,137877
2021,315680,15364
2021,315690,26556
2021,315700,41864
2021,315710,7014
2021,315720,31873
2021,315725,8212
2021,315727,3212
2021,315730,4385
2021,315733,8723
2021,315737,4074
2021,315740,4693
2021,315750,4354
2021,315760,3806
2021,315765,6406
2021,315770,14497
2021,315780,221705
2021,315790,16393
2021,315800,10867
2021,315810,5203
2021,315820,14607
2021,315830,7047
2021,315840,3909
2021,315850,7538
2021,315860,3985
2021,315870,2494
2021,315880,4847
2021,315890,8660
2021,315895,36048
2021,315900,4334
2021,315910,3753
2021,315920,8900
2021,315930,4843
2021,315935,7322
2021,315940,3380
2021,315950,5426
2021,315960,44226
2021,315970,3364
2021,315980,19997
2021,315990,18697
2021,316000,3602
2021,316010,3861
2021,316020,3763
2021,316030,11570
2021,316040,28603
2021,316045,7316
2021,316050,1756
2021,316060,3044
2021,316070,46357
2021,316080,5411
2021,316090,3770
2021,316095,5672
2021,316100,17296
2021,316105,3354
2021,316110,56625
2021,316120,6512
2021,316130,6309
2021,316140,4758
2021,316150,12751
2021,316160,3860
2021,316165,4104
2021,316170,8527
2021,316180,12776
2021,316190,11114
2021,316200,25670
2021,316210,36084
2021,316220,7541
2021,316225,4949
2021,316230,2743
2021,316240,25033
2021,316245,13232
2021,316250,90897
2021,316255,11785
2021,316257,5975
2021,316260,7393
2021,316265,4476
2021,316270,23797
2021,316280,15761
2021,316290,26530
2021,316292,32696
2021,316294,7532
2021,316295,24490
2021,316300,4291
2021,316310,5151
2021,316320,4222
2021,316330,3851
2021,316340,5356
2021,316350,6409
2021,316360,2821
2021,316370,46539
2021,316380,6949
2021,316390,4563
2021,316400,7634
2021,316410,5160
2021,316420,12713
2021,316430,7100
2021,316440,5598
2021,316443,3039
2021,316447,6697
2021,316450,9884
2021,316460,6948
2021,316470,71915
2021,316480,1478
2021,316490,2259
2021,316500,10979
2021,316510,6980
2021,316520,7151
2021,316530,7876
2021,316540,7045
2021,316550,6421
2021,316553,34050
2021,316555,12493
2021,316556,2579
2021,316557,5365
2021,316560,2001
2021,316570,7902
2021,316580,1422
2021,316590,4056
2021,316600,5786
2021,316610,3516
2021,316620,10474
2021,316630,7340
2021,316640,1857
2021,316650,4292
2021,316660,771
2021,316670,8725
2021,316680,11750
2021,316690,7667
2021,316695,4836
2021,316700,1949
2021,316710,20915
2021,316720,243950
2021,316730,2267
2021,316740,6258
2021,316750,2621
2021,316760,19834
2021,316770,5476
2021,316780,6226
2021,316790,3669
2021,316800,34653
2021,316805,3093
2021,316810,4890
2021,316820,1869
2021,316830,4120
2021,316840,14280
2021,316850,11680
2021,316860,141269
2021,316870,91268
2021,316880,8160
2021,316890,6369
2021,316900,16769
2021,316905,4117
2021,316910,6336
2021,316920,7683
2021,316930,80561
2021,316935,33062
2021,316940,57127
2021,316950,6797
2021,316960,25466
2021,316970,20280
2021,316980,5099
2021,316990,117995
2021,317000,12661
2021,317005,12514
2021,317010,340277
2021,317020,706597
2021,317030,2582
2021,317040,85461
2021,317043,4265
2021,317047,3256
2021,317050,10333
2021,317052,17470
2021,317057,6460
2021,317060,2143
2021,317065,5045
2021,317070,137608
2021,317075,7235
2021,317080,40101
2021,317090,19290
2021,317100,20692
2021,317103,9527
2021,317107,5733
2021,317110,4090
2021,317115,4852
2021,317120,131849
2021,317130,79910
2021,317140,3570
2021,317150,3157
2021,317160,13729
2021,317170,8652
2021,317180,10459
2021,317190,5303
2021,317200,43351
2021,317210,5270
2021,317220,2543
2021,320010,30326
2021,320013,9621
2021,320016,10801
2021,320020,29869
2021,320030,14670
2021,320035,7911
2021,320040,30285
2021,320050,7542
2021,320060,104942
2021,320070,12270
2021,320080,31263
2021,320090,45301
2021,320100,15146
2021,320110,9988
2021,320115,12450
2021,320120,212172
2021,320130,386495
2021,320140,37956
2021,320150,124283
2021,320160,31479
2021,320170,12887
2021,320180,4236
2021,320190,34120
2021,320200,6793
2021,320210,22748
2021,320220,22379
2021,320225,13047
2021,320230,31372
2021,320240,128504
2021,320245,26762
2021,320250,12701
2021,320255,8830
2021,320260,14083
2021,320265,13672
2021,320270,13982
2021,320280,34957
2021,320290,10433
2021,320300,29417
2021,320305,31589
2021,320310,12336
2021,320313,16774
2021,320316,10919
2021,320320,179755
2021,320330,15653
2021,320332,39259
2021,320334,17141
2021,320335,13091
2021,320340,26079
2021,320350,18954
2021,320360,5468
2021,320370,17176
2021,320380,15602
2021,320390,50751
2021,320400,23426
2021,320405,26575
2021,320410,27601
2021,320420,22388
2021,320425,8016
2021,320430,11741
2021,320435,19398
2021,320440,11630
2021,320450,12171
2021,320455,41588
2021,320460,23853
2021,320465,8735
2021,320470,39085
2021,320480,10536
2021,320490,134629
2021,320495,12602
2021,320500,536765
2021,320501,31278
2021,320503,21778
2021,320506,26204
2021,320510,80735
2021,320515,9280
2021,320517,14065
2021,320520,508655
2021,320530,369534
2021,330010,210171
2021,330015,12036
2021,330020,136109
2021,330022,12763
2021,330023,35060
2021,330025,30827
2021,330030,101139
2021,330040,185237
2021,330045,515239
2021,330050,27779
2021,330060,37306
2021,330070,234077
2021,330080,59652
2021,330090,15521
2021,330093,16859
2021,330095,8590
2021,330100,514643
2021,330110,20163
2021,330115,12818
2021,330120,19161
2021,330130,45864
2021,330140,23561
2021,330150,22152
2021,330160,11563
2021,330170,929449
2021,330180,14138
2021,330185,62225
2021,330187,29344
2021,330190,244416
2021,330200,136547
2021,330205,15387
2021,330210,23211
2021,330220,104354
2021,330225,32312
2021,330227,106296
2021,330230,7298
2021,330240,266136
2021,330245,5646
2021,330250,247741
2021,330260,45941
2021,330270,167668
2021,330280,18681
2021,330285,177016
2021,330290,25622
2021,330300,27134
2021,330310,15305
2021,330320,162893
2021,330330,516981
2021,330340,191664
2021,330350,825388
2021,330360,53093
2021,330370,44741
2021,330380,44175
2021,330385,27942
2021,330390,307144
2021,330395,25563
2021,330400,29802
2021,330410,19068
2021,330411,20254
2021,330412,14562
2021,330414,152311
2021,330415,25535
2021,330420,133244
2021,330430,60930
2021,330440,18677
2021,330450,9401
2021,330452,159529
2021,330455,6775561
2021,330460,10380
2021,330470,42705
2021,330475,42214
2021,330480,38749
2021,330490,1098357
2021,330500,36731
2021,330510,473385
2021,330513,7240
2021,330515,22032
2021,330520,107556
2021,330530,9416
2021,330540,18270
2021,330550,91938
2021,330555,83841
2021,330560,21775
2021,330570,15709
2021,330575,34898
2021,330580,185820
2021,330590,10653
2021,330600,82468
2021,330610,77202
2021,330615,11208
2021,330620,37262
2021,330630,274925
2021,350010,35153
2021,350020,3545
2021,350030,36981
2021,350040,8262
2021,350050,18908
2021,350055,6142
2021,350060,3588
2021,350070,37582
2021,350075,6231
2021,350080,4201
2021,350090,4211
2021,350100,16221
2021,350110,4078
2021,350115,18903
2021,350120,3616
2021,350130,25078
2021,350140,5320
2021,350150,3251
2021,350160,244370
2021,350170,41545
2021,350180,5993
2021,350190,73145
2021,350200,5115
2021,350210,57245
2021,350220,25724
2021,350230,6911
2021,350240,4172
2021,350250,36211
2021,350260,4122
2021,350270,24081
2021,350275,23343
2021,350280,199210
2021,350290,35389
2021,350300,5689
2021,350310,6373
2021,350315,2452
2021,350320,240542
2021,350330,136739
2021,350335,1755
2021,350340,8665
2021,350350,3906
2021,350360,11186
2021,350370,9851
2021,350380,56247
2021,350390,92453
2021,350395,1815
2021,350400,105768
2021,350410,145378
2021,350420,15316
2021,350430,5467
2021,350440,14063
2021,350450,91792
2021,350460,18013
2021,350470,6127
2021,350480,9209
2021,350490,11039
2021,350500,3525
2021,350510,7532
2021,350520,35844
2021,350530,36125
2021,350535,5794
2021,350540,7606
2021,350550,123546
2021,350560,33537
2021,350570,279704
2021,350580,20952
2021,350590,63438
2021,350600,381706
2021,350610,77612
2021,350620,3028
2021,350630,11168
2021,350635,66154
2021,350640,8197
2021,350650,126094
2021,350660,33265
2021,350670,15111
2021,350680,12571
2021,350690,12107
2021,350700,63310
2021,350710,26506
2021,350715,4013
2021,350720,839
2021,350730,4913
2021,350740,16278
2021,350745,2713
2021,350750,149718
2021,350760,172346
2021,350770,5795
2021,350775,2911
2021,350780,25605
2021,350790,24862
2021,350800,20050
2021,350810,17414
2021,350820,4547
2021,350830,4222
2021,350840,51130
2021,350850,95752
2021,350860,33827
2021,350870,19031
2021,350880,17917
2021,350890,4195
2021,350900,104044
2021,350910,6017
2021,350920,79034
2021,350925,28441
2021,350930,10649
2021,350940,26613
2021,350945,6088
2021,350950,1223237
2021,350960,86407
2021,350970,52713
2021,350980,5028
2021,350990,12542
2021,350995,5268
2021,351000,31410
2021,351010,2805
2021,351015,5365
2021,351020,47098
2021,351030,21257
2021,351040,56973
2021,351050,125194
2021,351060,405375
2021,351070,12371
2021,351080,30655
2021,351090,2488
2021,351100,21521
2021,351110,123114
2021,351120,7905
2021,351130,9452
2021,351140,20391
2021,351150,50631
2021,351160,18595
2021,351170,17539
2021,351190,8894
2021,351200,18601
2021,351210,6223
2021,351220,28491
2021,351230,18138
2021,351240,25116
2021,351250,6197
2021,351260,4591
2021,351270,4072
2021,351280,74662
2021,351290,7289
2021,351300,257882
2021,351310,35858
2021,351320,8803
2021,351330,2021
2021,351340,82895
2021,351350,132521
2021,351360,21373
2021,351370,34097
2021,351380,429550
2021,351385,1805
2021,351390,11027
2021,351400,9088
2021,351410,27704
2021,351420,2108
2021,351430,8883
2021,351440,47287
2021,351450,12421
2021,351460,10174
2021,351470,6026
2021,351480,15592
2021,351490,18095
2021,351492,3742
2021,351495,2446
2021,351500,279264
2021,351510,70402
2021,351512,3238
2021,351515,21712
2021,351518,44607
2021,351519,4926
2021,351520,8420
2021,351530,2774
2021,351535,9280
2021,351540,16102
2021,351550,69680
2021,351560,5805
2021,351565,1739
2021,351570,198661
2021,351580,1397
2021,351590,2884
2021,351600,14936
2021,351610,2631
2021,351620,358539
2021,351630,179372
2021,351640,158438
2021,351650,2776
2021,351660,6419
2021,351670,44429
2021,351680,4911
2021,351685,4841
2021,351690,10855
2021,351700,11485
2021,351710,4842
2021,351720,12416
2021,351730,5806
2021,351740,41283
2021,351750,22087
2021,351760,16896
2021,351770,21394
2021,351780,8258
2021,351790,11382
2021,351800,1996
2021,351810,6685
2021,351820,33257
2021,351830,30465
2021,351840,123192
2021,351850,19244
2021,351860,40857
2021,351870,324977
2021,351880,1404694
2021,351885,7760
2021,351890,5346
2021,351900,9649
2021,351905,15605
2021,351907,237570
2021,351910,12002
2021,351920,6269
2021,351925,9786
2021,351930,35830
2021,351940,12639
2021,351950,7926
2021,351960,61150
2021,351970,80062
2021,351980,8363
2021,351990,8228
2021,352000,24821
2021,352010,30791
2021,352020,9631
2021,352030,31117
2021,352040,36194
2021,352042,11552
2021,352044,26886
2021,352050,260690
2021,352060,4873
2021,352070,3876
2021,352080,4045
2021,352090,15165
2021,352100,38771
2021,352110,7824
2021,352115,5557
2021,352120,4180
2021,352130,16794
2021,352140,24982
2021,352150,8101
2021,352160,8356
2021,352170,17405
2021,352180,27632
2021,352190,15331
2021,352200,3937
2021,352210,104351
2021,352215,3332
2021,352220,179574
2021,352230,167106
2021,352240,95241
2021,352250,244131
2021,352260,75683
2021,352265,4294
2021,352270,43536
2021,352280,15197
2021,352290,14297
2021,352300,4994
2021,352310,379082
2021,352320,50778
2021,352330,17754
2021,352340,124254
2021,352350,21139
2021,352360,18610
2021,352370,6587
2021,352380,7862
2021,352390,177150
2021,352400,64330
2021,352410,42259
2021,352420,6963
2021,352430,78029
2021,352440,237119
2021,352450,7322
2021,352460,17911
2021,352470,59921
2021,352480,49291
2021,352490,6828
2021,352500,127734
2021,352510,45544
2021,352520,31173
2021,352530,153463
2021,352540,3143
2021,352550,13453
2021,352560,4577
2021,352570,37707
2021,352580,4824
2021,352585,3467
2021,352590,426935
2021,352600,20978
2021,352610,18627
2021,352620,31844
2021,352630,4882
2021,352640,29047
2021,352650,12581
2021,352660,7361
2021,352670,105273
2021,352680,69533
2021,352690,310783
2021,352700,8201
2021,352710,78978
2021,352720,89532
2021,352725,2311
2021,352730,51007
2021,352740,22022
2021,352750,2412
2021,352760,15628
2021,352770,5918
2021,352780,4608
2021,352790,2623
2021,352800,17263
2021,352810,8174
2021,352820,3686
2021,352830,3086
2021,352840,47723
2021,352850,103645
2021,352860,9972
2021,352870,6039
2021,352880,14069
2021,352885,3097
2021,352890,4098
2021,352900,242249
2021,352910,2101
2021,352920,26791
2021,352930,84069
2021,352940,481725
2021,352950,5638
2021,352960,3813
2021,352965,1903
2021,352970,22480
2021,352980,13023
2021,352990,19511
2021,353000,3125
2021,353010,29844
2021,353020,18415
2021,353030,60768
2021,353040,4966
2021,353050,69072
2021,353060,455587
2021,353070,154146
2021,353080,94098
2021,353090,3523
2021,353100,2274
2021,353110,58567
2021,353120,8181
2021,353130,51039
2021,353140,25651
2021,353150,18928
2021,353160,4166
2021,353170,4739
2021,353180,61707
2021,353190,33598
2021,353200,13936
2021,353205,4831
2021,353210,4525
2021,353215,3215
2021,353220,4950
2021,353230,6624
2021,353240,18866
2021,353250,8917
2021,353260,11575
2021,353270,5381
2021,353280,7161
2021,353282,9962
2021,353284,1824
2021,353286,1290
2021,353290,11519
2021,353300,21871
2021,353310,2333
2021,353320,4135
2021,353325,6057
2021,353330,4217
2021,353340,61716
2021,353350,41765
2021,353360,7522
2021,353370,4294
2021,353380,2447
2021,353390,55477
2021,353400,4462
2021,353410,6569
2021,353420,7318
2021,353430,44682
2021,353440,701428
2021,353450,2603
2021,353460,33118
2021,353470,115139
2021,353475,10712
2021,353480,8676
2021,353490,14326
2021,353500,13285
2021,353510,13691
2021,353520,9173
2021,353530,22322
2021,353540,15944
2021,353550,46180
2021,353560,18302
2021,353570,6536
2021,353580,20588
2021,353590,4112
2021,353600,10934
2021,353610,6579
2021,353620,19797
2021,353625,2177
2021,353630,14941
2021,353640,7540
2021,353650,114508
2021,353657,1835
2021,353660,8973
2021,353670,47523
2021,353680,6127
2021,353690,2468
2021,353700,16876
2021,353710,48992
2021,353715,3109
2021,353720,11507
2021,353730,64098
2021,353740,25685
2021,353750,8875
2021,353760,69697
2021,353770,6093
2021,353780,55731
2021,353790,29612
2021,353800,171885
2021,353810,17378
2021,353820,15564
2021,353830,3706
2021,353850,13495
2021,353860,27617
2021,353870,410275
2021,353880,29930
2021,353890,25939
2021,353900,11524
2021,353910,19453
2021,353920,27974
2021,353930,77330
2021,353940,13890
2021,353950,40430
2021,353960,5370
2021,353970,3606
2021,353980,119221
2021,353990,6166
2021,354000,22326
2021,354010,3385
2021,354020,51717
2021,354025,4719
2021,354030,2576
2021,354040,4136
2021,354050,10205
2021,354060,53698
2021,354070,56848
2021,354075,25603
2021,354080,17668
2021,354085,4327
2021,354090,22239
2021,354100,336454
2021,354105,5371
2021,354110,4067
2021,354120,12943
2021,354130,44572
2021,354140,231953
2021,354150,39648
2021,354160,41211
2021,354165,3902
2021,354170,14309
2021,354180,3513
2021,354190,13788
2021,354200,6736
2021,354210,9126
2021,354220,29743
2021,354230,3827
2021,354240,20523
2021,354250,10047
2021,354260,56463
2021,354270,7762
2021,354280,3320
2021,354290,13376
2021,354300,15984
2021,354310,4786
2021,354320,4537
2021,354323,2222
2021,354325,7686
2021,354330,125238
2021,354340,720116
2021,354350,5364
2021,354360,3651
2021,354370,10824
2021,354380,9940
2021,354390,209548
2021,354400,36233
2021,354410,52009
2021,354420,12856
2021,354425,15929
2021,354430,10888
2021,354440,3195
2021,354450,3191
2021,354460,5638
2021,354470,2427
2021,354480,6481
2021,354490,12103
2021,354500,17363
2021,354510,5372
2021,354515,8498
2021,354520,120779
2021,354530,46285
2021,354540,9396
2021,354550,4405
2021,354560,15639
2021,354570,6036
2021,354580,195278
2021,354600,14925
2021,354610,2111
2021,354620,4584
2021,354625,2166
2021,354630,35102
2021,354640,48207
2021,354650,5577
2021,354660,32796
2021,354670,27850
2021,354680,58529
2021,354690,8889
2021,354700,6298
2021,354710,2947
2021,354720,1448
2021,354730,145073
2021,354740,2476
2021,354750,27641
2021,354760,26960
2021,354765,1558
2021,354770,20855
2021,354780,723889
2021,354790,7024
2021,354800,23742
2021,354805,8541
2021,354810,5926
2021,354820,6843
2021,354830,3159
2021,354840,4856
2021,354850,433991
2021,354860,10907
2021,354870,849874
2021,354880,162763
2021,354890,256915
2021,354900,2813
2021,354910,92315
2021,354920,2555
2021,354925,1942
2021,354930,2095
2021,354940,52737
2021,354950,8991
2021,354960,4141
2021,354970,55298
2021,354980,469173
2021,354990,737310
2021,354995,16127
2021,355000,10693
2021,355010,41287
2021,355020,33071
2021,355030,12396372
2021,355040,36298
2021,355050,7724
2021,355060,93076
2021,355070,91637
2021,355080,12137
2021,355090,15446
2021,355100,370839
2021,355110,10493
2021,355120,3623
2021,355130,3595
2021,355140,15292
2021,355150,46166
2021,355160,29669
2021,355170,128432
2021,355180,12731
2021,355190,17820
2021,355200,6375
2021,355210,41690
2021,355220,695328
2021,355230,7738
2021,355240,289875
2021,355250,303397
2021,355255,4063
2021,355260,12561
2021,355270,16787
2021,355280,297528
2021,355290,6371
2021,355300,14415
2021,355310,6346
2021,355320,5562
2021,355330,23255
2021,355340,26231
2021,355350,7725
2021,355360,12940
2021,355365,2815
2021,355370,57547
2021,355380,23292
2021,355385,5968
2021,355390,7609
2021,355395,15361
2021,355400,124134
2021,355410,320820
2021,355420,4452
2021,355430,23395
2021,355440,9502
2021,355450,42946
2021,355460,2647
2021,355465,2432
2021,355470,10100
2021,355475,1752
2021,355480,48228
2021,355490,5856
2021,355495,7058
2021,355500,65615
2021,355510,15670
2021,355520,2024
2021,355530,1667
2021,355535,6488
2021,355540,92819
2021,355550,4828
2021,355560,10191
2021,355570,1886
2021,355580,9125
2021,355590,1142
2021,355600,13965
2021,355610,13732
2021,355620,133169
2021,355630,27154
2021,355635,10842
2021,355640,43368
2021,355645,54315
2021,355650,124269
2021,355660,10804
2021,355670,81516
2021,355680,19133
2021,355690,9163
2021,355695,1852
2021,355700,124468
2021,355710,96106
2021,355715,2784
2021,355720,12418
2021,355730,11507
2021,410010,7360
2021,410020,5797
2021,410030,9567
2021,410040,121420
2021,410045,1429
2021,410050,22293
2021,410060,14945
2021,410070,9722
2021,410080,11598
2021,410090,6405
2021,410100,19466
2021,410105,2774
2021,410110,19823
2021,410115,2931
2021,410120,18919
2021,410130,7421
2021,410140,137438
2021,410150,126545
2021,410160,28480
2021,410165,2951
2021,410170,14029
2021,410180,148522
2021,410185,2026
2021,410190,14792
2021,410200,33306
2021,410210,26304
2021,410220,3871
2021,410230,13238
2021,410240,31061
2021,410250,11287
2021,410260,10347
2021,410270,2781
2021,410275,3404
2021,410280,15400
2021,410290,16411
2021,410300,3991
2021,410302,2437
2021,410304,6343
2021,410305,7524
2021,410310,13308
2021,410315,3472
2021,410320,7103
2021,410322,3244
2021,410330,6290
2021,410335,5338
2021,410337,2521
2021,410340,2973
2021,410345,18783
2021,410347,3975
2021,410350,8641
2021,410360,25569
2021,410370,108126
2021,410380,7967
2021,410390,13888
2021,410395,3831
2021,410400,44072
2021,410405,3694
2021,410410,8118
2021,410420,135678
2021,410425,30151
2021,410430,96102
2021,410440,14606
2021,410442,16126
2021,410445,13340
2021,410450,19172
2021,410460,15887
2021,410465,24225
2021,410470,14391
2021,410480,336073
2021,410490,72125
2021,410500,10144
2021,410510,10704
2021,410520,17884
2021,410530,11872
2021,410540,19083
2021,410550,84980
2021,410560,12939
2021,410570,16344
2021,410580,249277
2021,410590,24271
2021,410600,8896
2021,410610,3891
2021,410620,19082
2021,410630,17162
2021,410640,47840
2021,410645,7538
2021,410650,20430
2021,410655,3038
2021,410657,4229
2021,410660,20962
2021,410670,4430
2021,410680,18772
2021,410685,2892
2021,410690,1963726
2021,410700,15289
2021,410710,4975
2021,410712,3409
2021,410715,5279
2021,410720,41424
2021,410725,8988
2021,410730,5987
2021,410740,5906
2021,410750,13962
2021,410752,1633
2021,410753,4651
2021,410754,3980
2021,410755,2995
2021,410760,17379
2021,410765,103750
2021,410770,4734
2021,410773,5561
2021,410775,7625
2021,410780,4883
2021,410785,4583
2021,410790,6926
2021,410800,10360
2021,410810,2709
2021,410820,6345
2021,410830,257971
2021,410832,5942
2021,410840,93308
2021,410845,4466
2021,410850,13661
2021,410855,2850
2021,410860,28734
2021,410865,6997
2021,410870,5379
2021,410880,33497
2021,410890,6635
2021,410895,8881
2021,410900,3767
2021,410910,2239
2021,410920,5557
2021,410930,11969
2021,410940,183755
2021,410950,7554
2021,410960,37974
2021,410965,5030
2021,410970,31854
2021,410975,6387
2021,410980,55688
2021,410990,7671
2021,411000,4475
2021,411005,2251
2021,411007,13449
2021,411010,33306
2021,411020,11117
2021,411030,3122
2021,411040,4472
2021,411050,15327
2021,411060,13642
2021,411065,2216
2021,411070,61439
2021,411080,10029
2021,411090,4426
2021,411095,11588
2021,411100,6516
2021,411110,6110
2021,411120,12220
2021,411125,29493
2021,411130,2700
2021,411140,14049
2021,411150,31886
2021,411155,8294
2021,411160,3299
2021,411170,5332
2021,411180,39268
2021,411190,13861
2021,411200,35192
2021,411210,21281
2021,411220,4948
2021,411230,4929
2021,411240,9573
2021,411250,11067
2021,411260,1309
2021,411270,12687
2021,411275,8251
2021,411280,12108
2021,411290,3248
2021,411295,7244
2021,411300,7069
2021,411310,3996
2021,411320,48651
2021,411325,5719
2021,411330,32167
2021,411340,3896
2021,411342,3155
2021,411345,4488
2021,411350,23393
2021,411360,4850
2021,411370,580870
2021,411373,7217
2021,411375,4695
2021,411380,4969
2021,411390,13697
2021,411400,12900
2021,411410,23373
2021,411420,34628
2021,411430,27750
2021,411435,2442
2021,411440,16572
2021,411450,13517
2021,411460,54031
2021,411470,5593
2021,411480,36103
2021,411490,8793
2021,411500,7093
2021,411510,10327
2021,411520,436472
2021,411530,6655
2021,411535,5562
2021,411540,14407
2021,411545,4283
2021,411550,4676
2021,411560,18266
2021,411570,35705
2021,411573,3142
2021,411575,10994
2021,411580,46940
2021,411585,5617
2021,411590,2180
2021,411600,1786
2021,411605,10706
2021,411610,11966
2021,411620,16485
2021,411630,4034
2021,411640,4009
2021,411650,1560
2021,411660,3424
2021,411670,10131
2021,411680,4827
2021,411690,28062
2021,411695,5014
2021,411700,8120
2021,411705,11462
2021,411710,13188
2021,411720,5846
2021,411721,4304
2021,411722,8311
2021,411725,10540
2021,411727,5252
2021,411729,2836
2021,411730,21783
2021,411740,3423
2021,411745,6036
2021,411750,42251
2021,411760,52503
2021,411770,34109
2021,411780,12755
2021,411790,32389
2021,411800,14211
2021,411810,11685
2021,411820,157378
2021,411830,3277
2021,411840,89454
2021,411845,5755
2021,411850,84779
2021,411860,5942
2021,411870,7418
2021,411880,14017
2021,411885,6194
2021,411890,11406
2021,411900,6232
2021,411910,13015
2021,411915,134788
2021,411920,6323
2021,411925,2742
2021,411930,32722
2021,411940,25779
2021,411950,116852
2021,411960,29686
2021,411965,3298
2021,411970,4281
2021,411980,13385
2021,411990,358838
2021,411995,28529
2021,412000,12587
2021,412010,4899
2021,412015,3133
2021,412020,2554
2021,412030,4057
2021,412033,3806
2021,412035,5035
2021,412040,5395
2021,412050,11138
2021,412060,52776
2021,412065,4420
2021,412070,7504
2021,412080,24253
2021,412085,4043
2021,412090,34707
2021,412100,12257
2021,412110,4444
2021,412120,19388
2021,412125,4500
2021,412130,3760
2021,412135,2602
2021,412140,16976
2021,412150,14991
2021,412160,6772
2021,412170,26933
2021,412175,8127
2021,412180,10622
2021,412190,12869
2021,412200,15433
2021,412210,3162
2021,412215,13240
2021,412217,4121
2021,412220,32635
2021,412230,34645
2021,412240,68165
2021,412250,9447
2021,412260,9664
2021,412265,4595
2021,412270,6954
2021,412280,3389
2021,412290,4862
2021,412300,14957
2021,412310,3208
2021,412320,3253
2021,412330,7705
2021,412340,12330
2021,412350,27036
2021,412360,1568
2021,412370,8484
2021,412380,14924
2021,412382,3795
2021,412385,9210
2021,412390,11523
2021,412395,4052
2021,412400,4916
2021,412402,10055
2021,412405,23927
2021,412410,46503
2021,412420,2611
2021,412430,2032
2021,412440,20354
2021,412450,5422
2021,412460,6961
2021,412470,11088
2021,412480,10122
2021,412490,5819
2021,412500,9897
2021,412510,15359
2021,412520,9005
2021,412530,5535
2021,412535,5532
2021,412540,6115
2021,412545,3601
2021,412550,334620
2021,412555,2165
2021,412560,47137
2021,412570,27696
2021,412575,5745
2021,412580,11109
2021,412590,2265
2021,412600,8865
2021,412610,5778
2021,412620,6708
2021,412625,98888
2021,412627,5578
2021,412630,19441
2021,412635,4460
2021,412640,5149
2021,412650,16456
2021,412660,21476
2021,412665,2880
2021,412667,15277
2021,412670,5196
2021,412680,16480
2021,412690,5452
2021,412700,12761
2021,412710,80588
2021,412720,17304
2021,412730,17054
2021,412740,17562
2021,412750,20688
2021,412760,17295
2021,412770,144601
2021,412780,7699
2021,412785,12036
2021,412788,9269
2021,412790,8502
2021,412795,8105
2021,412796,12977
2021,412800,20809
2021,412810,113416
2021,412820,58298
2021,412830,2623
2021,412840,11233
2021,412850,19358
2021,412853,12267
2021,412855,8389
2021,412860,7094
2021,412862,2630
2021,412863,5525
2021,412865,4051
2021,412870,6879
2021,412880,5584
2021,420005,2534
2021,420010,18015
2021,420020,11160
2021,420030,5570
2021,420040,7160
2021,420050,6544
2021,420055,2341
2021,420060,6646
2021,420070,10136
2021,420075,1915
2021,420080,5477
2021,420090,4686
2021,420100,6783
2021,420110,3223
2021,420120,8712
2021,420125,10951
2021,420127,4268
2021,420130,40890
2021,420140,69493
2021,420150,8843
2021,420160,3547
2021,420165,2228
2021,420170,8021
2021,420180,3179
2021,420190,5687
2021,420195,13782
2021,420200,149227
2021,420205,11271
2021,420207,11537
2021,420208,2618
2021,420209,1625
2021,420210,30539
2021,420213,6386
2021,420215,2712
2021,420220,11896
2021,420230,70471
2021,420240,366418
2021,420243,3501
2021,420245,20889
2021,420250,4801
2021,420253,3104
2021,420257,2136
2021,420260,10153
2021,420270,5396
2021,420280,34294
2021,420285,3794
2021,420287,2318
2021,420290,140597
2021,420300,80017
2021,420310,6112
2021,420315,3325
2021,420320,87179
2021,420325,2467
2021,420330,11985
2021,420340,6889
2021,420350,8312
2021,420360,36861
2021,420370,12553
2021,420380,54558
2021,420390,23218
2021,420395,25477
2021,420400,11106
2021,420410,3462
2021,420415,2709
2021,420417,3013
2021,420419,3025
2021,420420,227587
2021,420425,16956
2021,420430,75683
2021,420435,4585
2021,420440,9900
2021,420445,2560
2021,420450,16300
2021,420455,12315
2021,420460,219393
2021,420470,11150
2021,420475,1972
2021,420480,40037
2021,420490,8136
2021,420500,15592
2021,420510,4224
2021,420515,4164
2021,420517,3232
2021,420519,2059
2021,420520,4423
2021,420530,10630
2021,420535,1575
2021,420540,516524
2021,420543,2481
2021,420545,27621
2021,420550,36723
2021,420555,1918
2021,420560,2711
2021,420570,24070
2021,420580,18816
2021,420590,71925
2021,420600,14739
2021,420610,6621
2021,420620,11652
2021,420630,24922
2021,420640,9964
2021,420650,46757
2021,420660,5196
2021,420665,4692
2021,420670,22820
2021,420675,1952
2021,420680,3154
2021,420690,19238
2021,420700,58055
2021,420710,14531
2021,420720,9764
2021,420730,45711
2021,420740,6284
2021,420750,72346
2021,420757,2979
2021,420760,4367
2021,420765,9093
2021,420768,7643
2021,420770,7647
2021,420775,3901
2021,420780,10575
2021,420785,1887
2021,420790,11354
2021,420800,6091
2021,420810,21889
2021,420820,226617
2021,420830,69323
2021,420840,17139
2021,420845,21766
2021,420850,25619
2021,420860,3899
2021,420870,10337
2021,420880,20547
2021,420890,184579
2021,420895,1520
2021,420900,30684
2021,420910,604708
2021,420915,5019
2021,420917,2083
2021,420920,2248
2021,420930,157158
2021,420940,46424
2021,420945,1408
2021,420950,7154
2021,420960,15380
2021,420970,12122
2021,420980,2960
2021,420985,4530
2021,420990,12497
2021,421000,13347
2021,421003,5683
2021,421005,1757
2021,421010,56825
2021,421020,3465
2021,421030,8209
2021,421040,7461
2021,421050,26463
2021,421055,1703
2021,421060,17330
2021,421070,2442
2021,421080,6989
2021,421085,2257
2021,421090,4227
2021,421100,12034
2021,421105,9945
2021,421110,8263
2021,421120,18095
2021,421125,2884
2021,421130,85734
2021,421140,5163
2021,421145,4327
2021,421150,15010
2021,421160,15515
2021,421165,2366
2021,421170,23161
2021,421175,19201
2021,421180,7251
2021,421185,2197
2021,421187,1444
2021,421189,2352
2021,421190,178679
2021,421200,7321
2021,421205,2673
2021,421210,16144
2021,421220,19521
2021,421223,3284
2021,421225,9269
2021,421227,4072
2021,421230,7642
2021,421240,3931
2021,421250,34022
2021,421260,2733
2021,421265,10225
2021,421270,5873
2021,421280,24385
2021,421290,21103
2021,421300,3635
2021,421310,3637
2021,421315,2907
2021,421320,34561
2021,421330,4619
2021,421335,3426
2021,421340,11674
2021,421350,22466
2021,421360,35685
2021,421370,17965
2021,421380,7305
2021,421390,1526
2021,421400,17973
2021,421410,2279
2021,421415,2950
2021,421420,9773
2021,421430,2897
2021,421440,6199
2021,421450,5864
2021,421460,7552
2021,421470,11937
2021,421480,72931
2021,421490,4630
2021,421500,42684
2021,421505,2484
2021,421507,4525
2021,421510,11647
2021,421520,4584
2021,421530,7674
2021,421535,3727
2021,421540,4792
2021,421545,13128
2021,421550,17004
2021,421555,2178
2021,421560,2151
2021,421565,8397
2021,421567,8760
2021,421568,2317
2021,421569,1211
2021,421570,23907
2021,421575,2239
2021,421580,86317
2021,421590,2791
2021,421600,11456
2021,421605,5646
2021,421610,9422
2021,421620,54751
2021,421625,6423
2021,421630,39719
2021,421635,3784
2021,421640,7332
2021,421650,27322
2021,421660,253705
2021,421670,13811
2021,421680,8054
2021,421690,24501
2021,421700,13886
2021,421710,3162
2021,421715,1794
2021,421720,41246
2021,421725,6046
2021,421730,9874
2021,421740,22605
2021,421750,17610
2021,421755,3249
2021,421760,14176
2021,421770,31084
2021,421775,2386
2021,421780,18576
2021,421790,8648
2021,421795,1606
2021,421800,39889
2021,421810,5338
2021,421820,45703
2021,421825,8003
2021,421830,19455
2021,421835,4002
2021,421840,7104
2021,421850,8138
2021,421860,7506
2021,421870,107143
2021,421875,4507
2021,421880,13080
2021,421885,2364
2021,421890,11311
2021,421895,2453
2021,421900,21419
2021,421910,3569
2021,421915,2387
2021,421917,4411
2021,421920,6321
2021,421930,54145
2021,421935,4907
2021,421940,4032
2021,421950,52290
2021,421960,3873
2021,421970,29254
2021,421985,3432
2021,422000,13129
2021,430003,4981
2021,430005,3738
2021,430010,16344
2021,430020,6951
2021,430030,5710
2021,430040,72493
2021,430045,3287
2021,430047,1935
2021,430050,5885
2021,430055,1590
2021,430057,3043
2021,430060,212352
2021,430063,7136
2021,430064,7396
2021,430066,1351
2021,430070,5941
2021,430080,13041
2021,430085,3544
2021,430087,5840
2021,430090,6145
2021,430100,21121
2021,430105,10483
2021,430107,2966
2021,430110,14201
2021,430120,13452
2021,430130,18185
2021,430140,10422
2021,430150,6545
2021,430155,3517
2021,430160,121518
2021,430163,14645
2021,430165,6232
2021,430170,6616
2021,430175,7550
2021,430180,5237
2021,430185,3266
2021,430187,4238
2021,430190,13618
2021,430192,1621
2021,430195,2563
2021,430200,11167
2021,430205,1924
2021,430210,123090
2021,430215,2087
2021,430220,6712
2021,430222,2466
2021,430223,2628
2021,430225,2773
2021,430230,11270
2021,430235,14446
2021,430237,1858
2021,430240,12448
2021,430245,7691
2021,430250,6135
2021,430258,2099
2021,430260,3271
2021,430265,5132
2021,430270,20963
2021,430280,33476
2021,430290,12291
2021,430300,81552
2021,430310,132144
2021,430320,5083
2021,430330,4802
2021,430340,4659
2021,430350,66686
2021,430355,2750
2021,430360,6383
2021,430367,3402
2021,430370,5325
2021,430380,5422
2021,430390,69981
2021,430400,4273
2021,430410,3272
2021,430420,31475
2021,430430,6106
2021,430435,9707
2021,430440,45957
2021,430450,56370
2021,430460,349728
2021,430461,1693
2021,430462,1628
2021,430463,55009
2021,430465,3745
2021,430466,25462
2021,430467,4793
2021,430468,12183
2021,430469,2770
2021,430470,62413
2021,430471,8426
2021,430480,30630
2021,430485,1327
2021,430490,9070
2021,430495,3228
2021,430500,8631
2021,430510,523716
2021,430511,2865
2021,430512,6005
2021,430513,4720
2021,430515,2281
2021,430517,12579
2021,430520,14243
2021,430530,9211
2021,430535,41705
2021,430537,3228
2021,430540,3684
2021,430543,6832
2021,430544,5518
2021,430545,16897
2021,430550,4693
2021,430558,2466
2021,430560,3088
2021,430570,6766
2021,430580,9903
2021,430583,1490
2021,430585,2267
2021,430587,2521
2021,430590,7213
2021,430593,1602
2021,430595,3824
2021,430597,2731
2021,430600,13269
2021,430605,8121
2021,430607,2840
2021,430610,59561
2021,430613,1765
2021,430620,12457
2021,430630,4732
2021,430632,2718
2021,430635,2331
2021,430637,2991
2021,430640,33547
2021,430642,1992
2021,430645,3410
2021,430650,15556
2021,430655,2520
2021,430660,38222
2021,430670,2958
2021,430673,4380
2021,430675,1967
2021,430676,42490
2021,430680,23047
2021,430690,26039
2021,430692,932
2021,430693,8350
2021,430695,2724
2021,430697,2978
2021,430700,107368
2021,430705,3171
2021,430710,6807
2021,430720,4780
2021,430730,6697
2021,430740,3291
2021,430745,2846
2021,430750,15594
2021,430755,5924
2021,430760,51292
2021,430770,83352
2021,430780,34669
2021,430781,3646
2021,430783,2310
2021,430786,2750
2021,430790,73758
2021,430800,6651
2021,430805,2256
2021,430807,4680
2021,430810,13728
2021,430820,31352
2021,430825,1709
2021,430830,10181
2021,430840,6569
2021,430843,2389
2021,430845,4252
2021,430850,31675
2021,430860,35794
2021,430865,2851
2021,430870,5447
2021,430880,8339
2021,430885,1619
2021,430890,16158
2021,430900,15729
2021,430905,8304
2021,430910,36864
2021,430912,2036
2021,430915,4378
2021,430920,285564
2021,430925,1478
2021,430930,98331
2021,430940,26199
2021,430950,7393
2021,430955,4967
2021,430957,3019
2021,430960,19446
2021,430965,6894
2021,430970,4712
2021,430975,4393
2021,430980,4690
2021,430990,7267
2021,430995,3988
2021,431000,20474
2021,431010,37754
2021,431020,84041
2021,431030,4054
2021,431033,23721
2021,431036,3103
2021,431040,6054
2021,431041,2207
2021,431043,6736
2021,431046,1871
2021,431050,7046
2021,431053,5573
2021,431055,3456
2021,431057,2037
2021,431060,37363
2021,431065,2377
2021,431070,3143
2021,431075,1854
2021,431080,25068
2021,431085,3738
2021,431087,2718
2021,431090,3532
2021,431100,26327
2021,431110,10684
2021,431112,3611
2021,431113,3472
2021,431115,8571
2021,431120,19159
2021,431123,2939
2021,431125,6469
2021,431127,1604
2021,431130,27751
2021,431140,86005
2021,431142,2569
2021,431150,7410
2021,431160,5087
2021,431162,6193
2021,431164,1724
2021,431170,5411
2021,431171,4539
2021,431173,2965
2021,431175,7315
2021,431177,6747
2021,431179,2713
2021,431180,45523
2021,431190,4239
2021,431198,3892
2021,431200,1987
2021,431205,3981
2021,431210,4760
2021,431213,2543
2021,431215,4627
2021,431217,1611
2021,431220,4254
2021,431225,8130
2021,431230,4899
2021,431235,1430
2021,431237,3237
2021,431238,2514
2021,431240,66157
2021,431242,3139
2021,431244,2891
2021,431245,6609
2021,431247,6570
2021,431250,12888
2021,431260,4967
2021,431261,3184
2021,431262,1901
2021,431265,17886
2021,431267,1667
2021,431270,11574
2021,431275,3698
2021,431280,4890
2021,431290,10089
2021,431295,1731
2021,431300,3345
2021,431301,2677
2021,431303,5465
2021,431306,22147
2021,431308,2563
2021,431310,6519
2021,431320,21717
2021,431330,28021
2021,431333,2195
2021,431335,3743
2021,431337,30482
2021,431339,4246
2021,431340,247303
2021,431342,3191
2021,431344,2189
2021,431346,1705
2021,431349,4185
2021,431350,46815
2021,431360,3731
2021,431365,11342
2021,431370,32967
2021,431380,7056
2021,431390,44583
2021,431395,8995
2021,431400,7793
2021,431402,7635
2021,431403,3885
2021,431405,59419
2021,431406,5790
2021,431407,6612
2021,431410,206103
2021,431413,2303
2021,431415,8541
2021,431417,1928
2021,431420,7683
2021,431430,3840
2021,431440,343826
2021,431442,5780
2021,431445,2581
2021,431446,1896
2021,431447,4309
2021,431449,4926
2021,431450,12122
2021,431454,3068
2021,431455,2205
2021,431460,20743
2021,431470,9957
2021,431475,2105
2021,431477,3898
2021,431478,1501
2021,431480,38081
2021,431490,1492530
2021,431500,4514
2021,431505,2332
2021,431507,1258
2021,431510,10144
2021,431513,1586
2021,431514,2972
2021,431515,6235
2021,431517,1929
2021,431520,3861
2021,431530,22531
2021,431531,1860
2021,431532,2793
2021,431535,3810
2021,431540,11782
2021,431545,2068
2021,431550,15702
2021,431555,2571
2021,431560,212881
2021,431570,38257
2021,431575,4698
2021,431580,11556
2021,431590,5868
2021,431595,2270
2021,431600,21591
2021,431610,10633
2021,431620,5033
2021,431630,6750
2021,431640,39210
2021,431642,2601
2021,431643,2596
2021,431645,12512
2021,431647,2734
2021,431650,7975
2021,431660,16382
2021,431670,7813
2021,431673,1630
2021,431675,6755
2021,431680,132271
2021,431690,285159
2021,431695,6382
2021,431697,2593
2021,431700,8037
2021,431710,75647
2021,431720,73882
2021,431725,1722
2021,431730,29298
2021,431740,49298
2021,431750,77544
2021,431755,2118
2021,431760,43397
2021,431770,9930
2021,431775,2018
2021,431780,13813
2021,431790,14177
2021,431795,2287
2021,431800,59768
2021,431805,3091
2021,431810,18081
2021,431820,21871
2021,431830,62187
2021,431840,24569
2021,431842,4625
2021,431843,2535
2021,431844,2808
2021,431845,2491
2021,431846,1917
2021,431848,4924
2021,431849,2040
2021,431850,27866
2021,431860,6911
2021,431861,2464
2021,431862,3559
2021,431870,240378
2021,431880,43501
2021,431890,33124
2021,431900,21756
2021,431910,5336
2021,431912,3228
2021,431915,7692
2021,431920,5153
2021,431930,5654
2021,431935,3881
2021,431936,2025
2021,431937,2950
2021,431940,16100
2021,431950,26161
2021,431960,23492
2021,431970,3220
2021,431971,2248
2021,431973,2732
2021,431975,2288
2021,431980,8742
2021,431990,80514
2021,432000,142508
2021,432010,25024
2021,432020,10678
2021,432023,2875
2021,432026,7465
2021,432030,5114
2021,432032,2761
2021,432035,5635
2021,432040,18074
2021,432045,1889
2021,432050,5220
2021,432055,6586
2021,432057,1931
2021,432060,3607
2021,432065,2365
2021,432067,10152
2021,432070,15041
2021,432080,31067
2021,432085,4816
2021,432090,24973
2021,432100,10569
2021,432110,17363
2021,432120,57740
2021,432130,26907
2021,432132,3081
2021,432135,5484
2021,432140,13385
2021,432143,11323
2021,432145,34275
2021,432146,3078
2021,432147,5532
2021,432149,2753
2021,432150,39381
2021,432160,53507
2021,432162,2331
2021,432163,2620
2021,432166,11174
2021,432170,28948
2021,432180,23846
2021,432183,2643
2021,432185,4232
2021,432190,23799
2021,432195,5781
2021,432200,30159
2021,432210,5612
2021,432215,4585
2021,432218,1447
2021,432220,24182
2021,432225,5019
2021,432230,7730
2021,432232,3408
2021,432234,1952
2021,432235,1084
2021,432237,2306
2021,432240,126766
2021,432250,66916
2021,432252,3531
2021,432253,11873
2021,432254,6046
2021,432255,2130
2021,432260,72373
2021,432270,27325
2021,432280,26813
2021,432285,1776
2021,432290,4628
2021,432300,257330
2021,432310,4530
2021,432320,2840
2021,432330,3407
2021,432335,2070
2021,432340,4368
2021,432345,4274
2021,432350,2726
2021,432360,1553
2021,432370,2858
2021,432375,3052
2021,432377,3046
2021,432380,17126
2021,500020,16025
2021,500025,5489
2021,500060,40247
2021,500070,25336
2021,500080,9116
2021,500085,11081
2021,500090,9082
2021,500100,26386
2021,500110,48184
2021,500124,12511
2021,500150,7281
2021,500190,23620
2021,500200,11368
2021,500210,24842
2021,500215,7802
2021,500220,22401
2021,500230,11835
2021,500240,31005
2021,500260,13675
2021,500270,916001
2021,500280,6247
2021,500290,22063
2021,500295,26499
2021,500310,6158
2021,500315,15449
2021,500320,112669
2021,500325,21456
2021,500330,33547
2021,500345,13043
2021,500348,11547
2021,500350,6025
2021,500370,227990
2021,500375,12447
2021,500380,19152
2021,500390,3066
2021,500400,9934
2021,500410,9754
2021,500430,16273
2021,500440,7566
2021,500450,25478
2021,500460,21604
2021,500470,23277
2021,500480,9372
2021,500490,7342
2021,500500,26375
2021,500510,4015
2021,500515,6861
2021,500520,24040
2021,500525,7496
2021,500540,48944
2021,500560,28423
2021,500568,18578
2021,500570,56484
2021,500580,13794
2021,500600,22967
2021,500620,56057
2021,500625,3556
2021,500627,5751
2021,500630,42401
2021,500635,14576
2021,500640,7568
2021,500660,95320
2021,500690,17460
2021,500710,25310
2021,500720,38844
2021,500730,4758
2021,500740,20025
2021,500750,5120
2021,500755,7948
2021,500769,27660
2021,500770,10751
2021,500780,6555
2021,500790,60792
2021,500793,20158
2021,500795,11795
2021,500797,3588
2021,500800,22721
2021,500830,125137
2021,500840,6115
2021,510010,5309
2021,510020,26679
2021,510025,52105
2021,510030,19714
2021,510035,7092
2021,510040,12323
2021,510050,11587
2021,510060,11413
2021,510080,10431
2021,510100,3064
2021,510120,909
2021,510125,17078
2021,510130,9399
2021,510140,23067
2021,510160,8165
2021,510170,35642
2021,510180,61702
2021,510185,6830
2021,510190,20571
2021,510250,95339
2021,510260,16223
2021,510263,36917
2021,510267,44033
2021,510268,7245
2021,510269,4711
2021,510270,22101
2021,510279,10094
2021,510285,8782
2021,510300,22521
2021,510305,12338
2021,510310,5716
2021,510320,33855
2021,510325,41117
2021,510330,21249
2021,510335,32076
2021,510336,4163
2021,510337,20717
2021,510340,623614
2021,510343,5267
2021,510345,9626
2021,510350,22311
2021,510360,8087
2021,510370,14847
2021,510380,3411
2021,510385,7913
2021,510390,5726
2021,510395,2990
2021,510410,36439
2021,510420,15740
2021,510450,2806
2021,510452,8182
2021,510454,7030
2021,510455,3609
2021,510460,13727
2021,510480,27696
2021,510490,8420
2021,510500,8377
2021,510510,35275
2021,510515,41190
2021,510517,16811
2021,510520,11124
2021,510523,6246
2021,510525,69671
2021,510530,2036
2021,510550,16412
2021,510558,10107
2021,510560,17017
2021,510562,28135
2021,510590,15332
2021,510600,5858
2021,510610,13093
2021,510615,16052
2021,510617,4013
2021,510618,6861
2021,510619,3755
2021,510620,3656
2021,510621,12876
2021,510622,48222
2021,510623,20820
2021,510624,12492
2021,510625,21695
2021,510626,9545
2021,510627,4069
2021,510628,4837
2021,510629,11291
2021,510630,23250
2021,510631,2769
2021,510637,17547
2021,510642,35695
2021,510645,2637
2021,510650,33386
2021,510665,6972
2021,510670,1525
2021,510675,46105
2021,510677,12849
2021,510680,5344
2021,510682,12176
2021,510685,2794
2021,510700,15936
2021,510704,63876
2021,510706,18386
2021,510710,18788
2021,510715,2754
2021,510718,10450
2021,510719,2439
2021,510720,5147
2021,510724,4600
2021,510726,3164
2021,510729,4102
2021,510730,21351
2021,510735,5646
2021,510740,4823
2021,510757,4069
2021,510760,239613
2021,510770,16999
2021,510774,2700
2021,510775,3226
2021,510776,3602
2021,510777,8547
2021,510779,5459
2021,510780,17188
2021,510785,11934
2021,510787,27485
2021,510788,1705
2021,510790,148960
2021,510792,94941
2021,510794,9357
2021,510795,107631
2021,510800,14380
2021,510805,9284
2021,510810,3761
2021,510820,3487
2021,510830,3455
2021,510835,3124
2021,510840,290383
2021,510850,11731
2021,510860,26946
2021,510880,4407
2021,510885,3332
2021,510890,9056
2021,510895,9375
2021,520005,9158
2021,520010,20873
2021,520013,22710
2021,520015,2515
2021,520017,5843
2021,520020,1809
2021,520025,222850
2021,520030,28360
2021,520050,1976
2021,520055,6796
2021,520060,7751
2021,520080,8749
2021,520082,3875
2021,520085,6220
2021,520090,3011
2021,520110,396526
2021,520120,1171
2021,520130,22113
2021,520140,601844
2021,520145,2474
2021,520150,4266
2021,520160,3450
2021,520170,20410
2021,520180,10680
2021,520215,7795
2021,520235,2462
2021,520250,10340
2021,520260,3000
2021,520280,2401
2021,520310,5418
2021,520320,11643
2021,520330,31004
2021,520340,8912
2021,520350,26069
2021,520355,10120
2021,520357,4579
2021,520360,3812
2021,520380,5815
2021,520390,9515
2021,520393,2464
2021,520396,3272
2021,520400,8098
2021,520410,12843
2021,520420,1336
2021,520425,7997
2021,520430,16525
2021,520440,19304
2021,520450,95183
2021,520455,3900
2021,520460,3662
2021,520465,3628
2021,520470,12880
2021,520480,7884
2021,520485,8087
2021,520490,20124
2021,520495,1526
2021,520500,10299
2021,520505,3380
2021,520510,113091
2021,520520,5132
2021,520530,9740
2021,520540,22407
2021,520545,8794
2021,520547,10797
2021,520549,74370
2021,520551,20771
2021,520552,3339
2021,520570,2254
2021,520580,11223
2021,520590,10012
2021,520620,61385
2021,520630,2962
2021,520640,17136
2021,520650,3458
2021,520660,2820
2021,520670,3302
2021,520680,2944
2021,520690,2094
2021,520710,2477
2021,520725,7174
2021,520735,3678
2021,520740,12559
2021,520750,3253
2021,520753,6527
2021,520760,5471
2021,520780,13604
2021,520790,17415
2021,520800,125705
2021,520810,4098
2021,520815,3923
2021,520830,4701
2021,520840,11217
2021,520850,5650
2021,520860,72045
2021,520870,1555626
2021,520880,46278
2021,520890,22122
2021,520910,34307
2021,520915,6076
2021,520920,14206
2021,520929,1905
2021,520940,3801
2021,520945,1681
2021,520960,3742
2021,520970,22533
2021,520980,3450
2021,520990,14215
2021,520993,6275
2021,520995,15962
2021,521000,53655
2021,521010,27365
2021,521015,2892
2021,521020,31471
2021,521030,2772
2021,521040,44329
2021,521056,4684
2021,521060,5184
2021,521080,4412
2021,521090,23850
2021,521100,4380
2021,521120,25597
2021,521130,7337
2021,521140,8968
2021,521150,106845
2021,521160,2295
2021,521170,6001
2021,521180,52160
2021,521190,103221
2021,521200,2843
2021,521205,2497
2021,521210,7417
2021,521220,18266
2021,521225,1652
2021,521230,7663
2021,521250,214645
2021,521260,2358
2021,521270,9277
2021,521280,9234
2021,521290,2263
2021,521295,4321
2021,521300,14568
2021,521305,2575
2021,521308,28518
2021,521310,69477
2021,521340,1471
2021,521350,8759
2021,521370,8037
2021,521375,13935
2021,521377,4538
2021,521380,46955
2021,521385,2217
2021,521390,4120
2021,521400,16077
2021,521405,4540
2021,521410,3749
2021,521440,9375
2021,521450,30931
2021,521460,47064
2021,521470,2362
2021,521480,2236
2021,521483,13020
2021,521486,8063
2021,521487,2939
2021,521490,3208
2021,521500,10193
2021,521520,2775
2021,521523,119649
2021,521525,4592
2021,521530,15834
2021,521540,3679
2021,521550,6895
2021,521560,35011
2021,521565,3470
2021,521570,29915
2021,521580,2382
2021,521590,3578
2021,521600,2590
2021,521630,10221
2021,521640,10988
2021,521645,3156
2021,521680,10240
2021,521690,2135
2021,521710,24543
2021,521720,10161
2021,521730,25218
2021,521740,31909
2021,521760,91345
2021,521770,17899
2021,521800,45866
2021,521805,3979
2021,521810,4032
2021,521830,37924
2021,521839,3211
2021,521850,51323
2021,521860,10961
2021,521870,4832
2021,521878,4728
2021,521880,247259
2021,521890,20012
2021,521900,7630
2021,521910,6701
2021,521920,2782
2021,521925,5585
2021,521930,38962
2021,521935,3821
2021,521940,9110
2021,521945,3367
2021,521950,2200
2021,521960,3207
2021,521970,8386
2021,521971,4886
2021,521973,6593
2021,521975,76871
2021,521980,13305
2021,521990,6265
2021,522000,14423
2021,522005,1312
2021,522010,34488
2021,522015,5263
2021,522020,21849
2021,522026,4105
2021,522028,2040
2021,522040,21318
2021,522045,121447
2021,522050,8737
2021,522060,20938
2021,522068,6895
2021,522070,3040
2021,522100,3506
2021,522108,3538
2021,522119,8326
2021,522130,2830
2021,522140,132006
2021,522145,3497
2021,522150,4526
2021,522155,5447
2021,522157,2829
2021,522160,41150
2021,522170,13795
2021,522180,3056
2021,522185,175720
2021,522190,3848
2021,522200,14088
2021,522205,9002
2021,522220,6451
2021,522230,5941
2021,530010,3094325
2023,110001,21494
2023,110002,96833
2023,110003,5351
2023,110004,86887
2023,110005,15890
2023,110006,15663
2023,110007,7519
2023,110008,12627
2023,110009,29414
2023,110010,39387
2023,110011,50591
2023,110012,124333
2023,110013,30707
2023,110014,15679
2023,110015,35044
2023,110018,35079
2023,110020,460434
2023,110025,19327
2023,110026,3471
2023,110028,56406
2023,110029,7419
2023,110030,95832
2023,110032,20746
2023,110033,25444
2023,110034,13117
2023,110037,11479
2023,110040,16320
2023,110045,27992
2023,110050,7667
2023,110060,4150
2023,110070,8844
2023,110080,22310
2023,110090,3233
2023,110092,9324
2023,110094,14863
2023,110100,8001
2023,110110,8548
2023,110120,6466
2023,110130,9235
2023,110140,11548
2023,110143,6200
2023,110145,4125
2023,110146,2156
2023,110147,3076
2023,110148,5258
2023,110149,16286
2023,110150,12060
2023,110155,4256
2023,110160,8113
2023,110170,10725
2023,110175,7788
2023,110180,6479
2023,120001,14021
2023,120005,8100
2023,120010,26000
2023,120013,12917
2023,120017,10392
2023,120020,91888
2023,120025,18757
2023,120030,35426
2023,120032,9222
2023,120033,19294
2023,120034,11996
2023,120035,17093
2023,120038,16560
2023,120039,10735
2023,120040,364756
2023,120042,14938
2023,120043,6723
2023,120045,21454
2023,120050,41343
2023,120060,43467
2023,120070,18243
2023,120080,16693
2023,130002,15866
2023,130006,10819
2023,130008,9962
2023,130010,17194
2023,130014,20647
2023,130020,15314
2023,130030,41564
2023,130040,18834
2023,130050,31051
2023,130060,37648
2023,130063,20718
2023,130068,23785
2023,130070,35447
2023,130080,33080
2023,130083,13469
2023,130090,16869
2023,130100,28742
2023,130110,30792
2023,130115,19637
2023,130120,70616
2023,130130,23549
2023,130140,33170
2023,130150,17186
2023,130160,25871
2023,130165,13815
2023,130170,57473
2023,130180,24311
2023,130185,61163
2023,130190,103598
2023,130195,10937
2023,130200,10162
2023,130210,8858
2023,130220,10742
2023,130230,25172
2023,130240,45448
2023,130250,101883
2023,130255,17107
2023,130260,2063689
2023,130270,53914
2023,130280,15529
2023,130290,61204
2023,130300,20136
2023,130310,27062
2023,130320,15761
2023,130330,23818
2023,130340,96372
2023,130350,19373
2023,130353,30668
2023,130356,24936
2023,130360,14164
2023,130370,28211
2023,130380,51795
2023,130390,32967
2023,130395,11670
2023,130400,11559
2023,130406,66764
2023,130410,19599
2023,130420,73669
2023,130423,19247
2023,130426,14431
2023,130430,18631
2023,130440,23945
2023,140002,13927
2023,140005,21096
2023,140010,413486
2023,140015,13923
2023,140017,18682
2023,140020,20957
2023,140023,10656
2023,140028,10023
2023,140030,18095
2023,140040,13986
2023,140045,19305
2023,140047,32647
2023,140050,8858
2023,140060,7315
2023,140070,13751
2023,150010,158188
2023,150013,6136
2023,150020,59023
2023,150030,37765
2023,150034,18080
2023,150040,69377
2023,150050,34280
2023,150060,126279
2023,150070,28011
2023,150080,478778
2023,150085,31850
2023,150090,44573
2023,150095,23774
2023,150100,18290
2023,150110,31892
2023,150120,51641
2023,150125,4031
2023,150130,126650
2023,150140,1303403
2023,150145,18099
2023,150150,63567
2023,150157,18005
2023,150160,12622
2023,150170,123082
2023,150172,24718
2023,150175,6783
2023,150178,45712
2023,150180,106968
2023,150190,24383
2023,150195,19630
2023,150200,23981
2023,150210,134184
2023,150215,77079
2023,150220,70394
2023,150230,56506
2023,150240,192256
2023,150250,20757
2023,150260,12868
2023,150270,44617
2023,150275,26881
2023,150276,14036
2023,150277,19950
2023,150280,33903
2023,150285,14117
2023,150290,41262
2023,150293,58484
2023,150295,28192
2023,150300,8728
2023,150304,17898
2023,150307,24703
2023,150309,26362
2023,150310,31786
2023,150320,35797
2023,150330,64831
2023,150340,10325
2023,150345,30329
2023,150350,30955
2023,150360,123314
2023,150370,49754
2023,150375,24042
2023,150380,37707
2023,150390,50881
2023,150400,29569
2023,150405,34353
2023,150410,8115
2023,150420,266533
2023,150430,25971
2023,150440,26573
2023,150442,111785
2023,150445,27094
2023,150450,27881
2023,150460,27198
2023,150470,84094
2023,150475,23501
2023,150480,60012
2023,150490,45368
2023,150495,20478
2023,150497,13955
2023,150500,12806
2023,150503,33638
2023,150506,60732
2023,150510,52229
2023,150520,33844
2023,150530,68294
2023,150540,17855
2023,150543,32467
2023,150548,41097
2023,150549,6885
2023,150550,105550
2023,150553,267836
2023,150555,6931
2023,150560,8285
2023,150563,12832
2023,150565,18668
2023,150570,24984
2023,150580,62503
2023,150590,40597
2023,150600,35577
2023,150610,10851
2023,150611,11524
2023,150613,85597
2023,150616,18384
2023,150618,53143
2023,150619,35769
2023,150620,44772
2023,150630,24129
2023,150635,21087
2023,150640,7445
2023,150650,73019
2023,150655,20370
2023,150658,16548
2023,150660,24624
2023,150670,32413
2023,150680,331942
2023,150690,6116
2023,150700,27461
2023,150710,16666
2023,150715,21092
2023,150720,30599
2023,150730,65418
2023,150740,14894
2023,150745,24255
2023,150746,4430
2023,150747,20689
2023,150750,13664
2023,150760,52894
2023,150770,25643
2023,150775,5847
2023,150780,22576
2023,150790,24204
2023,150795,72493
2023,150796,10400
2023,150797,18782
2023,150800,67585
2023,150803,28595
2023,150805,15242
2023,150808,39550
2023,150810,91306
2023,150812,37972
2023,150815,43558
2023,150820,50832
2023,150830,58692
2023,150835,15607
2023,150840,52893
2023,160005,4673
2023,160010,7943
2023,160015,12847
2023,160020,10612
2023,160021,4461
2023,160023,6666
2023,160025,5599
2023,160027,35114
2023,160030,442933
2023,160040,21924
2023,160050,27482
2023,160053,17848
2023,160055,3803
2023,160060,107618
2023,160070,12945
2023,160080,11291
2023,170025,2576
2023,170030,4497
2023,170035,5147
2023,170040,6499
2023,170070,8802
2023,170100,10325
2023,170105,2876
2023,170110,4856
2023,170130,5290
2023,170190,5927
2023,170200,8133
2023,170210,171301
2023,170215,4310
2023,170220,31918
2023,170230,5550
2023,170240,10287
2023,170255,17484
2023,170270,3342
2023,170290,10262
2023,170300,7880
2023,170305,3407
2023,170307,4476
2023,170310,4846
2023,170320,4229
2023,170330,4038
2023,170360,1974
2023,170370,4725
2023,170380,10307
2023,170382,1961
2023,170384,8653
2023,170386,4007
2023,170388,2201
2023,170389,3318
2023,170390,4847
2023,170410,2131
2023,170460,1501
2023,170510,3117
2023,170550,34233
2023,170555,4756
2023,170560,3887
2023,170600,5331
2023,170610,6371
2023,170625,1470
2023,170650,5827
2023,170700,17739
2023,170710,7024
2023,170720,6327
2023,170730,4248
2023,170740,7530
2023,170755,3467
2023,170765,5211
2023,170770,7712
2023,170820,18881
2023,170825,3455
2023,170830,4738
2023,170900,12433
2023,170930,24775
2023,170950,85125
2023,170980,1590
2023,171050,6819
2023,171070,5172
2023,171090,3577
2023,171110,2404
2023,171150,3334
2023,171180,2243
2023,171190,15288
2023,171195,3516
2023,171200,3357
2023,171215,1626
2023,171240,2999
2023,171245,2717
2023,171250,4615
2023,171270,2748
2023,171280,3095
2023,171320,18566
2023,171330,12701
2023,171360,5694
2023,171370,2396
2023,171380,4872
2023,171395,3367
2023,171420,8754
2023,171430,4521
2023,171488,10367
2023,171500,3362
2023,171510,3969
2023,171515,1846
2023,171525,2230
2023,171550,1164
2023,171570,4798
2023,171575,6975
2023,171610,52360
2023,171620,10542
2023,171630,4043
2023,171650,14055
2023,171660,9317
2023,171665,4921
2023,171670,8941
2023,171700,4478
2023,171720,2282
2023,171750,7128
2023,171780,4220
2023,171790,7586
2023,171800,2866
2023,171820,64418
2023,171830,9044
2023,171840,3047
2023,171845,2193
2023,171850,3421
2023,171855,3960
2023,171865,1768
2023,171870,2738
2023,171875,4841
2023,171880,4215
2023,171884,3723
2023,171886,7216
2023,171888,2680
2023,171889,2219
2023,171890,4653
2023,171900,2781
2023,172000,2406
2023,172010,5654
2023,172015,1783
2023,172020,13241
2023,172025,2385
2023,172030,4100
2023,172049,4422
2023,172065,5108
2023,172080,10830
2023,172085,1577
2023,172090,14011
2023,172093,2021
2023,172097,2456
2023,172100,302692
2023,172110,7459
2023,172120,22615
2023,172125,1909
2023,172130,1874
2023,172208,10522
2023,172210,10517
2023,210005,106550
2023,210010,6144
2023,210015,12142
2023,210020,18467
2023,210030,23286
2023,210040,6447
2023,210043,24048
2023,210047,25710
2023,210050,11109
2023,210055,7170
2023,210060,37085
2023,210070,25322
2023,210080,13793
2023,210083,17519
2023,210087,11181
2023,210090,39052
2023,210095,25517
2023,210100,29472
2023,210110,11790
2023,210120,103711
2023,210125,16966
2023,210130,16290
2023,210135,5252
2023,210140,101767
2023,210150,18984
2023,210160,84532
2023,210170,65589
2023,210173,8460
2023,210177,11750
2023,210180,5469
2023,210190,19584
2023,210193,5840
2023,210197,7574
2023,210200,33100
2023,210203,28599
2023,210207,12212
2023,210210,34120
2023,210215,9218
2023,210220,29685
2023,210230,22455
2023,210232,55499
2023,210235,12918
2023,210237,9732
2023,210240,10121
2023,210250,16412
2023,210255,12301
2023,210260,19932
2023,210270,24303
2023,210275,11374
2023,210280,24062
2023,210290,24238
2023,210300,156973
2023,210310,10208
2023,210312,7094
2023,210315,12342
2023,210317,16267
2023,210320,81386
2023,210325,12878
2023,210330,114275
2023,210340,41658
2023,210350,40316
2023,210355,14915
2023,210360,59566
2023,210370,31558
2023,210375,14404
2023,210380,23053
2023,210390,10223
2023,210400,18311
2023,210405,33294
2023,210407,8048
2023,210408,10873
2023,210409,17719
2023,210410,12640
2023,210420,16976
2023,210430,10186
2023,210440,17206
2023,210450,10231
2023,210455,18411
2023,210460,13930
2023,210462,7063
2023,210465,10713
2023,210467,23128
2023,210470,6023
2023,210480,73872
2023,210490,10290
2023,210500,25680
2023,210510,24794
2023,210515,13974
2023,210520,10231
2023,210530,273110
2023,210535,13828
2023,210540,60440
2023,210542,22513
2023,210545,7471
2023,210547,17076
2023,210550,24709
2023,210560,14924
2023,210565,5146
2023,210570,44403
2023,210580,9506
2023,210590,14769
2023,210592,10572
2023,210594,8758
2023,210596,11411
2023,210598,7057
2023,210600,11297
2023,210610,11597
2023,210620,7161
2023,210630,13807
2023,210632,21149
2023,210635,7027
2023,210637,13761
2023,210640,17090
2023,210650,22034
2023,210660,32174
2023,210663,17432
2023,210667,8818
2023,210670,21030
2023,210675,23864
2023,210680,13978
2023,210690,27751
2023,210700,9106
2023,210710,18554
2023,210720,14176
2023,210725,5021
2023,210730,4320
2023,210735,14314
2023,210740,17919
2023,210745,13577
2023,210750,145643
2023,210760,21059
2023,210770,18274
2023,210780,31250
2023,210790,17220
2023,210800,18802
2023,210805,17056
2023,210810,20341
2023,210820,37050
2023,210825,24320
2023,210830,32511
2023,210840,11108
2023,210845,20479
2023,210850,31429
2023,210860,84621
2023,210870,21886
2023,210880,17714
2023,210890,17161
2023,210900,23903
2023,210905,5954
2023,210910,45155
2023,210920,11356
2023,210923,4696
2023,210927,17511
2023,210930,10549
2023,210940,13614
2023,210945,30839
2023,210950,22145
2023,210955,7420
2023,210960,38475
2023,210970,5568
2023,210975,6697
2023,210980,41561
2023,210990,85014
2023,211000,57635
2023,211003,24307
2023,211010,23957
2023,211020,37035
2023,211023,10567
2023,211027,13949
2023,211030,14304
2023,211040,18364
2023,211050,46395
2023,211060,26943
2023,211065,7992
2023,211070,34034
2023,211080,4402
2023,211085,9051
2023,211090,12064
2023,211100,18544
2023,211102,12251
2023,211105,9904
2023,211107,16889
2023,211110,25020
2023,211120,244579
2023,211125,6957
2023,211130,1037775
2023,211140,17818
2023,211150,38829
2023,211153,14338
2023,211157,5783
2023,211160,18672
2023,211163,5650
2023,211167,4544
2023,211170,19498
2023,211172,8784
2023,211174,10207
2023,211176,14700
2023,211178,10202
2023,211180,17074
2023,211190,10238
2023,211195,4985
2023,211200,8862
2023,211210,26484
2023,211220,174465
2023,211223,22484
2023,211227,5507
2023,211230,36251
2023,211240,37491
2023,211245,31638
2023,211250,53356
2023,211260,32812
2023,211270,43261
2023,211280,51442
2023,211285,10362
2023,211290,30805
2023,211300,30845
2023,211400,40801
2023,220005,6420
2023,220010,4940
2023,220020,17573
2023,220025,6819
2023,220027,4634
2023,220030,13479
2023,220040,47453
2023,220045,5322
2023,220050,17234
2023,220060,6827
2023,220070,9407
2023,220080,3152
2023,220090,5369
2023,220095,2690
2023,220100,4520
2023,220105,7452
2023,220110,10866
2023,220115,13272
2023,220117,3995
2023,220120,47938
2023,220130,3264
2023,220140,6640
2023,220150,26300
2023,220155,4091
2023,220157,3423
2023,220160,9929
2023,220170,5562
2023,220173,6220
2023,220177,6902
2023,220180,4078
2023,220190,28796
2023,220191,5636
2023,220192,5913
2023,220194,6545
2023,220196,8436
2023,220198,3904
2023,220200,19654
2023,220202,7434
2023,220205,10212
2023,220207,3108
2023,220208,7957
2023,220209,5503
2023,220210,4938
2023,220211,4616
2023,220213,6020
2023,220217,7419
2023,220220,45793
2023,220225,3414
2023,220230,19365
2023,220240,11100
2023,220245,3974
2023,220250,10318
2023,220253,5630
2023,220255,5033
2023,220260,19288
2023,220265,5496
2023,220270,28212
2023,220271,4911
2023,220272,6386
2023,220273,4117
2023,220275,6150
2023,220277,6994
2023,220280,4932
2023,220285,4250
2023,220290,27278
2023,220300,7356
2023,220310,10503
2023,220320,11270
2023,220323,4854
2023,220325,4413
2023,220327,5073
2023,220330,16352
2023,220335,7054
2023,220340,6320
2023,220342,4075
2023,220345,9159
2023,220350,13607
2023,220360,4377
2023,220370,40970
2023,220375,5284
2023,220380,4414
2023,220385,2333
2023,220390,62036
2023,220400,4505
2023,220410,4412
2023,220415,2929
2023,220420,8237
2023,220430,10259
2023,220435,5445
2023,220440,10892
2023,220450,10270
2023,220455,4276
2023,220460,3518
2023,220465,9274
2023,220470,14958
2023,220480,9420
2023,220490,7774
2023,220500,10790
2023,220510,10323
2023,220515,5613
2023,220520,17527
2023,220525,4180
2023,220527,4494
2023,220530,4497
2023,220535,2970
2023,220540,13886
2023,220545,5394
2023,220550,42559
2023,220551,5214
2023,220552,5388
2023,220553,4425
2023,220554,2939
2023,220555,8256
2023,220556,4995
2023,220557,6331
2023,220558,4810
2023,220559,4520
2023,220560,5213
2023,220570,30641
2023,220580,25375
2023,220585,8032
2023,220590,5209
2023,220595,8533
2023,220600,4724
2023,220605,5218
2023,220610,10641
2023,220620,32150
2023,220630,1318
2023,220635,6542
2023,220640,10255
2023,220650,7577
2023,220660,10660
2023,220665,4377
2023,220667,6425
2023,220669,9797
2023,220670,6665
2023,220672,10262
2023,220675,5228
2023,220680,8525
2023,220690,6097
2023,220695,2827
2023,220700,38161
2023,220710,2637
2023,220720,6382
2023,220730,4088
2023,220735,3000
2023,220740,4952
2023,220750,13264
2023,220755,3813
2023,220760,10103
2023,220770,162159
2023,220775,4135
2023,220777,5425
2023,220779,3880
2023,220780,21055
2023,220785,3628
2023,220790,37894
2023,220793,2458
2023,220795,4076
2023,220800,83090
2023,220810,11341
2023,220820,17613
2023,220830,28846
2023,220840,65538
2023,220850,12052
2023,220855,2364
2023,220860,3042
2023,220865,8738
2023,220870,8394
2023,220880,17133
2023,220885,4165
2023,220887,4055
2023,220890,6164
2023,220900,5801
2023,220910,5831
2023,220915,3435
2023,220920,6087
2023,220930,5336
2023,220935,4125
2023,220937,4650
2023,220940,5839
2023,220945,2138
2023,220950,3646
2023,220955,4358
2023,220960,2842
2023,220965,5572
2023,220970,5392
2023,220975,2947
2023,220980,4837
2023,220985,4242
2023,220987,5522
2023,220990,6114
2023,220995,4383
2023,220997,8186
2023,221000,21421
2023,221005,4841
2023,221010,3297
2023,221020,6597
2023,221030,6025
2023,221035,4410
2023,221037,2309
2023,221038,2269
2023,221039,2829
2023,221040,17554
2023,221050,13755
2023,221060,38934
2023,221062,3202
2023,221063,4446
2023,221065,9460
2023,221070,14350
2023,221080,13870
2023,221090,4141
2023,221093,6220
2023,221095,2949
2023,221097,2316
2023,221100,866300
2023,221110,46119
2023,221120,25203
2023,221130,22279
2023,221135,5055
2023,221140,4417
2023,221150,3185
2023,221160,2935
2023,221170,4059
2023,230010,10038
2023,230015,14027
2023,230020,65264
2023,230030,44962
2023,230040,14076
2023,230050,11369
2023,230060,6782
2023,230070,14155
2023,230075,42156
2023,230080,7245
2023,230090,12928
2023,230100,80645
2023,230110,75113
2023,230120,25553
2023,230125,11096
2023,230130,19783
2023,230140,11224
2023,230150,7429
2023,230160,21697
2023,230170,23714
2023,230180,5704
2023,230185,17195
2023,230190,75033
2023,230195,22392
2023,230200,19381
2023,230205,14567
2023,230210,35218
2023,230220,53114
2023,230230,32775
2023,230240,50411
2023,230250,51090
2023,230260,62326
2023,230270,25135
2023,230280,74174
2023,230290,17254
2023,230300,16377
2023,230310,17632
2023,230320,26320
2023,230330,17015
2023,230340,17210
2023,230350,72720
2023,230360,10243
2023,230365,10444
2023,230370,355679
2023,230380,22344
2023,230390,12462
2023,230393,12113
2023,230395,20163
2023,230400,20953
2023,230410,76390
2023,230420,131050
2023,230423,17481
2023,230425,29761
2023,230426,8932
2023,230427,6247
2023,230428,74170
2023,230430,18217
2023,230435,24173
2023,230440,2428708
2023,230445,17294
2023,230450,15657
2023,230460,6734
2023,230465,13801
2023,230470,53344
2023,230480,4841
2023,230490,10910
2023,230495,24325
2023,230500,42053
2023,230510,5654
2023,230520,17855
2023,230523,74755
2023,230526,11956
2023,230530,23965
2023,230533,11611
2023,230535,21433
2023,230540,62642
2023,230550,98064
2023,230560,24024
2023,230565,11575
2023,230570,12083
2023,230580,41081
2023,230590,36798
2023,230600,14001
2023,230610,23915
2023,230620,7536
2023,230625,64650
2023,230630,46426
2023,230640,131123
2023,230650,17841
2023,230655,42957
2023,230660,20424
2023,230670,17232
2023,230680,10356
2023,230690,33726
2023,230700,31701
2023,230710,27411
2023,230720,7861
2023,230725,25555
2023,230730,286120
2023,230740,23922
2023,230750,30802
2023,230760,59560
2023,230763,16896
2023,230765,234509
2023,230770,105093
2023,230780,25799
2023,230790,10846
2023,230800,37697
2023,230810,45561
2023,230820,15157
2023,230830,25900
2023,230835,14123
2023,230837,14196
2023,230840,36822
2023,230850,37735
2023,230860,17149
2023,230870,61443
2023,230880,8254
2023,230890,22753
2023,230900,13666
2023,230910,10569
2023,230920,15399
2023,230930,30699
2023,230940,27545
2023,230945,24493
2023,230950,19675
2023,230960,70983
2023,230970,81524
2023,230980,11186
2023,230990,6175
2023,231000,9346
2023,231010,10242
2023,231020,38980
2023,231025,32216
2023,231030,31445
2023,231040,10384
2023,231050,40187
2023,231060,8972
2023,231070,37813
2023,231080,15501
2023,231085,23391
2023,231090,16616
2023,231095,10606
2023,231100,12065
2023,231110,17050
2023,231120,8833
2023,231123,5974
2023,231126,20213
2023,231130,84168
2023,231135,15910
2023,231140,82177
2023,231150,20874
2023,231160,27214
2023,231170,18606
2023,231180,72928
2023,231190,13854
2023,231195,16633
2023,231200,30628
2023,231210,16954
2023,231220,40183
2023,231230,47640
2023,231240,54143
2023,231250,5855
2023,231260,10822
2023,231270,24266
2023,231280,7262
2023,231290,203023
2023,231300,18179
2023,231310,30652
2023,231320,24815
2023,231325,7529
2023,231330,61227
2023,231335,17154
2023,231340,81506
2023,231350,58415
2023,231355,15412
2023,231360,32767
2023,231370,6871
2023,231375,17470
2023,231380,20189
2023,231390,13746
2023,231395,18105
2023,231400,38984
2023,231410,59712
2023,240010,10597
2023,240020,56496
2023,240030,10839
2023,240040,2946
2023,240050,13640
2023,240060,4687
2023,240070,12484
2023,240080,11632
2023,240090,6577
2023,240100,35897
2023,240110,24093
2023,240120,13251
2023,240130,9730
2023,240140,8825
2023,240145,26913
2023,240150,3986
2023,240160,4807
2023,240165,2306
2023,240170,9952
2023,240180,12202
2023,240185,6293
2023,240190,3268
2023,240200,61146
2023,240210,10215
2023,240220,29668
2023,240230,19614
2023,240240,7992
2023,240250,9714
2023,240260,79115
2023,240270,11000
2023,240280,5117
2023,240290,4237
2023,240300,8005
2023,240310,41313
2023,240320,7044
2023,240325,252716
2023,240330,6016
2023,240340,5360
2023,240350,10620
2023,240360,61635
2023,240370,6259
2023,240375,2938
2023,240380,10196
2023,240390,2700
2023,240400,4122
2023,240410,2104
2023,240420,26741
2023,240430,11932
2023,240440,9924
2023,240450,15295
2023,240460,11615
2023,240470,14131
2023,240480,2035
2023,240485,7292
2023,240490,5320
2023,240500,7834
2023,240510,6562
2023,240520,4746
2023,240530,8591
2023,240540,5117
2023,240550,2437
2023,240560,13977
2023,240570,11655
2023,240580,33290
2023,240590,2076
2023,240600,5803
2023,240610,17793
2023,240615,3739
2023,240620,6513
2023,240630,7338
2023,240640,2567
2023,240650,15573
2023,240660,8319
2023,240670,9866
2023,240680,4787
2023,240690,3490
2023,240700,9070
2023,240710,82249
2023,240720,27369
2023,240725,3924
2023,240730,7896
2023,240740,8179
2023,240750,10255
2023,240760,4274
2023,240770,11444
2023,240780,23031
2023,240790,2276
2023,240800,264577
2023,240810,751300
2023,240820,31942
2023,240830,34204
2023,240840,3905
2023,240850,4913
2023,240860,3934
2023,240870,3579
2023,240880,4801
2023,240890,21499
2023,240895,10351
2023,240910,11102
2023,240920,3115
2023,240930,11007
2023,240933,4847
2023,240940,30479
2023,240950,3618
2023,240960,2441
2023,240970,6242
2023,240980,13824
2023,240990,12278
2023,241000,2965
2023,241010,12390
2023,241020,7601
2023,241025,5228
2023,241030,10743
2023,241040,9362
2023,241050,5432
2023,241060,2934
2023,241070,2701
2023,241080,4127
2023,241090,7389
2023,241100,4242
2023,241105,5382
2023,241110,3206
2023,241120,37313
2023,241140,12456
2023,241142,2696
2023,241150,22177
2023,241160,3304
2023,241170,3792
2023,241180,3492
2023,241190,4161
2023,241200,115838
2023,241210,5956
2023,241220,47286
2023,241230,11121
2023,241240,4558
2023,241250,23537
2023,241255,10221
2023,241260,16786
2023,241270,5776
2023,241280,7711
2023,241290,9972
2023,241300,6310
2023,241310,5807
2023,241320,4065
2023,241330,5703
2023,241335,13091
2023,241340,7597
2023,241350,6436
2023,241355,4659
2023,241360,5487
2023,241370,4654
2023,241380,2338
2023,241390,11422
2023,241400,13281
2023,241410,10262
2023,241415,5891
2023,241420,16929
2023,241430,2348
2023,241440,33035
2023,241445,3376
2023,241450,10078
2023,241460,13577
2023,241470,5233
2023,241475,3014
2023,241480,10735
2023,241490,1822
2023,241500,3174
2023,250010,9335
2023,250020,5003
2023,250030,26062
2023,250040,21013
2023,250050,13725
2023,250053,5578
2023,250057,2953
2023,250060,21730
2023,250070,17964
2023,250073,2234
2023,250077,7960
2023,250080,16646
2023,250090,12212
2023,250100,17189
2023,250110,22633
2023,250115,2005
2023,250120,7128
2023,250130,18705
2023,250135,4152
2023,250140,9224
2023,250150,23134
2023,250153,4762
2023,250157,8059
2023,250160,12904
2023,250170,5906
2023,250180,82742
2023,250190,16401
2023,250200,6268
2023,250205,3504
2023,250210,5207
2023,250215,6377
2023,250220,2286
2023,250230,4661
2023,250240,10252
2023,250250,17598
2023,250260,5648
2023,250270,4214
2023,250280,13613
2023,250290,5742
2023,250300,21193
2023,250310,5335
2023,250320,66519
2023,250330,9151
2023,250340,3291
2023,250350,16064
2023,250355,7223
2023,250360,6602
2023,250370,63239
2023,250375,2740
2023,250380,5753
2023,250390,6085
2023,250400,419379
2023,250403,6970
2023,250407,3944
2023,250410,2312
2023,250415,6889
2023,250420,4491
2023,250430,30661
2023,250435,5254
2023,250440,18260
2023,250450,6451
2023,250460,27605
2023,250470,4933
2023,250480,14683
2023,250485,1824
2023,250490,17095
2023,250500,7580
2023,250510,19719
2023,250520,6730
2023,250523,6251
2023,250527,5254
2023,250530,2292
2023,250535,4982
2023,250540,8067
2023,250550,3641
2023,250560,6299
2023,250570,10380
2023,250580,3327
2023,250590,3011
2023,250600,31231
2023,250610,11049
2023,250620,2846
2023,250625,8179
2023,250630,57484
2023,250640,13766
2023,250650,3242
2023,250660,5631
2023,250670,10392
2023,250680,17692
2023,250690,23182
2023,250700,23940
2023,250710,18382
2023,250720,10499
2023,250730,14477
2023,250740,7516
2023,250750,833932
2023,250760,7796
2023,250770,17007
2023,250780,6793
2023,250790,10012
2023,250800,9234
2023,250810,4415
2023,250820,7819
2023,250830,27730
2023,250840,3162
2023,250850,6877
2023,250855,4797
2023,250860,12560
2023,250870,3583
2023,250880,6046
2023,250890,44599
2023,250900,10434
2023,250905,8999
2023,250910,21512
2023,250915,6705
2023,250920,14139
2023,250930,8244
2023,250933,4571
2023,250937,2543
2023,250939,6433
2023,250940,13899
2023,250950,5812
2023,250960,4338
2023,250970,32277
2023,250980,8791
2023,250990,8945
2023,251000,7203
2023,251010,9724
2023,251020,5787
2023,251030,4259
2023,251040,6060
2023,251050,3580
2023,251060,2918
2023,251065,1720
2023,251070,2463
2023,251080,103165
2023,251090,11834
2023,251100,3739
2023,251110,6859
2023,251120,29662
2023,251130,16441
2023,251140,18333
2023,251150,12311
2023,251160,6815
2023,251170,5329
2023,251180,9340
2023,251190,16751
2023,251200,17469
2023,251203,3830
2023,251207,4006
2023,251210,32473
2023,251220,3915
2023,251230,21114
2023,251240,14277
2023,251250,47658
2023,251260,1743
2023,251270,17885
2023,251272,5766
2023,251274,2927
2023,251275,4690
2023,251276,4738
2023,251278,1955
2023,251280,8493
2023,251290,24581
2023,251300,3355
2023,251310,11505
2023,251315,7670
2023,251320,5947
2023,251330,5865
2023,251335,3227
2023,251340,14959
2023,251350,5010
2023,251360,6569
2023,251365,2539
2023,251370,149910
2023,251380,4402
2023,251385,2622
2023,251390,32235
2023,251392,4327
2023,251394,2585
2023,251396,2595
2023,251398,3137
2023,251400,4226
2023,251410,4263
2023,251420,7126
2023,251430,5034
2023,251440,4083
2023,251445,5891
2023,251450,19067
2023,251455,3416
2023,251460,3242
2023,251465,1699
2023,251470,4138
2023,251480,3411
2023,251490,7470
2023,251500,7066
2023,251510,11040
2023,251520,3279
2023,251530,51306
2023,251540,10291
2023,251550,13614
2023,251560,3094
2023,251570,2942
2023,251580,6828
2023,251590,4885
2023,251593,5054
2023,251597,8236
2023,251600,26774
2023,251610,13968
2023,251615,3345
2023,251620,67259
2023,251630,17166
2023,251640,8010
2023,251650,14068
2023,251660,14101
2023,251670,14631
2023,251675,2966
2023,251680,9892
2023,251690,14930
2023,251700,9124
2023,251710,2668
2023,251720,4864
2023,251740,2228
2023,260005,98462
2023,260010,40004
2023,260020,18674
2023,260030,23779
2023,260040,26461
2023,260050,41548
2023,260060,14033
2023,260070,35741
2023,260080,20674
2023,260090,18205
2023,260100,10238
2023,260105,19243
2023,260110,85088
2023,260120,77742
2023,260130,12263
2023,260140,40121
2023,260150,10561
2023,260160,18301
2023,260170,79507
2023,260180,11649
2023,260190,61794
2023,260200,34478
2023,260210,44103
2023,260220,37497
2023,260230,37316
2023,260240,9079
2023,260250,7720
2023,260260,48645
2023,260270,12808
2023,260280,52097
2023,260290,203440
2023,260300,30294
2023,260310,19899
2023,260320,28827
2023,260330,11080
2023,260340,5228
2023,260345,147771
2023,260350,17419
2023,260360,7750
2023,260370,24344
2023,260380,18415
2023,260390,18907
2023,260392,12239
2023,260400,79293
2023,260410,377911
2023,260415,13119
2023,260420,32156
2023,260430,10518
2023,260440,12984
2023,260450,20546
2023,260460,24587
2023,260470,17131
2023,260480,10356
2023,260490,15859
2023,260500,23518
2023,260510,37245
2023,260515,17188
2023,260520,59872
2023,260530,31843
2023,260540,21427
2023,260545,3167
2023,260550,15026
2023,260560,20347
2023,260570,30069
2023,260580,13672
2023,260590,18214
2023,260600,142526
2023,260610,28916
2023,260620,81055
2023,260630,6967
2023,260640,86516
2023,260650,17165
2023,260660,27346
2023,260670,7140
2023,260680,115196
2023,260690,11058
2023,260700,25740
2023,260710,4779
2023,260720,98932
2023,260730,29009
2023,260740,4352
2023,260750,31611
2023,260760,24540
2023,260765,34935
2023,260770,13791
2023,260775,27749
2023,260780,16554
2023,260790,644037
2023,260795,10247
2023,260800,15843
2023,260805,14020
2023,260810,27725
2023,260820,13269
2023,260825,11519
2023,260830,15329
2023,260840,13648
2023,260845,17981
2023,260850,19434
2023,260860,11984
2023,260870,14076
2023,260875,24088
2023,260880,39582
2023,260890,56510
2023,260900,23879
2023,260910,11284
2023,260915,25432
2023,260920,9359
2023,260930,14166
2023,260940,55292
2023,260950,30648
2023,260960,349976
2023,260970,21841
2023,260980,13613
2023,260990,65245
2023,261000,54584
2023,261010,7032
2023,261020,22991
2023,261030,12199
2023,261040,18612
2023,261050,28340
2023,261060,56665
2023,261070,342167
2023,261080,22795
2023,261090,62610
2023,261100,34161
2023,261110,386791
2023,261120,10500
2023,261130,25464
2023,261140,13857
2023,261150,17928
2023,261153,6554
2023,261160,1488920
2023,261170,20641
2023,261180,33507
2023,261190,20009
2023,261200,10887
2023,261210,5727
2023,261220,62372
2023,261230,13836
2023,261240,18624
2023,261245,13841
2023,261247,11567
2023,261250,98254
2023,261255,12106
2023,261260,40578
2023,261270,14013
2023,261280,10244
2023,261290,13113
2023,261300,49370
2023,261310,37126
2023,261320,23817
2023,261330,19854
2023,261340,18825
2023,261350,34843
2023,261360,31004
2023,261370,111249
2023,261380,16677
2023,261390,92228
2023,261400,18207
2023,261410,32729
2023,261420,37596
2023,261430,10540
2023,261440,5271
2023,261450,64183
2023,261460,27623
2023,261470,13738
2023,261480,23902
2023,261485,23561
2023,261500,24736
2023,261510,6653
2023,261520,8920
2023,261530,46147
2023,261540,41137
2023,261550,13867
2023,261560,30321
2023,261570,14705
2023,261580,25536
2023,261590,7985
2023,261600,16872
2023,261610,9169
2023,261618,7558
2023,261620,21959
2023,261630,26355
2023,261640,134084
2023,261650,11611
2023,270010,19174
2023,270020,13966
2023,270030,234696
2023,270040,37512
2023,270050,16365
2023,270060,7944
2023,270070,16774
2023,270080,4722
2023,270090,5787
2023,270100,21187
2023,270110,9603
2023,270120,10477
2023,270130,16359
2023,270135,6665
2023,270140,32106
2023,270150,8143
2023,270160,15376
2023,270170,14817
2023,270180,8999
2023,270190,5910
2023,270200,10810
2023,270210,15717
2023,270220,5581
2023,270230,50414
2023,270235,24686
2023,270240,51318
2023,270250,9721
2023,270255,15429
2023,270260,22712
2023,270270,3963
2023,270280,9618
2023,270290,36238
2023,270300,13731
2023,270310,24594
2023,270320,21721
2023,270330,15167
2023,270340,5083
2023,270350,5352
2023,270360,9219
2023,270370,4985
2023,270375,9470
2023,270380,17150
2023,270390,4092
2023,270400,23907
2023,270410,18457
2023,270420,24740
2023,270430,957916
2023,270440,17503
2023,270450,32174
2023,270460,9534
2023,270470,60370
2023,270480,13679
2023,270490,3155
2023,270500,21861
2023,270510,23857
2023,270520,15405
2023,270530,4845
2023,270540,7184
2023,270550,25187
2023,270560,10119
2023,270570,20715
2023,270580,8349
2023,270590,4306
2023,270600,10824
2023,270610,11446
2023,270620,4325
2023,270630,71574
2023,270640,23823
2023,270642,10573
2023,270644,13835
2023,270650,13804
2023,270660,6576
2023,270670,58593
2023,270680,15908
2023,270690,35370
2023,270700,2731
2023,270710,22609
2023,270720,12728
2023,270730,24071
2023,270740,9295
2023,270750,19846
2023,270760,11080
2023,270770,93927
2023,270780,6474
2023,270790,6919
2023,270800,46087
2023,270810,11323
2023,270820,6425
2023,270830,20813
2023,270840,30604
2023,270850,30873
2023,270860,51990
2023,270870,8482
2023,270880,31730
2023,270890,24278
2023,270895,12303
2023,270900,5796
2023,270910,19032
2023,270915,38053
2023,270920,23695
2023,270930,59280
2023,270940,23972
2023,280010,2170
2023,280020,20131
2023,280030,602757
2023,280040,10318
2023,280050,18081
2023,280060,41511
2023,280067,24636
2023,280070,7841
2023,280100,18149
2023,280110,3791
2023,280120,26834
2023,280130,31645
2023,280140,19939
2023,280150,13853
2023,280160,5391
2023,280170,17100
2023,280190,3824
2023,280200,4340
2023,280210,65078
2023,280220,6017
2023,280230,14530
2023,280240,11095
2023,280250,3037
2023,280260,5838
2023,280270,8321
2023,280280,16549
2023,280290,103440
2023,280300,40678
2023,280310,4745
2023,280320,34411
2023,280330,16209
2023,280340,13407
2023,280350,101579
2023,280360,23975
2023,280370,6838
2023,280380,3579
2023,280390,11533
2023,280400,15719
2023,280410,11050
2023,280420,14356
2023,280430,7822
2023,280440,16426
2023,280445,9232
2023,280450,41147
2023,280460,24996
2023,280470,6268
2023,280480,192330
2023,280490,12502
2023,280500,2778
2023,280510,7396
2023,280520,5677
2023,280530,7913
2023,280540,33439
2023,280550,21794
2023,280560,26576
2023,280570,26618
2023,280580,18313
2023,280590,8748
2023,280600,17033
2023,280610,9295
2023,280620,20279
2023,280630,13616
2023,280640,7346
2023,280650,3937
2023,280660,11092
2023,280670,95612
2023,280680,10327
2023,280690,3243
2023,280700,3434
2023,280710,42578
2023,280720,7834
2023,280730,3274
2023,280740,50905
2023,280750,12012
2023,280760,23917
2023,290010,7301
2023,290020,17639
2023,290030,13795
2023,290035,14201
2023,290040,14497
2023,290050,10604
2023,290060,4447
2023,290070,151055
2023,290080,24530
2023,290090,5218
2023,290100,36521
2023,290110,24138
2023,290115,15137
2023,290120,25438
2023,290130,13080
2023,290135,15012
2023,290140,13732
2023,290150,11031
2023,290160,14752
2023,290170,11146
2023,290180,10862
2023,290190,15922
2023,290195,6913
2023,290200,13936
2023,290205,11557
2023,290210,48294
2023,290220,9833
2023,290225,10191
2023,290230,8677
2023,290240,11179
2023,290250,13614
2023,290260,18220
2023,290265,11958
2023,290270,51092
2023,290280,26026
2023,290290,36539
2023,290300,13836
2023,290310,5775
2023,290320,159734
2023,290323,13453
2023,290327,15203
2023,290330,5833
2023,290340,20121
2023,290350,18412
2023,290360,15146
2023,290370,13690
2023,290380,16873
2023,290390,65550
2023,290395,9730
2023,290400,13622
2023,290405,15844
2023,290410,19322
2023,290420,11024
2023,290430,12943
2023,290440,9108
2023,290450,11765
2023,290460,70510
2023,290470,14804
2023,290475,19589
2023,290480,6205
2023,290485,16559
2023,290490,29250
2023,290500,22462
2023,290510,10384
2023,290515,11266
2023,290520,52012
2023,290530,17466
2023,290540,17761
2023,290550,13080
2023,290560,22579
2023,290570,300372
2023,290580,30469
2023,290590,30671
2023,290600,71377
2023,290610,10225
2023,290620,24206
2023,290630,32683
2023,290640,7772
2023,290650,72382
2023,290660,13016
2023,290670,25247
2023,290680,37439
2023,290682,16105
2023,290685,10744
2023,290687,33235
2023,290689,9940
2023,290690,20580
2023,290700,8365
2023,290710,28869
2023,290720,72086
2023,290730,24712
2023,290740,3434
2023,290750,48148
2023,290755,8841
2023,290760,16348
2023,290770,10579
2023,290780,30749
2023,290790,17230
2023,290800,17333
2023,290810,19151
2023,290820,20800
2023,290830,15794
2023,290840,67825
2023,290850,35308
2023,290860,23654
2023,290870,17053
2023,290880,4333
2023,290890,26692
2023,290900,7546
2023,290910,13990
2023,290920,17056
2023,290930,32457
2023,290940,13063
2023,290950,4415
2023,290960,19729
2023,290970,13993
2023,290980,60348
2023,290990,34180
2023,291000,10820
2023,291005,71485
2023,291010,11884
2023,291020,4407
2023,291030,7808
2023,291040,19107
2023,291050,38098
2023,291060,32554
2023,291070,61456
2023,291072,113710
2023,291075,17896
2023,291077,5631
2023,291080,616272
2023,291085,17897
2023,291090,4873
2023,291100,11059
2023,291110,25899
2023,291120,32178
2023,291125,4360
2023,291130,10884
2023,291140,15524
2023,291150,5555
2023,291160,20605
2023,291165,8050
2023,291170,87817
2023,291180,19049
2023,291185,12687
2023,291190,24607
2023,291200,10429
2023,291210,21665
2023,291220,20785
2023,291230,13934
2023,291240,16603
2023,291250,13863
2023,291260,3725
2023,291270,25344
2023,291280,8896
2023,291290,18792
2023,291300,14637
2023,291310,16969
2023,291320,26309
2023,291330,6190
2023,291340,15527
2023,291345,13151
2023,291350,21491
2023,291360,178649
2023,291370,33790
2023,291380,13709
2023,291390,40706
2023,291400,56876
2023,291410,9935
2023,291420,6101
2023,291430,10752
2023,291440,23879
2023,291450,28043
2023,291460,74507
2023,291465,28165
2023,291470,65073
2023,291480,186708
2023,291490,27704
2023,291500,13472
2023,291510,13803
2023,291520,15310
2023,291530,6347
2023,291535,12311
2023,291540,6037
2023,291550,18781
2023,291560,59605
2023,291570,7051
2023,291580,24394
2023,291590,5914
2023,291600,17813
2023,291610,19789
2023,291620,10341
2023,291630,9174
2023,291640,65897
2023,291650,31679
2023,291660,10279
2023,291670,8153
2023,291680,17052
2023,291685,15737
2023,291690,10999
2023,291700,33872
2023,291710,16617
2023,291720,17914
2023,291730,21902
2023,291733,11118
2023,291735,9275
2023,291740,14436
2023,291750,82590
2023,291760,45964
2023,291770,32703
2023,291780,17659
2023,291790,9285
2023,291800,158813
2023,291810,37626
2023,291820,13629
2023,291830,14355
2023,291835,24854
2023,291840,237821
2023,291845,9655
2023,291850,16354
2023,291855,5888
2023,291860,7379
2023,291870,4075
2023,291875,14105
2023,291880,21052
2023,291890,3845
2023,291900,3527
2023,291905,7494
2023,291910,9015
2023,291915,25736
2023,291920,203331
2023,291930,10774
2023,291940,11834
2023,291950,43903
2023,291955,107909
2023,291960,10454
2023,291970,21599
2023,291980,41859
2023,291990,7256
2023,291992,18504
2023,291995,6973
2023,292000,8731
2023,292010,17674
2023,292020,15398
2023,292030,8670
2023,292040,13860
2023,292045,13919
2023,292050,27620
2023,292060,35859
2023,292070,24527
2023,292080,9267
2023,292090,13544
2023,292100,42566
2023,292105,10330
2023,292110,22194
2023,292120,24661
2023,292130,11071
2023,292140,15734
2023,292145,10187
2023,292150,47780
2023,292160,7996
2023,292170,33594
2023,292180,11143
2023,292190,12137
2023,292200,37977
2023,292205,13152
2023,292210,17305
2023,292220,7190
2023,292225,10443
2023,292230,28707
2023,292240,20037
2023,292250,27060
2023,292260,12063
2023,292265,18523
2023,292270,13715
2023,292273,7967
2023,292275,6501
2023,292280,7780
2023,292285,7538
2023,292290,24236
2023,292300,39509
2023,292303,11162
2023,292305,11101
2023,292310,22633
2023,292320,20715
2023,292330,7716
2023,292335,19243
2023,292340,20078
2023,292350,10339
2023,292360,20351
2023,292370,29252
2023,292380,26604
2023,292390,9370
2023,292400,112870
2023,292405,13243
2023,292410,6235
2023,292420,13954
2023,292430,20086
2023,292440,35357
2023,292450,14731
2023,292460,19083
2023,292465,10325
2023,292467,10974
2023,292470,9171
2023,292480,17566
2023,292490,8022
2023,292500,23334
2023,292510,48293
2023,292520,32136
2023,292525,17938
2023,292530,168326
2023,292540,10274
2023,292550,35003
2023,292560,15130
2023,292570,12621
2023,292575,27734
2023,292580,25988
2023,292590,25272
2023,292593,9461
2023,292595,19662
2023,292600,40586
2023,292610,13651
2023,292620,21642
2023,292630,33386
2023,292640,30711
2023,292650,14064
2023,292660,53566
2023,292665,9740
2023,292670,13184
2023,292680,13146
2023,292690,10497
2023,292700,35362
2023,292710,10308
2023,292720,28282
2023,292730,14987
2023,292740,2417678
2023,292750,20952
2023,292760,14965
2023,292770,29185
2023,292780,4681
2023,292790,10300
2023,292800,37834
2023,292805,13896
2023,292810,38604
2023,292820,24755
2023,292830,8716
2023,292840,27390
2023,292850,10441
2023,292860,56012
2023,292870,103055
2023,292880,52276
2023,292890,32828
2023,292895,8426
2023,292900,11026
2023,292905,15194
2023,292910,20283
2023,292920,38733
2023,292925,18600
2023,292930,39513
2023,292935,5315
2023,292937,10187
2023,292940,10334
2023,292950,40958
2023,292960,17963
2023,292970,16008
2023,292975,11438
2023,292980,10478
2023,292990,46160
2023,293000,9360
2023,293010,74523
2023,293015,34222
2023,293020,38154
2023,293030,17066
2023,293040,17996
2023,293050,80435
2023,293060,13335
2023,293070,114559
2023,293075,13408
2023,293076,13786
2023,293077,25475
2023,293080,17054
2023,293090,11979
2023,293100,21006
2023,293105,17158
2023,293110,7717
2023,293120,18044
2023,293130,15818
2023,293135,145216
2023,293140,7110
2023,293150,21176
2023,293160,15332
2023,293170,10798
2023,293180,16277
2023,293190,48736
2023,293200,24665
2023,293210,18626
2023,293220,17596
2023,293230,16094
2023,293240,13432
2023,293245,13642
2023,293250,18131
2023,293260,15355
2023,293270,21420
2023,293280,16277
2023,293290,85655
2023,293300,24362
2023,293305,13800
2023,293310,8101
2023,293315,13377
2023,293317,9913
2023,293320,42529
2023,293325,6003
2023,293330,370879
2023,293340,9503
2023,293345,12968
2023,293350,24474
2023,293360,44757
2023,310010,6272
2023,310020,22675
2023,310030,13927
2023,310040,3909
2023,310050,8943
2023,310060,12589
2023,310070,2108
2023,310080,4357
2023,310090,18448
2023,310100,14037
2023,310110,25269
2023,310120,6233
2023,310130,2749
2023,310140,2952
2023,310150,30717
2023,310160,78970
2023,310163,6931
2023,310170,40364
2023,310180,6903
2023,310190,18300
2023,310200,13915
2023,310205,5795
2023,310210,10891
2023,310220,3975
2023,310230,15059
2023,310240,4159
2023,310250,4541
2023,310260,40553
2023,310270,9110
2023,310280,11927
2023,310285,7718
2023,310290,11095
2023,310300,9219
2023,310310,1538
2023,310320,2181
2023,310330,2049
2023,310340,34297
2023,310350,117808
2023,310360,2915
2023,310370,8048
2023,310375,8479
2023,310380,2631
2023,310390,9199
2023,310400,111691
2023,310410,9177
2023,310420,41416
2023,310430,13881
2023,310440,2688
2023,310445,4719
2023,310450,17272
2023,310460,14138
2023,310470,13736
2023,310480,4538
2023,310490,18366
2023,310500,7492
2023,310510,23546
2023,310520,4741
2023,310530,5943
2023,310540,30778
2023,310550,4964
2023,310560,125317
2023,310570,5666
2023,310590,20080
2023,310600,10167
2023,310610,3244
2023,310620,2315560
2023,310630,23928
2023,310640,8627
2023,310650,9826
2023,310660,4451
2023,310665,4201
2023,310670,411846
2023,310680,3361
2023,310690,13978
2023,310700,2383
2023,310710,39848
2023,310720,5348
2023,310730,48032
2023,310740,51737
2023,310750,6783
2023,310760,4474
2023,310770,5631
2023,310780,14536
2023,310790,12649
2023,310800,17151
2023,310810,7434
2023,310820,5528
2023,310825,10204
2023,310830,17404
2023,310840,14828
2023,310850,5790
2023,310855,15020
2023,310860,32025
2023,310870,4260
2023,310880,4441
2023,310890,14246
2023,310900,38915
2023,310910,10911
2023,310920,9150
2023,310925,4041
2023,310930,24030
2023,310940,23910
2023,310945,6627
2023,310950,11410
2023,310960,3693
2023,310970,11883
2023,310980,2315
2023,310990,11435
2023,311000,38776
2023,311010,5304
2023,311020,4088
2023,311030,14217
2023,311040,2838
2023,311050,26097
2023,311060,29536
2023,311070,12313
2023,311080,2923
2023,311090,15935
2023,311100,20696
2023,311110,18011
2023,311115,3714
2023,311120,52277
2023,311130,11377
2023,311140,8466
2023,311150,12979
2023,311160,26105
2023,311170,4715
2023,311180,10608
2023,311190,5272
2023,311200,14001
2023,311205,3974
2023,311210,5048
2023,311220,4362
2023,311230,39626
2023,311240,6562
2023,311250,10663
2023,311260,14655
2023,311265,4585
2023,311270,14108
2023,311280,10380
2023,311290,8936
2023,311300,19548
2023,311310,2933
2023,311320,23812
2023,311330,31240
2023,311340,87360
2023,311350,8512
2023,311360,6816
2023,311370,18615
2023,311380,2605
2023,311390,11547
2023,311400,11019
2023,311410,13797
2023,311420,23479
2023,311430,29011
2023,311440,20954
2023,311450,18003
2023,311455,9422
2023,311460,4049
2023,311470,3341
2023,311480,4422
2023,311490,2214
2023,311500,2712
2023,311510,17155
2023,311520,3560
2023,311530,66261
2023,311535,5473
2023,311540,3110
2023,311545,7030
2023,311547,4739
2023,311550,21056
2023,311560,1081
2023,311570,6171
2023,311580,10207
2023,311590,3075
2023,311600,6075
2023,311610,10337
2023,311615,12355
2023,311620,2800
2023,311630,5581
2023,311640,4658
2023,311650,7166
2023,311660,30159
2023,311670,7117
2023,311680,8163
2023,311690,2773
2023,311700,6660
2023,311710,10371
2023,311720,2772
2023,311730,28381
2023,311740,4409
2023,311750,23163
2023,311760,5415
2023,311770,12541
2023,311780,10880
2023,311783,7237
2023,311787,7350
2023,311790,11083
2023,311800,52890
2023,311810,4831
2023,311820,6694
2023,311830,131621
2023,311840,20824
2023,311850,1563
2023,311860,621863
2023,311870,9023
2023,311880,25377
2023,311890,7547
2023,311900,3200
2023,311910,23532
2023,311920,10884
2023,311930,28894
2023,311940,104736
2023,311950,8200
2023,311960,2762
2023,311970,3486
2023,311980,2960
2023,311990,4272
2023,311995,6133
2023,312000,2875
2023,312010,4245
2023,312015,5265
2023,312020,12197
2023,312030,5121
2023,312040,4667
2023,312050,10374
2023,312060,5434
2023,312070,3521
2023,312080,15362
2023,312083,3983
2023,312087,7406
2023,312090,80665
2023,312100,5465
2023,312110,7952
2023,312120,8393
2023,312125,10494
2023,312130,4928
2023,312140,7653
2023,312150,2994
2023,312160,47702
2023,312170,3549
2023,312180,6847
2023,312190,4226
2023,312200,20706
2023,312210,4178
2023,312220,6516
2023,312230,231091
2023,312235,6321
2023,312240,5851
2023,312245,10213
2023,312247,3697
2023,312250,4904
2023,312260,4899
2023,312270,5228
2023,312280,3095
2023,312290,6093
2023,312300,10007
2023,312310,5029
2023,312320,12630
2023,312330,4987
2023,312340,1461
2023,312350,1829
2023,312352,7817
2023,312360,26336
2023,312370,13622
2023,312380,6354
2023,312385,5179
2023,312390,14746
2023,312400,20255
2023,312410,85598
2023,312420,24102
2023,312430,30443
2023,312440,6611
2023,312450,11502
2023,312460,2186
2023,312470,2772
2023,312480,6840
2023,312490,10801
2023,312500,3875
2023,312510,53482
2023,312520,2578
2023,312530,3188
2023,312540,5133
2023,312550,3032
2023,312560,6489
2023,312570,13978
2023,312580,2789
2023,312590,9590
2023,312595,10445
2023,312600,8045
2023,312610,68248
2023,312620,7949
2023,312630,3477
2023,312640,3093
2023,312650,7366
2023,312660,4503
2023,312670,23476
2023,312675,5034
2023,312680,5640
2023,312690,8226
2023,312695,3391
2023,312700,14540
2023,312705,4345
2023,312707,4647
2023,312710,58588
2023,312720,4686
2023,312730,6222
2023,312733,4793
2023,312735,2928
2023,312737,2830
2023,312738,4053
2023,312740,4727
2023,312750,5230
2023,312760,11331
2023,312770,257171
2023,312780,13901
2023,312790,1392
2023,312800,32244
2023,312810,13772
2023,312820,9753
2023,312825,5051
2023,312830,19150
2023,312840,7714
2023,312850,3149
2023,312860,6539
2023,312870,50911
2023,312880,7131
2023,312890,8478
2023,312900,7778
2023,312910,5192
2023,312920,6134
2023,312930,12030
2023,312940,5198
2023,312950,22229
2023,312960,6286
2023,312965,5081
2023,312970,10948
2023,312980,170537
2023,312990,3365
2023,313000,2698
2023,313005,10677
2023,313010,45847
2023,313020,10830
2023,313030,6826
2023,313040,7003
2023,313050,12741
2023,313055,6986
2023,313060,7301
2023,313065,6346
2023,313070,6171
2023,313080,2580
2023,313090,22692
2023,313100,6239
2023,313110,7371
2023,313115,17136
2023,313120,19522
2023,313130,227731
2023,313140,3775
2023,313150,9135
2023,313160,7180
2023,313170,113343
2023,313180,10362
2023,313190,53365
2023,313200,4252
2023,313210,17208
2023,313220,13846
2023,313230,10463
2023,313240,93073
2023,313250,32948
2023,313260,3690
2023,313270,21042
2023,313280,2142
2023,313290,10770
2023,313300,14786
2023,313310,15236
2023,313320,11128
2023,313330,19151
2023,313340,13690
2023,313350,21046
2023,313360,12596
2023,313370,12966
2023,313375,14406
2023,313380,97669
2023,313390,5642
2023,313400,13745
2023,313410,6055
2023,313420,102217
2023,313430,6638
2023,313440,38295
2023,313450,4217
2023,313460,20406
2023,313470,11042
2023,313480,7495
2023,313490,25525
2023,313500,3092
2023,313505,37660
2023,313507,4296
2023,313510,70699
2023,313520,65150
2023,313530,4506
2023,313535,8127
2023,313540,6197
2023,313545,6100
2023,313550,12419
2023,313560,6484
2023,313570,5883
2023,313580,24007
2023,313590,5138
2023,313600,13888
2023,313610,4329
2023,313620,80187
2023,313630,46801
2023,313640,3854
2023,313650,10304
2023,313652,3969
2023,313655,4268
2023,313657,3630
2023,313660,5909
2023,313665,30716
2023,313670,540756
2023,313680,3768
2023,313690,11084
2023,313695,5789
2023,313700,14383
2023,313710,6631
2023,313720,51412
2023,313730,3313
2023,313740,12769
2023,313750,18904
2023,313753,8969
2023,313760,75145
2023,313770,20835
2023,313780,20414
2023,313790,3184
2023,313800,5963
2023,313810,7124
2023,313820,104761
2023,313830,3199
2023,313835,4341
2023,313840,51145
2023,313850,4737
2023,313860,17221
2023,313862,8687
2023,313865,8790
2023,313867,6956
2023,313868,6210
2023,313870,5586
2023,313880,17875
2023,313890,6487
2023,313900,37684
2023,313910,5191
2023,313920,17516
2023,313925,5997
2023,313930,18886
2023,313940,91886
2023,313950,20613
2023,313960,26535
2023,313970,7333
2023,313980,12721
2023,313990,14247
2023,314000,61387
2023,314010,4224
2023,314015,15900
2023,314020,3387
2023,314030,4592
2023,314040,3200
2023,314050,14003
2023,314053,8396
2023,314055,9112
2023,314060,3963
2023,314070,37841
2023,314080,14121
2023,314085,8895
2023,314090,18552
2023,314100,12038
2023,314110,37618
2023,314120,3814
2023,314130,3900
2023,314140,20156
2023,314150,5606
2023,314160,10373
2023,314170,5040
2023,314180,24405
2023,314190,3741
2023,314200,13651
2023,314210,8968
2023,314220,13633
2023,314225,3985
2023,314230,5125
2023,314240,7548
2023,314250,2169
2023,314260,8340
2023,314270,14060
2023,314280,20170
2023,314290,20328
2023,314300,13046
2023,314310,47692
2023,314315,4381
2023,314320,20890
2023,314330,414240
2023,314340,24089
2023,314345,6888
2023,314350,9067
2023,314360,2411
2023,314370,3133
2023,314380,7547
2023,314390,104108
2023,314400,27635
2023,314410,21891
2023,314420,2459
2023,314430,35038
2023,314435,6303
2023,314437,3520
2023,314440,4691
2023,314450,8179
2023,314460,25018
2023,314465,10588
2023,314467,3151
2023,314470,17438
2023,314480,111697
2023,314490,3663
2023,314500,14598
2023,314505,6706
2023,314510,16387
2023,314520,105552
2023,314530,26975
2023,314535,10275
2023,314537,4571
2023,314540,1945
2023,314545,5385
2023,314550,2555
2023,314560,39262
2023,314570,2027
2023,314580,2969
2023,314585,4917
2023,314587,8437
2023,314590,38724
2023,314600,32094
2023,314610,74821
2023,314620,5757
2023,314625,5058
2023,314630,17334
2023,314640,4224
2023,314650,8142
2023,314655,5551
2023,314660,1474
2023,314670,5707
2023,314675,6301
2023,314690,13920
2023,314700,94023
2023,314710,97139
2023,314720,21723
2023,314730,20445
2023,314740,24107
2023,314750,1600
2023,314760,15515
2023,314770,8473
2023,314780,2233
2023,314790,111939
2023,314795,4837
2023,314800,159235
2023,314810,89826
2023,314820,5576
2023,314830,8659
2023,314840,4389
2023,314850,8047
2023,314860,17446
2023,314870,24410
2023,314875,7320
2023,314880,3311
2023,314890,4112
2023,314900,2757
2023,314910,10760
2023,314915,10433
2023,314920,3344
2023,314930,62580
2023,314940,1810
2023,314950,3351
2023,314960,4155
2023,314970,12268
2023,314980,17151
2023,314990,21384
2023,314995,6553
2023,315000,3570
2023,315010,2796
2023,315015,8529
2023,315020,3976
2023,315030,4604
2023,315040,5019
2023,315050,8563
2023,315053,4706
2023,315057,7084
2023,315060,6700
2023,315070,5537
2023,315080,17018
2023,315090,6041
2023,315100,9120
2023,315110,11077
2023,315120,55606
2023,315130,11610
2023,315140,26685
2023,315150,36062
2023,315160,11145
2023,315170,16390
2023,315180,163742
2023,315190,8350
2023,315200,31047
2023,315210,57776
2023,315213,3747
2023,315217,10883
2023,315220,37438
2023,315230,10569
2023,315240,13666
2023,315250,152217
2023,315260,6566
2023,315270,9048
2023,315280,28342
2023,315290,8406
2023,315300,3559
2023,315310,4850
2023,315320,3465
2023,315330,3071
2023,315340,18765
2023,315350,8397
2023,315360,11466
2023,315370,3179
2023,315380,1770
2023,315390,16279
2023,315400,23423
2023,315410,11007
2023,315415,7848
2023,315420,11230
2023,315430,17226
2023,315440,4548
2023,315445,6863
2023,315450,8756
2023,315460,329794
2023,315470,4080
2023,315480,10261
2023,315490,12789
2023,315500,2484
2023,315510,4639
2023,315520,5429
2023,315530,5568
2023,315540,8518
2023,315550,14532
2023,315560,28271
2023,315570,14631
2023,315580,17443
2023,315590,5141
2023,315600,12641
2023,315610,4994
2023,315620,2291
2023,315630,8664
2023,315640,3386
2023,315645,4734
2023,315650,5679
2023,315660,10298
2023,315670,129380
2023,315680,14240
2023,315690,26670
2023,315700,40178
2023,315710,6110
2023,315720,30466
2023,315725,8458
2023,315727,3095
2023,315730,4208
2023,315733,8109
2023,315737,3910
2023,315740,4673
2023,315750,4039
2023,315760,3522
2023,315765,5938
2023,315770,15734
2023,315780,219132
2023,315790,16395
2023,315800,10485
2023,315810,4755
2023,315820,12788
2023,315830,6691
2023,315840,3489
2023,315850,7030
2023,315860,3747
2023,315870,2137
2023,315880,4214
2023,315890,8987
2023,315895,44800
2023,315900,5313
2023,315910,3469
2023,315920,8460
2023,315930,4755
2023,315935,6773
2023,315940,3301
2023,315950,5826
2023,315960,40635
2023,315970,3382
2023,315980,20973
2023,315990,17285
2023,316000,3769
2023,316010,4229
2023,316020,3915
2023,316030,10327
2023,316040,27295
2023,316045,6629
2023,316050,1808
2023,316060,2717
2023,316070,42406
2023,316080,4713
2023,316090,3989
2023,316095,5626
2023,316100,17392
2023,316105,3200
2023,316110,52762
2023,316120,6187
2023,316130,5732
2023,316140,4800
2023,316150,10282
2023,316160,3305
2023,316165,3143
2023,316170,7375
2023,316180,11770
2023,316190,11850
2023,316200,23959
2023,316210,40910
2023,316220,7652
2023,316225,4822
2023,316230,2914
2023,316240,23930
2023,316245,13024
2023,316250,90225
2023,316255,11246
2023,316257,5331
2023,316260,7070
2023,316265,3972
2023,316270,23910
2023,316280,15315
2023,316290,25565
2023,316292,34348
2023,316294,7793
2023,316295,26315
2023,316300,3806
2023,316310,4536
2023,316320,4133
2023,316330,3464
2023,316340,5396
2023,316350,6197
2023,316360,2753
2023,316370,44798
2023,316380,6334
2023,316390,4885
2023,316400,7166
2023,316410,5103
2023,316420,10315
2023,316430,7129
2023,316440,6387
2023,316443,3113
2023,316447,6194
2023,316450,10079
2023,316460,8815
2023,316470,71796
2023,316480,1259
2023,316490,2300
2023,316500,11192
2023,316510,6740
2023,316520,6904
2023,316530,6804
2023,316540,6311
2023,316550,5104
2023,316553,36844
2023,316555,9917
2023,316556,2433
2023,316557,6206
2023,316560,2240
2023,316570,7716
2023,316580,2068
2023,316590,4008
2023,316600,5483
2023,316610,3067
2023,316620,10384
2023,316630,7345
2023,316640,1819
2023,316650,3792
2023,316660,833
2023,316670,6944
2023,316680,11801
2023,316690,7621
2023,316695,4399
2023,316700,1990
2023,316710,21952
2023,316720,227397
2023,316730,2323
2023,316740,6179
2023,316750,2947
2023,316760,19750
2023,316770,5137
2023,316780,5613
2023,316790,4014
2023,316800,33050
2023,316805,3387
2023,316810,4118
2023,316820,1690
2023,316830,4224
2023,316840,14709
2023,316850,12255
2023,316860,137418
2023,316870,81579
2023,316880,7744
2023,316890,7883
2023,316900,16185
2023,316905,3826
2023,316910,7214
2023,316920,8609
2023,316930,75485
2023,316935,28895
2023,316940,55255
2023,316950,5886
2023,316960,25470
2023,316970,20000
2023,316980,4935
2023,316990,103365
2023,317000,11708
2023,317005,13017
2023,317010,337836
2023,317020,713224
2023,317030,2684
2023,317040,86619
2023,317043,3828
2023,317047,3282
2023,317050,10600
2023,317052,17479
2023,317057,5780
2023,317060,2158
2023,317065,4633
2023,317070,136467
2023,317075,6969
2023,317080,33744
2023,317090,18840
2023,317100,19975
2023,317103,7672
2023,317107,5181
2023,317110,3411
2023,317115,4899
2023,317120,129021
2023,317130,76430
2023,317140,3700
2023,317150,3038
2023,317160,11804
2023,317170,8908
2023,317180,10314
2023,317190,4552
2023,317200,39160
2023,317210,4443
2023,317220,2356
2023,320010,30684
2023,320013,9711
2023,320016,12042
2023,320020,29177
2023,320030,13836
2023,320035,7434
2023,320040,29984
2023,320050,7223
2023,320060,94765
2023,320070,10540
2023,320080,30674
2023,320090,42498
2023,320100,13608
2023,320110,10254
2023,320115,12985
2023,320120,185786
2023,320130,353491
2023,320140,36930
2023,320150,120033
2023,320160,27458
2023,320170,11937
2023,320180,5083
2023,320190,35416
2023,320200,6596
2023,320210,21992
2023,320220,18014
2023,320225,11009
2023,320230,29358
2023,320240,124656
2023,320245,25380
2023,320250,11723
2023,320255,9520
2023,320260,12326
2023,320265,13710
2023,320270,13589
2023,320280,39832
2023,320290,10597
2023,320300,28590
2023,320305,28931
2023,320310,11575
2023,320313,14079
2023,320316,11094
2023,320320,166786
2023,320330,12770
2023,320332,41929
2023,320334,17641
2023,320335,12387
2023,320340,24475
2023,320350,18900
2023,320360,5466
2023,320370,18153
2023,320380,13745
2023,320390,49065
2023,320400,18893
2023,320405,21522
2023,320410,23915
2023,320420,22300
2023,320425,6497
2023,320430,13696
2023,320435,19274
2023,320440,11069
2023,320450,13106
2023,320455,41636
2023,320460,22808
2023,320465,8589
2023,320470,32252
2023,320480,10878
2023,320490,123752
2023,320495,10886
2023,320500,520653
2023,320501,26502
2023,320503,19563
2023,320506,23831
2023,320510,73423
2023,320515,8911
2023,320517,13728
2023,320520,467722
2023,320530,322869
2023,330010,167434
2023,330015,11034
2023,330020,129671
2023,330022,11828
2023,330023,40006
2023,330025,30986
2023,330030,92883
2023,330040,169894
2023,330045,483087
2023,330050,28102
2023,330060,35173
2023,330070,222161
2023,330080,56943
2023,330090,14616
2023,330093,13847
2023,330095,8741
2023,330100,483540
2023,330110,19390
2023,330115,12958
2023,330120,17198
2023,330130,46110
2023,330140,21104
2023,330150,20783
2023,330160,10980
2023,330170,808161
2023,330180,12242
2023,330185,51696
2023,330187,27920
2023,330190,224267
2023,330200,116841
2023,330205,14073
2023,330210,22919
2023,330220,101041
2023,330225,30908
2023,330227,96289
2023,330230,7336
2023,330240,246391
2023,330245,5415
2023,330250,228127
2023,330260,41220
2023,330270,197277
2023,330280,17502
2023,330285,167127
2023,330290,26582
2023,330300,26881
2023,330310,15074
2023,330320,146774
2023,330330,481749
2023,330340,189939
2023,330350,785867
2023,330360,41375
2023,330370,42063
2023,330380,45243
2023,330385,29619
2023,330390,278881
2023,330395,24298
2023,330400,27474
2023,330410,17288
2023,330411,20373
2023,330412,13682
2023,330414,140523
2023,330415,22393
2023,330420,129612
2023,330430,56276
2023,330440,17401
2023,330450,8954
2023,330452,156491
2023,330455,6211223
2023,330460,10232
2023,330470,41325
2023,330475,45059
2023,330480,38961
2023,330490,896744
2023,330500,36573
2023,330510,440962
2023,330513,7070
2023,330515,22080
2023,330520,104029
2023,330530,7750
2023,330540,17729
2023,330550,89559
2023,330555,80596
2023,330560,21352
2023,330570,15206
2023,330575,31086
2023,330580,165123
2023,330590,10302
2023,330600,78346
2023,330610,68088
2023,330615,10207
2023,330620,33976
2023,330630,261563
2023,350010,34687
2023,350020,4351
2023,350030,32072
2023,350040,7369
2023,350050,17930
2023,350055,7177
2023,350060,2780
2023,350070,37680
2023,350075,6141
2023,350080,4445
2023,350090,3451
2023,350100,16818
2023,350110,3841
2023,350115,17301
2023,350120,3915
2023,350130,27255
2023,350140,4808
2023,350150,2885
2023,350160,237240
2023,350170,33019
2023,350180,5870
2023,350190,68008
2023,350200,4589
2023,350210,59783
2023,350220,24022
2023,350230,5674
2023,350240,4023
2023,350250,32569
2023,350260,4086
2023,350270,24585
2023,350275,21522
2023,350280,200124
2023,350290,32443
2023,350300,5420
2023,350310,6885
2023,350315,2330
2023,350320,242228
2023,350330,130866
2023,350335,2044
2023,350340,8130
2023,350350,3577
2023,350360,10130
2023,350370,7602
2023,350380,51456
2023,350390,86678
2023,350395,1842
2023,350400,101409
2023,350410,158647
2023,350420,13692
2023,350430,4483
2023,350440,11263
2023,350450,92805
2023,350460,27260
2023,350470,3887
2023,350480,9596
2023,350490,9969
2023,350500,3531
2023,350510,5640
2023,350520,31595
2023,350530,34346
2023,350535,5179
2023,350540,6876
2023,350550,122485
2023,350560,32092
2023,350570,316473
2023,350580,21503
2023,350590,58402
2023,350600,379146
2023,350610,76373
2023,350620,2606
2023,350630,11607
2023,350635,64188
2023,350640,7319
2023,350650,118979
2023,350660,29683
2023,350670,12978
2023,350680,11259
2023,350690,10460
2023,350700,61081
2023,350710,22006
2023,350715,3555
2023,350720,907
2023,350730,4715
2023,350740,14226
2023,350745,2713
2023,350750,145155
2023,350760,176811
2023,350770,5356
2023,350775,2565
2023,350780,25201
2023,350790,23898
2023,350800,20250
2023,350810,17210
2023,350820,4356
2023,350830,4299
2023,350840,47011
2023,350850,96202
2023,350860,31564
2023,350870,17101
2023,350880,16654
2023,350890,3712
2023,350900,95032
2023,350910,5466
2023,350920,92689
2023,350925,28515
2023,350930,9133
2023,350940,23830
2023,350945,5954
2023,350950,1139047
2023,350960,77632
2023,350970,46974
2023,350980,4888
2023,350990,12289
2023,350995,4931
2023,351000,29449
2023,351010,2889
2023,351015,6283
2023,351020,46337
2023,351030,22866
2023,351040,50068
2023,351050,134873
2023,351060,386984
2023,351070,11345
2023,351080,28083
2023,351090,2799
2023,351100,19977
2023,351110,115791
2023,351120,7003
2023,351130,12618
2023,351140,21469
2023,351150,44695
2023,351160,19048
2023,351170,15535
2023,351190,6982
2023,351200,18486
2023,351210,6629
2023,351220,28101
2023,351230,15232
2023,351240,24514
2023,351250,5400
2023,351260,4280
2023,351270,4195
2023,351280,59773
2023,351290,8719
2023,351300,274413
2023,351310,33281
2023,351320,9272
2023,351330,2108
2023,351340,74961
2023,351350,112476
2023,351360,22110
2023,351370,31756
2023,351380,393237
2023,351385,1620
2023,351390,11158
2023,351400,8759
2023,351410,24510
2023,351420,2207
2023,351430,8096
2023,351440,45474
2023,351450,12328
2023,351460,9471
2023,351470,6205
2023,351480,13069
2023,351490,17699
2023,351492,3138
2023,351495,2323
2023,351500,250691
2023,351510,66970
2023,351512,3014
2023,351515,19566
2023,351518,39816
2023,351519,4157
2023,351520,9417
2023,351530,2703
2023,351535,7924
2023,351540,16641
2023,351550,71186
2023,351560,5942
2023,351565,1656
2023,351570,179198
2023,351580,1487
2023,351590,2733
2023,351600,12958
2023,351610,3851
2023,351620,352536
2023,351630,165139
2023,351640,144849
2023,351650,2763
2023,351660,6380
2023,351670,42110
2023,351680,3252
2023,351685,4702
2023,351690,10312
2023,351700,10232
2023,351710,4138
2023,351720,11239
2023,351730,5512
2023,351740,39279
2023,351750,21711
2023,351760,17071
2023,351770,18606
2023,351780,7441
2023,351790,10350
2023,351800,1968
2023,351810,6427
2023,351820,31043
2023,351830,31236
2023,351840,118044
2023,351850,15013
2023,351860,37498
2023,351870,287634
2023,351880,1291771
2023,351885,7320
2023,351890,4246
2023,351900,9125
2023,351905,15094
2023,351907,236641
2023,351910,10437
2023,351920,6131
2023,351925,8010
2023,351930,32178
2023,351940,11690
2023,351950,6385
2023,351960,60033
2023,351970,75605
2023,351980,7819
2023,351990,7619
2023,352000,23106
2023,352010,26212
2023,352020,10605
2023,352030,29115
2023,352040,34934
2023,352042,13419
2023,352044,25549
2023,352050,255748
2023,352060,5090
2023,352070,4035
2023,352080,3615
2023,352090,13712
2023,352100,36459
2023,352110,6831
2023,352115,6761
2023,352120,4046
2023,352130,14454
2023,352140,21967
2023,352150,6867
2023,352160,7085
2023,352170,17983
2023,352180,25180
2023,352190,16989
2023,352200,3618
2023,352210,112476
2023,352215,3422
2023,352220,158522
2023,352230,157790
2023,352240,89728
2023,352250,232297
2023,352260,72022
2023,352265,4306
2023,352270,39493
2023,352280,14085
2023,352290,13659
2023,352300,3979
2023,352310,369275
2023,352320,44438
2023,352330,15528
2023,352340,121590
2023,352350,19070
2023,352360,16148
2023,352370,5779
2023,352380,8046
2023,352390,168240
2023,352400,70616
2023,352410,37571
2023,352420,6221
2023,352430,71821
2023,352440,240275
2023,352450,7613
2023,352460,16097
2023,352470,59347
2023,352480,48776
2023,352490,6397
2023,352500,118045
2023,352510,45282
2023,352520,37535
2023,352530,133497
2023,352540,3863
2023,352550,12815
2023,352560,4371
2023,352570,36633
2023,352580,4254
2023,352585,3056
2023,352590,443221
2023,352600,20448
2023,352610,17154
2023,352620,27404
2023,352630,5083
2023,352640,26261
2023,352650,9689
2023,352660,7171
2023,352670,98161
2023,352680,66505
2023,352690,291869
2023,352700,7014
2023,352710,74779
2023,352720,84855
2023,352725,1950
2023,352730,51847
2023,352740,20061
2023,352750,2372
2023,352760,12265
2023,352770,4701
2023,352780,3981
2023,352790,2661
2023,352800,16829
2023,352810,7481
2023,352820,3963
2023,352830,3165
2023,352840,50027
2023,352850,93853
2023,352860,9871
2023,352870,4573
2023,352880,12673
2023,352885,3292
2023,352890,3513
2023,352900,237627
2023,352910,1860
2023,352920,24881
2023,352930,79033
2023,352940,418261
2023,352950,6159
2023,352960,4572
2023,352965,1952
2023,352970,19441
2023,352980,11230
2023,352990,18553
2023,353000,3126
2023,353010,27983
2023,353020,15917
2023,353030,63337
2023,353040,4669
2023,353050,67681
2023,353060,451505
2023,353070,153658
2023,353080,92558
2023,353090,3722
2023,353100,1937
2023,353110,61951
2023,353120,8627
2023,353130,47574
2023,353140,22280
2023,353150,18151
2023,353160,4222
2023,353170,4138
2023,353180,64662
2023,353190,27933
2023,353200,13720
2023,353205,4034
2023,353210,3737
2023,353215,2660
2023,353220,5713
2023,353230,6999
2023,353240,18217
2023,353250,9699
2023,353260,9852
2023,353270,4750
2023,353280,6693
2023,353282,8497
2023,353284,2032
2023,353286,1062
2023,353290,9311
2023,353300,19419
2023,353310,2156
2023,353320,4609
2023,353325,4412
2023,353330,2837
2023,353340,62019
2023,353350,38324
2023,353360,7391
2023,353370,4331
2023,353380,2512
2023,353390,55074
2023,353400,4771
2023,353410,6085
2023,353420,6024
2023,353430,38319
2023,353440,728615
2023,353450,2470
2023,353460,31272
2023,353470,103970
2023,353475,10294
2023,353480,7779
2023,353490,14877
2023,353500,11476
2023,353510,9650
2023,353520,8903
2023,353530,19594
2023,353540,14964
2023,353550,41120
2023,353560,17667
2023,353570,6099
2023,353580,19395
2023,353590,4031
2023,353600,10580
2023,353610,7153
2023,353620,19233
2023,353625,2892
2023,353630,14512
2023,353640,7955
2023,353650,110537
2023,353657,2090
2023,353660,7400
2023,353670,44827
2023,353680,6557
2023,353690,2787
2023,353700,15525
2023,353710,43112
2023,353715,2804
2023,353720,11281
2023,353730,61679
2023,353740,24095
2023,353750,8737
2023,353760,68352
2023,353770,5519
2023,353780,52970
2023,353790,27619
2023,353800,165428
2023,353810,14542
2023,353820,15224
2023,353830,3264
2023,353850,12490
2023,353860,26029
2023,353870,423323
2023,353880,29436
2023,353890,22431
2023,353900,10885
2023,353910,18370
2023,353920,25348
2023,353930,73545
2023,353940,15108
2023,353950,33674
2023,353960,4389
2023,353970,3025
2023,353980,103765
2023,353990,5592
2023,354000,20196
2023,354010,3395
2023,354020,37607
2023,354025,4127
2023,354030,2387
2023,354040,4127
2023,354050,10451
2023,354060,56497
2023,354070,52649
2023,354075,20392
2023,354080,18496
2023,354085,2578
2023,354090,17078
2023,354100,349935
2023,354105,5126
2023,354110,3804
2023,354120,14490
2023,354130,39505
2023,354140,225668
2023,354150,35201
2023,354160,35131
2023,354165,3405
2023,354170,13163
2023,354180,3265
2023,354190,9159
2023,354200,7038
2023,354210,8965
2023,354220,28588
2023,354230,4494
2023,354240,20145
2023,354250,7662
2023,354260,59947
2023,354270,6404
2023,354280,3132
2023,354290,10989
2023,354300,18627
2023,354310,4608
2023,354320,4677
2023,354323,2025
2023,354325,7450
2023,354330,115559
2023,354340,698642
2023,354350,5599
2023,354360,4049
2023,354370,9098
2023,354380,9259
2023,354390,201418
2023,354400,31328
2023,354410,44170
2023,354420,10309
2023,354425,17440
2023,354430,10832
2023,354440,2700
2023,354450,3833
2023,354460,5112
2023,354470,2474
2023,354480,6437
2023,354490,11411
2023,354500,15202
2023,354510,4808
2023,354515,8161
2023,354520,134319
2023,354530,43748
2023,354540,9050
2023,354550,3645
2023,354560,14018
2023,354570,6393
2023,354580,183347
2023,354600,13975
2023,354610,2598
2023,354620,4277
2023,354625,2116
2023,354630,28864
2023,354640,46442
2023,354650,6118
2023,354660,34794
2023,354670,23611
2023,354680,53174
2023,354690,7149
2023,354700,5243
2023,354710,2956
2023,354720,1670
2023,354730,154105
2023,354740,2733
2023,354750,24833
2023,354760,23411
2023,354765,1645
2023,354770,17963
2023,354780,748919
2023,354790,6775
2023,354800,23244
2023,354805,8379
2023,354810,6126
2023,354820,7133
2023,354830,3000
2023,354840,3899
2023,354850,418608
2023,354860,11674
2023,354870,810729
2023,354880,165655
2023,354890,254857
2023,354900,2602
2023,354910,92547
2023,354920,2580
2023,354925,1846
2023,354930,2242
2023,354940,48558
2023,354950,7626
2023,354960,3853
2023,354970,52205
2023,354980,480393
2023,354990,697054
2023,354995,16067
2023,355000,10337
2023,355010,37289
2023,355020,32039
2023,355030,11451999
2023,355040,38256
2023,355050,7217
2023,355060,79484
2023,355070,81595
2023,355080,10441
2023,355090,13442
2023,355100,329911
2023,355110,10369
2023,355120,3704
2023,355130,3130
2023,355140,12746
2023,355150,43909
2023,355160,29894
2023,355170,126887
2023,355180,12730
2023,355190,14576
2023,355200,6186
2023,355210,40122
2023,355220,723682
2023,355230,7355
2023,355240,279545
2023,355250,307429
2023,355255,3408
2023,355260,11323
2023,355270,14769
2023,355280,273542
2023,355290,6260
2023,355300,12669
2023,355310,5677
2023,355320,6548
2023,355330,21435
2023,355340,25265
2023,355350,7996
2023,355360,11816
2023,355365,2619
2023,355370,52260
2023,355380,24350
2023,355385,6876
2023,355390,6536
2023,355395,14882
2023,355400,123942
2023,355410,310739
2023,355420,4127
2023,355430,22173
2023,355440,7904
2023,355450,37663
2023,355460,2464
2023,355465,2046
2023,355470,9335
2023,355475,1682
2023,355480,51173
2023,355490,6804
2023,355495,6778
2023,355500,63928
2023,355510,15854
2023,355520,1818
2023,355530,1669
2023,355535,5365
2023,355540,92981
2023,355550,5132
2023,355560,10394
2023,355570,1603
2023,355580,8833
2023,355590,1387
2023,355600,13744
2023,355610,14098
2023,355620,126373
2023,355630,24241
2023,355635,10512
2023,355640,40133
2023,355645,50415
2023,355650,115771
2023,355660,10176
2023,355670,76540
2023,355680,17414
2023,355690,8109
2023,355695,1794
2023,355700,127923
2023,355710,96634
2023,355715,2692
2023,355720,12211
2023,355730,11295
2023,410010,7241
2023,410020,6256
2023,410030,10233
2023,410040,119825
2023,410045,3590
2023,410050,18742
2023,410060,13909
2023,410070,9727
2023,410080,10326
2023,410090,4762
2023,410100,19620
2023,410105,2918
2023,410110,19878
2023,410115,3235
2023,410120,18091
2023,410130,7018
2023,410140,130134
2023,410150,119138
2023,410160,25777
2023,410165,3527
2023,410170,14485
2023,410180,151666
2023,410185,2329
2023,410190,13797
2023,410200,36808
2023,410210,25475
2023,410220,3980
2023,410230,13395
2023,410240,31273
2023,410250,10795
2023,410260,9759
2023,410270,2814
2023,410275,4031
2023,410280,14833
2023,410290,15533
2023,410300,4558
2023,410302,2455
2023,410304,6170
2023,410305,7924
2023,410310,13299
2023,410315,3980
2023,410320,6581
2023,410322,3202
2023,410330,7735
2023,410335,4854
2023,410337,3708
2023,410340,2627
2023,410345,18997
2023,410347,4473
2023,410350,8710
2023,410360,23212
2023,410370,107208
2023,410380,9460
2023,410390,15723
2023,410395,3936
2023,410400,47825
2023,410405,4027
2023,410410,7508
2023,410420,136327
2023,410425,30160
2023,410430,99432
2023,410440,15244
2023,410442,14973
2023,410445,10922
2023,410450,20481
2023,410460,14648
2023,410465,23283
2023,410470,16905
2023,410480,348051
2023,410490,73075
2023,410500,10446
2023,410510,10832
2023,410520,16134
2023,410530,11087
2023,410540,21085
2023,410550,79527
2023,410560,11467
2023,410570,15070
2023,410580,232212
2023,410590,22896
2023,410600,8320
2023,410610,3461
2023,410620,19128
2023,410630,17470
2023,410640,45206
2023,410645,5649
2023,410650,23331
2023,410655,3760
2023,410657,4133
2023,410660,23831
2023,410670,4494
2023,410680,15978
2023,410685,2892
2023,410690,1773718
2023,410700,13647
2023,410710,5142
2023,410712,3171
2023,410715,4557
2023,410720,44869
2023,410725,9161
2023,410730,6327
2023,410740,5999
2023,410750,12454
2023,410752,1849
2023,410753,4575
2023,410754,4797
2023,410755,3039
2023,410760,16389
2023,410765,148873
2023,410770,4492
2023,410773,6255
2023,410775,8062
2023,410780,4792
2023,410785,4364
2023,410790,10458
2023,410800,11446
2023,410810,2652
2023,410820,7635
2023,410830,285415
2023,410832,8116
2023,410840,96666
2023,410845,4926
2023,410850,11062
2023,410855,2977
2023,410860,28437
2023,410865,6566
2023,410870,5641
2023,410880,32097
2023,410890,6587
2023,410895,7856
2023,410900,4626
2023,410910,2191
2023,410920,4748
2023,410930,13735
2023,410940,182093
2023,410950,7430
2023,410960,42062
2023,410965,4941
2023,410970,28830
2023,410975,6218
2023,410980,51603
2023,410990,8991
2023,411000,5338
2023,411005,2144
2023,411007,14249
2023,411010,29924
2023,411020,9670
2023,411030,2536
2023,411040,4448
2023,411050,14142
2023,411060,15746
2023,411065,2343
2023,411070,59250
2023,411080,10684
2023,411090,4481
2023,411095,11485
2023,411100,5908
2023,411110,6111
2023,411120,12344
2023,411125,31217
2023,411130,3572
2023,411140,13229
2023,411150,32720
2023,411155,6831
2023,411160,2708
2023,411170,5427
2023,411180,40375
2023,411190,15122
2023,411200,35141
2023,411210,21408
2023,411220,5870
2023,411230,4972
2023,411240,9144
2023,411250,12004
2023,411260,1343
2023,411270,11813
2023,411275,10506
2023,411280,11945
2023,411290,3333
2023,411295,7771
2023,411300,6690
2023,411310,4582
2023,411320,45003
2023,411325,5600
2023,411330,32227
2023,411340,3752
2023,411342,3938
2023,411345,5175
2023,411350,23225
2023,411360,4601
2023,411370,555965
2023,411373,6690
2023,411375,4872
2023,411380,4813
2023,411390,13428
2023,411400,13452
2023,411410,31457
2023,411420,36716
2023,411430,27439
2023,411435,2770
2023,411440,16603
2023,411450,14240
2023,411460,55836
2023,411470,5865
2023,411480,41851
2023,411490,8677
2023,411500,7253
2023,411510,9847
2023,411520,409657
2023,411530,6371
2023,411535,6555
2023,411540,15901
2023,411545,4515
2023,411550,4699
2023,411560,18450
2023,411570,39259
2023,411573,3267
2023,411575,9383
2023,411580,54369
2023,411585,5931
2023,411590,2238
2023,411600,1966
2023,411605,11064
2023,411610,11175
2023,411620,18309
2023,411630,3951
2023,411640,3669
2023,411650,1323
2023,411660,3280
2023,411670,13765
2023,411680,6790
2023,411690,26585
2023,411695,5597
2023,411700,7225
2023,411705,12074
2023,411710,12923
2023,411720,5833
2023,411721,4184
2023,411722,8322
2023,411725,12699
2023,411727,6848
2023,411729,3125
2023,411730,24192
2023,411740,3187
2023,411745,6785
2023,411750,45962
2023,411760,48247
2023,411770,33855
2023,411780,13033
2023,411790,35011
2023,411800,13245
2023,411810,9557
2023,411820,145829
2023,411830,2398
2023,411840,92001
2023,411845,5733
2023,411850,91836
2023,411860,5666
2023,411870,6343
2023,411880,13346
2023,411885,7189
2023,411890,11878
2023,411900,6221
2023,411910,13655
2023,411915,127019
2023,411920,6566
2023,411925,2761
2023,411930,29886
2023,411940,23651
2023,411950,118730
2023,411960,33678
2023,411965,3046
2023,411970,4070
2023,411980,14374
2023,411990,358371
2023,411995,30425
2023,412000,11624
2023,412010,4098
2023,412015,3110
2023,412020,3182
2023,412030,3562
2023,412033,3709
2023,412035,5737
2023,412040,4336
2023,412050,10082
2023,412060,49393
2023,412065,4201
2023,412070,8099
2023,412080,24191
2023,412085,4480
2023,412090,30738
2023,412100,10685
2023,412110,5001
2023,412120,18398
2023,412125,4221
2023,412130,3512
2023,412135,2618
2023,412140,19247
2023,412150,14514
2023,412160,6845
2023,412170,24573
2023,412175,6553
2023,412180,12364
2023,412190,13060
2023,412200,14025
2023,412210,3197
2023,412215,13929
2023,412217,3808
2023,412220,37558
2023,412230,31324
2023,412240,71670
2023,412250,11251
2023,412260,9097
2023,412265,5435
2023,412270,8822
2023,412280,4075
2023,412290,5192
2023,412300,15223
2023,412310,3394
2023,412320,3365
2023,412330,8613
2023,412340,11378
2023,412350,25492
2023,412360,1748
2023,412370,8912
2023,412380,14070
2023,412382,3644
2023,412385,10031
2023,412390,11066
2023,412395,3356
2023,412400,5514
2023,412402,13174
2023,412405,24262
2023,412410,44369
2023,412420,2493
2023,412430,2125
2023,412440,23673
2023,412450,6181
2023,412460,6587
2023,412470,10830
2023,412480,11886
2023,412490,5586
2023,412500,10667
2023,412510,13726
2023,412520,9378
2023,412530,5168
2023,412535,6504
2023,412540,6040
2023,412545,3957
2023,412550,329628
2023,412555,2138
2023,412560,42366
2023,412570,29122
2023,412575,5784
2023,412580,8690
2023,412590,2661
2023,412600,8063
2023,412610,5232
2023,412620,6695
2023,412625,118455
2023,412627,6108
2023,412630,17270
2023,412635,5007
2023,412640,5616
2023,412650,15930
2023,412660,22811
2023,412665,3440
2023,412667,10707
2023,412670,4880
2023,412680,15869
2023,412690,5745
2023,412700,9547
2023,412710,75042
2023,412720,17568
2023,412730,14842
2023,412740,18119
2023,412750,19961
2023,412760,17621
2023,412770,150470
2023,412780,8426
2023,412785,11135
2023,412788,6219
2023,412790,8067
2023,412795,8077
2023,412796,14231
2023,412800,24749
2023,412810,117095
2023,412820,55033
2023,412830,2136
2023,412840,10406
2023,412850,19188
2023,412853,9681
2023,412855,8215
2023,412860,7932
2023,412862,3055
2023,412863,5697
2023,412865,3811
2023,412870,9706
2023,412880,5798
2023,420005,2598
2023,420010,17392
2023,420020,10990
2023,420030,6055
2023,420040,6508
2023,420050,6036
2023,420055,2839
2023,420060,6743
2023,420070,10481
2023,420075,1856
2023,420080,5943
2023,420090,5358
2023,420100,8285
2023,420110,3593
2023,420120,11224
2023,420125,9811
2023,420127,4378
2023,420130,45283
2023,420140,71922
2023,420150,8834
2023,420160,3556
2023,420165,2510
2023,420170,8319
2023,420180,3227
2023,420190,6780
2023,420195,15820
2023,420200,139155
2023,420205,14912
2023,420207,15669
2023,420208,3144
2023,420209,1668
2023,420210,45369
2023,420213,5872
2023,420215,2658
2023,420220,10520
2023,420230,76773
2023,420240,361261
2023,420243,3515
2023,420245,25058
2023,420250,4026
2023,420253,2777
2023,420257,2187
2023,420260,8418
2023,420270,5363
2023,420280,33773
2023,420285,4026
2023,420287,2489
2023,420290,141385
2023,420300,73720
2023,420310,6304
2023,420315,3443
2023,420320,103074
2023,420325,2625
2023,420330,12501
2023,420340,7257
2023,420350,9623
2023,420360,36932
2023,420370,12821
2023,420380,55016
2023,420390,23314
2023,420395,23975
2023,420400,10566
2023,420410,4614
2023,420415,2805
2023,420417,3317
2023,420419,2950
2023,420420,254785
2023,420425,17240
2023,420430,81646
2023,420435,4781
2023,420440,10388
2023,420445,2065
2023,420450,15267
2023,420455,15727
2023,420460,214493
2023,420470,10953
2023,420475,1968
2023,420480,40045
2023,420490,8530
2023,420500,15008
2023,420510,4221
2023,420515,3637
2023,420517,3402
2023,420519,2269
2023,420520,4885
2023,420530,11192
2023,420535,1783
2023,420540,537211
2023,420543,2682
2023,420545,31431
2023,420550,33481
2023,420555,2411
2023,420560,3210
2023,420570,29959
2023,420580,18545
2023,420590,72570
2023,420600,16915
2023,420610,6277
2023,420620,12435
2023,420630,24543
2023,420640,10796
2023,420650,46711
2023,420660,4829
2023,420665,8425
2023,420670,21724
2023,420675,2008
2023,420680,3269
2023,420690,19862
2023,420700,59035
2023,420710,17046
2023,420720,11881
2023,420730,52579
2023,420740,5982
2023,420750,71549
2023,420757,2877
2023,420760,4578
2023,420765,9335
2023,420768,7730
2023,420770,7816
2023,420775,3986
2023,420780,10195
2023,420785,2069
2023,420790,10285
2023,420800,7067
2023,420810,22051
2023,420820,264054
2023,420830,75940
2023,420840,16638
2023,420845,30750
2023,420850,26525
2023,420860,4310
2023,420870,10624
2023,420880,20375
2023,420890,182660
2023,420895,1776
2023,420900,30146
2023,420910,616317
2023,420915,5985
2023,420917,2555
2023,420920,2248
2023,420930,164981
2023,420940,42785
2023,420945,1702
2023,420950,7932
2023,420960,14381
2023,420970,11472
2023,420980,3330
2023,420985,4549
2023,420990,12873
2023,421000,11684
2023,421003,5794
2023,421005,1778
2023,421010,55286
2023,421020,3214
2023,421030,7425
2023,421040,7815
2023,421050,28251
2023,421055,2184
2023,421060,17162
2023,421070,2761
2023,421080,7006
2023,421085,2511
2023,421090,4080
2023,421100,10066
2023,421105,9117
2023,421110,7736
2023,421120,18537
2023,421125,3010
2023,421130,86401
2023,421140,5155
2023,421145,4536
2023,421150,13727
2023,421160,13664
2023,421165,2643
2023,421170,23661
2023,421175,17312
2023,421180,7032
2023,421185,2181
2023,421187,1927
2023,421189,2215
2023,421190,222598
2023,421200,7605
2023,421205,2561
2023,421210,15626
2023,421220,19150
2023,421223,4267
2023,421225,12897
2023,421227,4034
2023,421230,9063
2023,421240,4245
2023,421250,33663
2023,421260,2992
2023,421265,10190
2023,421270,6716
2023,421280,27127
2023,421290,21972
2023,421300,3473
2023,421310,5769
2023,421315,2946
2023,421320,34289
2023,421330,4437
2023,421335,3210
2023,421340,10649
2023,421350,27688
2023,421360,32970
2023,421370,17123
2023,421380,8270
2023,421390,1689
2023,421400,20010
2023,421410,2301
2023,421415,2964
2023,421420,11022
2023,421430,3279
2023,421440,6253
2023,421450,6452
2023,421460,7747
2023,421470,10865
2023,421480,72587
2023,421490,4847
2023,421500,39261
2023,421505,2397
2023,421507,4768
2023,421510,12757
2023,421520,4823
2023,421530,7489
2023,421535,3632
2023,421540,4390
2023,421545,12882
2023,421550,15546
2023,421555,2425
2023,421560,2088
2023,421565,9792
2023,421567,8066
2023,421568,2576
2023,421569,1651
2023,421570,27272
2023,421575,2684
2023,421580,83277
2023,421590,2946
2023,421600,10282
2023,421605,6084
2023,421610,9226
2023,421620,52674
2023,421625,6295
2023,421630,32687
2023,421635,4463
2023,421640,8668
2023,421650,25939
2023,421660,270299
2023,421670,14167
2023,421680,8708
2023,421690,24791
2023,421700,13509
2023,421710,3405
2023,421715,1781
2023,421720,44330
2023,421725,5776
2023,421730,10265
2023,421740,20061
2023,421750,18620
2023,421755,3303
2023,421760,13714
2023,421770,29991
2023,421775,2832
2023,421780,18310
2023,421790,8143
2023,421795,2329
2023,421800,51592
2023,421810,5386
2023,421820,46099
2023,421825,7342
2023,421830,19746
2023,421835,3782
2023,421840,7362
2023,421850,8787
2023,421860,7274
2023,421870,110088
2023,421875,4916
2023,421880,13043
2023,421885,2774
2023,421890,10834
2023,421895,2656
2023,421900,20919
2023,421910,3634
2023,421915,2627
2023,421917,4576
2023,421920,6189
2023,421930,55466
2023,421935,5370
2023,421940,4255
2023,421950,51607
2023,421960,3653
2023,421970,31918
2023,421985,3930
2023,422000,15981
2023,430003,4170
2023,430005,3912
2023,430010,16041
2023,430020,6720
2023,430030,6123
2023,430040,72409
2023,430045,3651
2023,430047,1969
2023,430050,7117
2023,430055,1800
2023,430057,3072
2023,430060,187315
2023,430063,5310
2023,430064,7650
2023,430066,1135
2023,430070,5957
2023,430080,13045
2023,430085,4112
2023,430087,8525
2023,430090,6483
2023,430100,21958
2023,430105,11057
2023,430107,2599
2023,430110,14601
2023,430120,12058
2023,430130,17558
2023,430140,10322
2023,430150,7149
2023,430155,3396
2023,430160,117938
2023,430163,14955
2023,430165,6461
2023,430170,7144
2023,430175,5889
2023,430180,4831
2023,430185,3161
2023,430187,4241
2023,430190,12225
2023,430192,1696
2023,430195,2498
2023,430200,9296
2023,430205,2082
2023,430210,123151
2023,430215,1933
2023,430220,6966
2023,430222,2229
2023,430223,2271
2023,430225,2779
2023,430230,11202
2023,430235,13142
2023,430237,2096
2023,430240,12294
2023,430245,6243
2023,430250,5890
2023,430258,2151
2023,430260,3268
2023,430265,4966
2023,430270,19084
2023,430280,32515
2023,430290,11157
2023,430300,80070
2023,430310,136258
2023,430320,4603
2023,430330,4704
2023,430340,4836
2023,430350,62200
2023,430355,2981
2023,430360,6361
2023,430367,3242
2023,430370,5882
2023,430380,5284
2023,430390,62886
2023,430400,4975
2023,430410,3613
2023,430420,28906
2023,430430,6294
2023,430435,10710
2023,430440,48946
2023,430450,49680
2023,430460,347657
2023,430461,1656
2023,430462,1733
2023,430463,63594
2023,430465,3119
2023,430466,26487
2023,430467,3991
2023,430468,11159
2023,430469,2921
2023,430470,61804
2023,430471,7394
2023,430480,30420
2023,430485,1364
2023,430490,9465
2023,430495,3000
2023,430500,8674
2023,430510,463501
2023,430511,2728
2023,430512,5808
2023,430513,3802
2023,430515,2379
2023,430517,9178
2023,430520,13705
2023,430530,9540
2023,430535,35012
2023,430537,2768
2023,430540,3913
2023,430543,6262
2023,430544,4597
2023,430545,17071
2023,430550,4149
2023,430558,2423
2023,430560,3258
2023,430570,6406
2023,430580,10385
2023,430583,1290
2023,430585,2211
2023,430587,2822
2023,430590,6144
2023,430593,1607
2023,430595,3846
2023,430597,2667
2023,430600,12886
2023,430605,7299
2023,430607,2692
2023,430610,58913
2023,430613,1635
2023,430620,12295
2023,430630,4321
2023,430632,2751
2023,430635,2507
2023,430637,2806
2023,430640,30709
2023,430642,2090
2023,430645,3097
2023,430650,13051
2023,430655,2562
2023,430660,36981
2023,430670,3079
2023,430673,4470
2023,430675,1888
2023,430676,39559
2023,430680,22962
2023,430690,23819
2023,430692,1296
2023,430693,9164
2023,430695,2685
2023,430697,3054
2023,430700,105705
2023,430705,3034
2023,430710,6191
2023,430720,4930
2023,430730,6787
2023,430740,3195
2023,430745,3226
2023,430750,15173
2023,430755,5582
2023,430760,47924
2023,430770,76137
2023,430780,32183
2023,430781,3070
2023,430783,2633
2023,430786,2566
2023,430790,70286
2023,430800,6702
2023,430805,2520
2023,430807,4291
2023,430810,13764
2023,430820,30892
2023,430825,1668
2023,430830,9550
2023,430840,6413
2023,430843,2393
2023,430845,4477
2023,430850,32627
2023,430860,34335
2023,430865,2688
2023,430870,5665
2023,430880,7612
2023,430885,1744
2023,430890,16602
2023,430900,16013
2023,430905,7658
2023,430910,40134
2023,430912,2014
2023,430915,3305
2023,430920,265074
2023,430925,1417
2023,430930,92924
2023,430940,25268
2023,430950,7415
2023,430955,5378
2023,430957,2564
2023,430960,18851
2023,430965,5976
2023,430970,4681
2023,430975,3732
2023,430980,4527
2023,430990,6776
2023,430995,3723
2023,431000,21583
2023,431010,33321
2023,431020,84780
2023,431030,4157
2023,431033,26824
2023,431036,3080
2023,431040,6427
2023,431041,2014
2023,431043,5399
2023,431046,1720
2023,431050,7482
2023,431053,5572
2023,431055,2995
2023,431057,1937
2023,431060,35768
2023,431065,2638
2023,431070,3208
2023,431075,1929
2023,431080,22983
2023,431085,3779
2023,431087,2040
2023,431090,3338
2023,431100,26603
2023,431110,10579
2023,431112,3690
2023,431113,3349
2023,431115,7184
2023,431120,18226
2023,431123,2251
2023,431125,5341
2023,431127,1738
2023,431130,27659
2023,431140,92951
2023,431142,2601
2023,431150,7157
2023,431160,4781
2023,431162,6248
2023,431164,1683
2023,431170,5735
2023,431171,4425
2023,431173,3131
2023,431175,6801
2023,431177,7418
2023,431179,2470
2023,431180,45124
2023,431190,4320
2023,431198,3916
2023,431200,1858
2023,431205,3969
2023,431210,4698
2023,431213,2553
2023,431215,4859
2023,431217,1795
2023,431220,4189
2023,431225,7505
2023,431230,4427
2023,431235,1499
2023,431237,3180
2023,431238,2557
2023,431240,64322
2023,431242,2756
2023,431244,3071
2023,431245,6046
2023,431247,6029
2023,431250,12090
2023,431260,4601
2023,431261,2879
2023,431262,1721
2023,431265,17898
2023,431267,1932
2023,431270,13719
2023,431275,3163
2023,431280,4954
2023,431290,9649
2023,431295,2042
2023,431300,3044
2023,431301,3061
2023,431303,4865
2023,431306,20088
2023,431308,2343
2023,431310,5586
2023,431320,23300
2023,431330,25692
2023,431333,2163
2023,431335,3466
2023,431337,29024
2023,431339,3568
2023,431340,227646
2023,431342,3198
2023,431344,2146
2023,431346,1646
2023,431349,4272
2023,431350,47396
2023,431360,3631
2023,431365,12844
2023,431370,33216
2023,431380,7839
2023,431390,43515
2023,431395,10212
2023,431400,7194
2023,431402,6519
2023,431403,4319
2023,431405,52052
2023,431406,3983
2023,431407,6025
2023,431410,206215
2023,431413,2144
2023,431415,7978
2023,431417,2061
2023,431420,7484
2023,431430,3745
2023,431440,325685
2023,431442,5351
2023,431445,2959
2023,431446,2248
2023,431447,3805
2023,431449,4540
2023,431450,11214
2023,431454,2723
2023,431455,2260
2023,431460,17504
2023,431470,10406
2023,431475,2171
2023,431477,3296
2023,431478,1575
2023,431480,34071
2023,431490,1332833
2023,431500,4360
2023,431505,2142
2023,431507,1560
2023,431510,9938
2023,431513,1739
2023,431514,3077
2023,431515,5340
2023,431517,2025
2023,431520,3747
2023,431530,23500
2023,431531,1552
2023,431532,2507
2023,431535,3910
2023,431540,9738
2023,431545,1796
2023,431550,14939
2023,431555,2835
2023,431560,191900
2023,431570,34654
2023,431575,4473
2023,431580,10418
2023,431590,6654
2023,431595,2291
2023,431600,21253
2023,431610,9777
2023,431620,4991
2023,431630,6576
2023,431640,36630
2023,431642,2480
2023,431643,2575
2023,431645,10203
2023,431647,2877
2023,431650,6879
2023,431660,16399
2023,431670,8122
2023,431673,1674
2023,431675,6887
2023,431680,133246
2023,431690,271735
2023,431695,6340
2023,431697,2596
2023,431700,7024
2023,431710,84421
2023,431720,76963
2023,431725,1505
2023,431730,30983
2023,431740,48938
2023,431750,76917
2023,431755,2091
2023,431760,42947
2023,431770,10300
2023,431775,2089
2023,431780,13902
2023,431790,15320
2023,431795,2349
2023,431800,59676
2023,431805,2754
2023,431810,17618
2023,431820,21893
2023,431830,58487
2023,431840,21028
2023,431842,4461
2023,431843,2649
2023,431844,2912
2023,431845,2362
2023,431846,1902
2023,431848,4447
2023,431849,2406
2023,431850,25443
2023,431860,6834
2023,431861,2380
2023,431862,4172
2023,431870,217409
2023,431880,41989
2023,431890,34752
2023,431900,21084
2023,431910,5481
2023,431912,2860
2023,431915,7056
2023,431920,5118
2023,431930,5846
2023,431935,3548
2023,431936,1757
2023,431937,3070
2023,431940,15577
2023,431950,24428
2023,431960,21219
2023,431970,3264
2023,431971,2207
2023,431973,2543
2023,431975,2251
2023,431980,8097
2023,431990,75648
2023,432000,132107
2023,432010,22851
2023,432020,11950
2023,432023,2704
2023,432026,6009
2023,432030,5107
2023,432032,2673
2023,432035,5306
2023,432040,16961
2023,432045,1941
2023,432050,5541
2023,432055,5863
2023,432057,1830
2023,432060,3406
2023,432065,2028
2023,432067,8557
2023,432070,14226
2023,432080,29991
2023,432085,4461
2023,432090,24557
2023,432100,10592
2023,432110,14695
2023,432120,53240
2023,432130,25198
2023,432132,3119
2023,432135,5212
2023,432140,14497
2023,432143,10334
2023,432145,32797
2023,432146,3267
2023,432147,5129
2023,432149,2554
2023,432150,41751
2023,432160,54387
2023,432162,2152
2023,432163,2591
2023,432166,10962
2023,432170,23920
2023,432180,24916
2023,432183,2760
2023,432185,4716
2023,432190,25436
2023,432195,7556
2023,432200,27498
2023,432210,5542
2023,432215,3681
2023,432218,1374
2023,432220,20005
2023,432225,5029
2023,432230,8363
2023,432232,3419
2023,432234,1994
2023,432235,1170
2023,432237,1995
2023,432240,117210
2023,432250,64197
2023,432252,3150
2023,432253,9902
2023,432254,6058
2023,432255,2004
2023,432260,68763
2023,432270,26714
2023,432280,24021
2023,432285,1818
2023,432290,4766
2023,432300,224124
2023,432310,4665
2023,432320,2780
2023,432330,3646
2023,432335,2079
2023,432340,4413
2023,432345,3863
2023,432350,2660
2023,432360,1590
2023,432370,2783
2023,432375,3254
2023,432377,3098
2023,432380,16463
2023,500020,16741
2023,500025,4537
2023,500060,39325
2023,500070,24114
2023,500080,7653
2023,500085,10729
2023,500090,9303
2023,500100,27674
2023,500110,46803
2023,500124,10748
2023,500150,7940
2023,500190,23031
2023,500200,10712
2023,500210,21613
2023,500215,8567
2023,500220,23659
2023,500230,11579
2023,500240,30612
2023,500260,13583
2023,500270,898100
2023,500280,5036
2023,500290,20988
2023,500295,30993
2023,500310,4783
2023,500315,14289
2023,500320,96268
2023,500325,26037
2023,500330,32151
2023,500345,13663
2023,500348,11100
2023,500350,5578
2023,500370,243367
2023,500375,11386
2023,500380,20609
2023,500390,3539
2023,500400,10444
2023,500410,9940
2023,500430,13808
2023,500440,8404
2023,500450,24137
2023,500460,19423
2023,500470,27821
2023,500480,8148
2023,500490,7139
2023,500500,23981
2023,500510,3586
2023,500515,6729
2023,500520,21522
2023,500525,6799
2023,500540,45047
2023,500560,25536
2023,500568,19193
2023,500570,50457
2023,500580,13220
2023,500600,21822
2023,500620,48563
2023,500625,4721
2023,500627,5510
2023,500630,40957
2023,500635,12921
2023,500640,6941
2023,500660,92017
2023,500690,12859
2023,500710,23150
2023,500720,37601
2023,500730,4841
2023,500740,19818
2023,500750,5199
2023,500755,7027
2023,500769,29579
2023,500770,10994
2023,500780,8142
2023,500790,47118
2023,500793,14516
2023,500795,10808
2023,500797,3625
2023,500800,17652
2023,500830,132152
2023,500840,6336
2023,510010,5014
2023,510020,29219
2023,510025,58613
2023,510030,17193
2023,510035,5715
2023,510040,13052
2023,510050,8009
2023,510060,10904
2023,510080,8590
2023,510100,3795
2023,510120,1010
2023,510125,14786
2023,510130,10576
2023,510140,24626
2023,510160,7253
2023,510170,29403
2023,510180,69210
2023,510185,7280
2023,510190,17004
2023,510250,89681
2023,510260,15347
2023,510263,45899
2023,510267,44585
2023,510268,8822
2023,510269,4485
2023,510270,25858
2023,510279,10332
2023,510285,7506
2023,510300,18990
2023,510305,9593
2023,510310,6220
2023,510320,31370
2023,510325,25766
2023,510330,18238
2023,510335,35075
2023,510336,3760
2023,510337,11011
2023,510340,650877
2023,510343,4903
2023,510345,7014
2023,510350,21941
2023,510360,7872
2023,510370,10521
2023,510380,3187
2023,510385,8642
2023,510390,6037
2023,510395,2905
2023,510410,31024
2023,510420,10966
2023,510450,2213
2023,510452,7815
2023,510454,7539
2023,510455,5020
2023,510460,12236
2023,510480,28569
2023,510490,7426
2023,510500,8367
2023,510510,34906
2023,510515,45869
2023,510517,10213
2023,510520,11480
2023,510523,4790
2023,510525,83798
2023,510530,2509
2023,510550,16774
2023,510558,11396
2023,510560,20091
2023,510562,26785
2023,510590,15492
2023,510600,5956
2023,510610,12940
2023,510615,13635
2023,510617,4200
2023,510618,6670
2023,510619,4239
2023,510620,3932
2023,510621,11707
2023,510622,55839
2023,510623,16352
2023,510624,11530
2023,510625,24345
2023,510626,6520
2023,510627,3349
2023,510628,6919
2023,510629,11671
2023,510630,26423
2023,510631,2015
2023,510637,18066
2023,510642,32714
2023,510645,3166
2023,510650,31217
2023,510665,6932
2023,510670,2008
2023,510675,52018
2023,510677,12127
2023,510680,5593
2023,510682,10204
2023,510685,3224
2023,510700,23283
2023,510704,85146
2023,510706,26769
2023,510710,17849
2023,510715,2122
2023,510718,10089
2023,510719,2593
2023,510720,4535
2023,510724,5374
2023,510726,2519
2023,510729,2875
2023,510730,14911
2023,510735,5964
2023,510740,4191
2023,510757,3505
2023,510760,244911
2023,510770,15453
2023,510774,2661
2023,510775,3679
2023,510776,3276
2023,510777,7596
2023,510779,4099
2023,510780,15246
2023,510785,13621
2023,510787,28944
2023,510788,1800
2023,510790,196312
2023,510792,110635
2023,510794,9818
2023,510795,106434
2023,510800,14370
2023,510805,10616
2023,510810,3025
2023,510820,4164
2023,510830,3838
2023,510835,2904
2023,510840,300078
2023,510850,12800
2023,510860,19888
2023,510880,4590
2023,510885,3529
2023,510890,5846
2023,510895,8313
2023,520005,19128
2023,520010,17232
2023,520013,21568
2023,520015,2297
2023,520017,4954
2023,520020,1858
2023,520025,225693
2023,520030,27008
2023,520050,1973
2023,520055,6072
2023,520060,10306
2023,520080,8446
2023,520082,3268
2023,520085,5259
2023,520090,3007
2023,520110,398869
2023,520120,924
2023,520130,18503
2023,520140,527796
2023,520145,2907
2023,520150,4325
2023,520160,3799
2023,520170,18390
2023,520180,11890
2023,520215,7153
2023,520235,2946
2023,520250,8300
2023,520260,3284
2023,520280,2868
2023,520310,3351
2023,520320,10371
2023,520330,34445
2023,520340,7826
2023,520350,23958
2023,520355,10296
2023,520357,3299
2023,520360,3992
2023,520380,5695
2023,520390,10495
2023,520393,2732
2023,520396,3145
2023,520400,7560
2023,520410,11513
2023,520420,1405
2023,520425,7782
2023,520430,13774
2023,520440,16513
2023,520450,98622
2023,520455,4507
2023,520460,3755
2023,520465,3708
2023,520470,12510
2023,520480,7422
2023,520485,8081
2023,520490,18108
2023,520495,4005
2023,520500,9710
2023,520505,2985
2023,520510,114427
2023,520520,5184
2023,520530,9583
2023,520540,22046
2023,520545,8090
2023,520547,12870
2023,520549,91767
2023,520551,25016
2023,520552,4030
2023,520570,2454
2023,520580,10562
2023,520590,9164
2023,520620,62337
2023,520630,3504
2023,520640,17065
2023,520650,3883
2023,520660,2927
2023,520670,3770
2023,520680,2724
2023,520690,1902
2023,520710,2062
2023,520725,6956
2023,520735,4001
2023,520740,11747
2023,520750,3205
2023,520753,7070
2023,520760,5877
2023,520780,10419
2023,520790,13744
2023,520800,115901
2023,520810,4660
2023,520815,3456
2023,520830,4457
2023,520840,13967
2023,520850,4973
2023,520860,73707
2023,520870,1437366
2023,520880,71916
2023,520890,24071
2023,520910,35664
2023,520915,4390
2023,520920,19545
2023,520929,2188
2023,520940,4085
2023,520945,2161
2023,520960,3354
2023,520970,27742
2023,520980,3545
2023,520990,10584
2023,520993,5954
2023,520995,17061
2023,521000,52204
2023,521010,25548
2023,521015,2919
2023,521020,35684
2023,521030,2560
2023,521040,44734
2023,521056,4963
2023,521060,4904
2023,521080,4380
2023,521090,21087
2023,521100,8007
2023,521120,26113
2023,521130,6101
2023,521140,7736
2023,521150,107970
2023,521160,2693
2023,521170,6272
2023,521180,45223
2023,521190,105729
2023,521200,2924
2023,521205,2123
2023,521210,7159
2023,521220,19620
2023,521225,1390
2023,521230,8745
2023,521250,209129
2023,521260,2561
2023,521270,8124
2023,521280,10700
2023,521290,2758
2023,521295,4042
2023,521300,10304
2023,521305,2614
2023,521308,27075
2023,521310,70081
2023,521340,1685
2023,521350,6692
2023,521370,8756
2023,521375,12521
2023,521377,3779
2023,521380,51351
2023,521385,2456
2023,521390,4654
2023,521400,14750
2023,521405,6189
2023,521410,3564
2023,521440,8189
2023,521450,31932
2023,521460,34964
2023,521470,2337
2023,521480,2101
2023,521483,12815
2023,521486,8310
2023,521487,3010
2023,521490,3076
2023,521500,9481
2023,521520,3527
2023,521523,103804
2023,521525,3716
2023,521530,16399
2023,521540,4057
2023,521550,7200
2023,521560,34967
2023,521565,3132
2023,521570,31858
2023,521580,2259
2023,521590,3851
2023,521600,2455
2023,521630,7607
2023,521640,10659
2023,521645,2964
2023,521680,9573
2023,521690,2328
2023,521710,24883
2023,521720,11712
2023,521730,26690
2023,521740,32373
2023,521760,105031
2023,521770,18309
2023,521800,44317
2023,521805,4070
2023,521810,3280
2023,521830,34914
2023,521839,3649
2023,521850,48447
2023,521860,12165
2023,521870,3980
2023,521878,3864
2023,521880,225696
2023,521890,19788
2023,521900,7918
2023,521910,6149
2023,521920,3002
2023,521925,4951
2023,521930,38492
2023,521935,3538
2023,521940,5924
2023,521945,2689
2023,521950,2820
2023,521960,3293
2023,521970,10645
2023,521971,4267
2023,521973,7386
2023,521975,72127
2023,521980,9711
2023,521990,6378
2023,522000,14041
2023,522005,1774
2023,522010,33852
2023,522015,4837
2023,522020,21900
2023,522026,4464
2023,522028,2143
2023,522040,17020
2023,522045,155635
2023,522050,8027
2023,522060,22245
2023,522068,5742
2023,522070,2927
2023,522100,4026
2023,522108,2701
2023,522119,7944
2023,522130,2921
2023,522140,142431
2023,522145,3120
2023,522150,4480
2023,522155,4985
2023,522157,2798
2023,522160,42546
2023,522170,13729
2023,522180,3553
2023,522185,198861
2023,522190,3716
2023,522200,14956
2023,522205,8768
2023,522220,4215
2023,522230,5815
2023,530010,2817381
