codigo_municipio,nome_municipio,sigla_uf,regiao,area_km2
110001,Alta Floresta D'Oeste,RO,Norte,7067.127
110002,Ariquemes,RO,Norte,4426.127
110003,Cabixi,RO,Norte,1314.352
110004,Cacoal,RO,Norte,3792.998
110005,Cerejeiras,RO,Norte,2783.297
110006,Colorado do Oeste,RO,Norte,1451.062
110007,Corumbiara,RO,Norte,3060.321
110008,Costa Marques,RO,Norte,4987.159
110009,Espigão D'Oeste,RO,Norte,4518.039
110010,Guajará-Mirim,RO,Norte,24856.877
110011,Jaru,RO,Norte,2944.126
110012,Ji-Paraná,RO,Norte,6896.649
110013,Machadinho D'Oeste,RO,Norte,8509.166
110014,Nova Brasilândia D'Oeste,RO,Norte,1703.008
110015,Ouro Preto do Oeste,RO,Norte,1969.878
110018,Pimenta Bueno,RO,Norte,6241.017
110020,Porto Velho,RO,Norte,34090.463
110025,Presidente Médici,RO,Norte,1758.464
110026,Rio Crespo,RO,Norte,1717.64
110028,Rolim de Moura,RO,Norte,1457.811
110029,Santa Luzia D'Oeste,RO,Norte,1197.796
110030,Vilhena,RO,Norte,11708.569
110032,São Miguel do Guaporé,RO,Norte,6789.605
110033,Nova Mamoré,RO,Norte,10070.515
110034,Alvorada D'Oeste,RO,Norte,3029.193
110037,Alto Alegre dos Parecis,RO,Norte,3958.273
110040,Alto Paraíso,RO,Norte,2652.03
110045,Buritis,RO,Norte,3265.811
110050,Novo Horizonte do Oeste,RO,Norte,843.446
110060,Cacaulândia,RO,Norte,1962.032
110070,Campo Novo de Rondônia,RO,Norte,3442.005
110080,Candeias do Jamari,RO,Norte,6843.666
110090,Castanheiras,RO,Norte,892.841
110092,Chupinguaia,RO,Norte,5117.301
110094,Cujubim,RO,Norte,3863.948
110100,Governador Jorge Teixeira,RO,Norte,5067.386
110110,Itapuã do Oeste,RO,Norte,4081.555
110120,Ministro Andreazza,RO,Norte,798.083
110130,Mirante da Serra,RO,Norte,1191.875
110140,Monte Negro,RO,Norte,1931.404
110143,Nova União,RO,Norte,807.17
110145,Parecis,RO,Norte,2548.683
110146,Pimenteiras do Oeste,RO,Norte,6014.733
110147,Primavera de Rondônia,RO,Norte,605.692
110148,São Felipe D'Oeste,RO,Norte,541.648
110149,São Francisco do Guaporé,RO,Norte,10948.637
110150,Seringueiras,RO,Norte,4443.991
110155,Teixeirópolis,RO,Norte,459.933
110160,Theobroma,RO,Norte,2197.412
110170,Urupá,RO,Norte,831.855
110175,Vale do Anari,RO,Norte,3135.107
110180,Vale do Paraíso,RO,Norte,965.661
120001,Acrelândia,AC,Norte,1811.612
120005,Assis Brasil,AC,Norte,4968.527
120010,Brasiléia,AC,Norte,3928.821
120013,Bujari,AC,Norte,3035.547
120017,Capixaba,AC,Norte,1705.236
120020,Cruzeiro do Sul,AC,Norte,8793.341
120025,Epitaciolândia,AC,Norte,1652.715
120030,Feijó,AC,Norte,27946.684
120032,Jordão,AC,Norte,5346.443
120033,Mâncio Lima,AC,Norte,5414.073
120034,Manoel Urbano,AC,Norte,10615.134
120035,Marechal Thaumaturgo,AC,Norte,8185.635
120038,Plácido de Castro,AC,Norte,1952.531
120039,Porto Walter,AC,Norte,6452.756
120040,Rio Branco,AC,Norte,8834.832
120042,Rodrigues Alves,AC,Norte,3082.396
120043,Santa Rosa do Purus,AC,Norte,6144.95
120045,Senador Guiomard,AC,Norte,2320.956
120050,Sena Madureira,AC,Norte,23748.843
120060,Tarauacá,AC,Norte,20169.487
120070,Xapuri,AC,Norte,5350.3
120080,Porto Acre,AC,Norte,2603.942
130002,Alvarães,AM,Norte,5964.611
130006,Amaturá,AM,Norte,4658.391
130008,Anamã,AM,Norte,2382.521
130010,Anori,AM,Norte,6084.881
130014,Apuí,AM,Norte,53617.189
130020,Atalaia do Norte,AM,Norte,76313.455
130030,Autazes,AM,Norte,7564.727
130040,Barcelos,AM,Norte,122453.454
130050,Barreirinha,AM,Norte,5658.561
130060,Benjamin Constant,AM,Norte,9100.432
130063,Beruri,AM,Norte,17415.813
130068,Boa Vista do Ramos,AM,Norte,2613.997
130070,Boca do Acre,AM,Norte,21949.686
130080,Borba,AM,Norte,44644.015
130083,Caapiranga,AM,Norte,9743.918
130090,Canutama,AM,Norte,33671.791
130100,Carauari,AM,Norte,25771.943
130110,Careiro,AM,Norte,6100.302
130115,Careiro da Várzea,AM,Norte,2655.729
130120,Coari,AM,Norte,57894.132
130130,Codajás,AM,Norte,19038.052
130140,Eirunepé,AM,Norte,15189.428
130150,Envira,AM,Norte,7419.658
130160,Fonte Boa,AM,Norte,12163.987
130165,Guajará,AM,Norte,7427.071
130170,Humaitá,AM,Norte,33113.788
130180,Ipixuna,AM,Norte,12437.643
130185,Iranduba,AM,Norte,2331.676
130190,Itacoatiara,AM,Norte,8882.186
130195,Itamarati,AM,Norte,25509.236
130200,Itapiranga,AM,Norte,4287.62
130210,Japurá,AM,Norte,55964.231
130220,Juruá,AM,Norte,19300.464
130230,Jutaí,AM,Norte,68971.126
130240,Lábrea,AM,Norte,68349.909
130250,Manacapuru,AM,Norte,7318.909
130255,Manaquiri,AM,Norte,4016.877
130260,Manaus,AM,Norte,11278.893
130270,Manicoré,AM,Norte,48429.767
130280,Maraã,AM,Norte,16805.602
130290,Maués,AM,Norte,39973.673
130300,Nhamundá,AM,Norte,14077.252
130310,Nova Olinda do Norte,AM,Norte,5573.414
130320,Novo Airão,AM,Norte,37755.384
130330,Novo Aripuanã,AM,Norte,41382.864
130340,Parintins,AM,Norte,6044.053
130350,Pauini,AM,Norte,41637.294
130353,Presidente Figueiredo,AM,Norte,25027.907
130356,Rio Preto da Eva,AM,Norte,5812.425
130360,Santa Isabel do Rio Negro,AM,Norte,62470.219
130370,Santo Antônio do Içá,AM,Norte,12482.067
130380,São Gabriel da Cachoeira,AM,Norte,108700.19
130390,São Paulo de Olivença,AM,Norte,19615.643
130395,São Sebastião do Uatumã,AM,Norte,10712.222
130400,Silves,AM,Norte,3723.18
130406,Tabatinga,AM,Norte,3279.046
130410,Tapauá,AM,Norte,84697.765
130420,Tefé,AM,Norte,23835.224
130423,Tonantins,AM,Norte,6336.62
130426,Uarini,AM,Norte,10323.306
130430,Urucará,AM,Norte,27851.365
130440,Urucurituba,AM,Norte,2897.547
140002,Amajari,RR,Norte,28370.592
140005,Alto Alegre,RR,Norte,25424.287
140010,Boa Vista,RR,Norte,5687.037
140015,Bonfim,RR,Norte,8079.84
140017,Cantá,RR,Norte,7664.831
140020,Caracaraí,RR,Norte,47385.318
140023,Caroebe,RR,Norte,12064.399
140028,Iracema,RR,Norte,14018.766
140030,Mucajaí,RR,Norte,12337.85
140040,Normandia,RR,Norte,6959.982
140045,Pacaraima,RR,Norte,8019.088
140047,Rorainópolis,RR,Norte,33579.445
140050,São João da Baliza,RR,Norte,4284.503
140060,São Luiz do Anauá,RR,Norte,1526.9
140070,Uiramutã,RR,Norte,8102.219
150010,Abaetetuba,PA,Norte,1610.645
150013,Abel Figueiredo,PA,Norte,614.127
150020,Acará,PA,Norte,4344.387
150030,Afuá,PA,Norte,8338.438
150034,Água Azul do Norte,PA,Norte,7113.956
150040,Alenquer,PA,Norte,23644.384
150050,Almeirim,PA,Norte,72968.578
150060,Altamira,PA,Norte,159533.318
150070,Anajás,PA,Norte,6913.86
150080,Ananindeua,PA,Norte,190.59
150085,Anapu,PA,Norte,11895.27
150090,Augusto Corrêa,PA,Norte,1099.58
150095,Aurora do Pará,PA,Norte,1811.933
150100,Aveiro,PA,Norte,17072.657
150110,Bagre,PA,Norte,4397.321
150120,Baião,PA,Norte,3760.001
150125,Bannach,PA,Norte,2956.649
150130,Barcarena,PA,Norte,1310.338
150140,Belém,PA,Norte,1059.458
150145,Belterra,PA,Norte,4398.419
150150,Benevides,PA,Norte,187.826
150157,Bom Jesus do Tocantins,PA,Norte,2816.608
150160,Bonito,PA,Norte,586.977
150170,Bragança,PA,Norte,2124.736
150172,Brasil Novo,PA,Norte,6362.562
150175,Brejo Grande do Araguaia,PA,Norte,1288.473
150178,Breu Branco,PA,Norte,3941.746
150180,Breves,PA,Norte,9566.495
150190,Bujaru,PA,Norte,994.662
150195,Cachoeira do Piriá,PA,Norte,2419.6
150200,Cachoeira do Arari,PA,Norte,3100.261
150210,Cametá,PA,Norte,3082.19
150215,Canaã dos Carajás,PA,Norte,3146.748
150220,Capanema,PA,Norte,621.476
150230,Capitão Poço,PA,Norte,2901.026
150240,Castanhal,PA,Norte,1029.3
150250,Chaves,PA,Norte,12534.995
150260,Colares,PA,Norte,384.068
150270,Conceição do Araguaia,PA,Norte,5829.482
150275,Concórdia do Pará,PA,Norte,700.614
150276,Cumaru do Norte,PA,Norte,17085.001
150277,Curionópolis,PA,Norte,2369.091
150280,Curralinho,PA,Norte,3617.355
150285,Curuá,PA,Norte,1431.346
150290,Curuçá,PA,Norte,676.321
150293,Dom Eliseu,PA,Norte,5268.809
150295,Eldorado do Carajás,PA,Norte,2956.69
150300,Faro,PA,Norte,11771.669
150304,Floresta do Araguaia,PA,Norte,3444.285
150307,Garrafão do Norte,PA,Norte,1608.014
150309,Goianésia do Pará,PA,Norte,7023.933
150310,Gurupá,PA,Norte,8569.663
150320,Igarapé-Açu,PA,Norte,785.983
150330,Igarapé-Miri,PA,Norte,1996.798
150340,Inhangapi,PA,Norte,472.599
150345,Ipixuna do Pará,PA,Norte,5215.555
150350,Irituia,PA,Norte,1385.209
150360,Itaituba,PA,Norte,62042.375
150370,Itupiranga,PA,Norte,7880.303
150375,Jacareacanga,PA,Norte,53308.337
150380,Jacundá,PA,Norte,2008.333
150390,Juruti,PA,Norte,8305.907
150400,Limoeiro do Ajuru,PA,Norte,1489.356
150405,Mãe do Rio,PA,Norte,469.341
150410,Magalhães Barata,PA,Norte,323.984
150420,Marabá,PA,Norte,15127.872
150430,Maracanã,PA,Norte,807.628
150440,Marapanim,PA,Norte,804.625
150442,Marituba,PA,Norte,103.214
150445,Medicilândia,PA,Norte,8272.629
150450,Melgaço,PA,Norte,6772.778
150460,Mocajuba,PA,Norte,871.168
150470,Moju,PA,Norte,9094.14
150475,Mojuí dos Campos,PA,Norte,4988.239
150480,Monte Alegre,PA,Norte,18151.323
150490,Muaná,PA,Norte,3763.13
150495,Nova Esperança do Piriá,PA,Norte,2808.195
150497,Nova Ipixuna,PA,Norte,1564.182
150500,Nova Timboteua,PA,Norte,489.852
150503,Novo Progresso,PA,Norte,38162.004
150506,Novo Repartimento,PA,Norte,15398.735
150510,Óbidos,PA,Norte,28009.656
150520,Oeiras do Pará,PA,Norte,3852.291
150530,Oriximiná,PA,Norte,107560.161
150540,Ourém,PA,Norte,561.71
150543,Ourilândia do Norte,PA,Norte,14410.567
150548,Pacajá,PA,Norte,11832.318
150549,Palestina do Pará,PA,Norte,984.362
150550,Paragominas,PA,Norte,19342.565
150553,Parauapebas,PA,Norte,6885.865
150555,Pau D'Arco,PA,Norte,1671.418
150560,Peixe-Boi,PA,Norte,450.224
150563,Piçarra,PA,Norte,3312.709
150565,Placas,PA,Norte,7173.2
150570,Ponta de Pedras,PA,Norte,3363.743
150580,Portel,PA,Norte,25386.158
150590,Porto de Moz,PA,Norte,17422.329
150600,Prainha,PA,Norte,14788.187
150610,Primavera,PA,Norte,259.331
150611,Quatipuru,PA,Norte,302.586
150613,Redenção,PA,Norte,3823.809
150616,Rio Maria,PA,Norte,4114.652
150618,Rondon do Pará,PA,Norte,8246.394
150619,Rurópolis,PA,Norte,7021.322
150620,Salinópolis,PA,Norte,226.12
150630,Salvaterra,PA,Norte,918.563
150635,Santa Bárbara do Pará,PA,Norte,278.154
150640,Santa Cruz do Arari,PA,Norte,1076.652
150650,Santa Izabel do Pará,PA,Norte,717.662
150655,Santa Luzia do Pará,PA,Norte,1346.502
150658,Santa Maria das Barreiras,PA,Norte,10330.214
150660,Santa Maria do Pará,PA,Norte,457.724
150670,Santana do Araguaia,PA,Norte,11591.427
150680,Santarém,PA,Norte,17900.01
150690,Santarém Novo,PA,Norte,229.51
150700,Santo Antônio do Tauá,PA,Norte,537.619
150710,São Caetano de Odivelas,PA,Norte,463.883
150715,São Domingos do Araguaia,PA,Norte,1392.464
150720,São Domingos do Capim,PA,Norte,1686.672
150730,São Félix do Xingu,PA,Norte,84212.873
150740,São Francisco do Pará,PA,Norte,479.441
150745,São Geraldo do Araguaia,PA,Norte,3168.387
150746,São João da Ponta,PA,Norte,195.918
150747,São João de Pirabas,PA,Norte,668.058
150750,São João do Araguaia,PA,Norte,1279.889
150760,São Miguel do Guamá,PA,Norte,1094.57
150770,São Sebastião da Boa Vista,PA,Norte,1632.243
150775,Sapucaia,PA,Norte,1298.195
150780,Senador José Porfírio,PA,Norte,14419.917
150790,Soure,PA,Norte,2857.349
150795,Tailândia,PA,Norte,4430.477
150796,Terra Alta,PA,Norte,204.971
150797,Terra Santa,PA,Norte,1895.883
150800,Tomé-Açu,PA,Norte,5145.361
150803,Tracuateua,PA,Norte,868.03
150805,Trairão,PA,Norte,11991.085
150808,Tucumã,PA,Norte,2512.594
150810,Tucuruí,PA,Norte,2084.276
150812,Ulianópolis,PA,Norte,5088.468
150815,Uruará,PA,Norte,10791.402
150820,Vigia,PA,Norte,401.87
150830,Viseu,PA,Norte,4972.936
150835,Vitória do Xingu,PA,Norte,3089.537
150840,Xinguara,PA,Norte,3779.323
160005,Serra do Navio,AP,Norte,7713.046
160010,Amapá,AP,Norte,8454.846
160015,Pedra Branca do Amapari,AP,Norte,9622.29
160020,Calçoene,AP,Norte,14117.297
160021,Cutias,AP,Norte,2179.114
160023,Ferreira Gomes,AP,Norte,4973.855
160025,Itaubal,AP,Norte,1622.867
160027,Laranjal do Jari,AP,Norte,30542.284
160030,Macapá,AP,Norte,6563.849
160040,Mazagão,AP,Norte,13294.778
160050,Oiapoque,AP,Norte,23058.224
160053,Porto Grande,AP,Norte,4428.013
160055,Pracuúba,AP,Norte,4948.508
160060,Santana,AP,Norte,1541.225
160070,Tartarugalzinho,AP,Norte,6684.705
160080,Vitória do Jari,AP,Norte,2508.979
170025,Abreulândia,TO,Norte,1906.295
170030,Aguiarnópolis,TO,Norte,236.792
170035,Aliança do Tocantins,TO,Norte,1580.999
170040,Almas,TO,Norte,4007.152
170070,Alvorada,TO,Norte,1207.201
170100,Ananás,TO,Norte,1581.058
170105,Angico,TO,Norte,447.547
170110,Aparecida do Rio Negro,TO,Norte,1159.034
170130,Aragominas,TO,Norte,1168.213
170190,Araguacema,TO,Norte,2774.505
170200,Araguaçu,TO,Norte,5155.223
170210,Araguaína,TO,Norte,4004.645
170215,Araguanã,TO,Norte,834.834
170220,Araguatins,TO,Norte,2633.278
170230,Arapoema,TO,Norte,1558.136
170240,Arraias,TO,Norte,5803.085
170255,Augustinópolis,TO,Norte,388.809
170270,Aurora do Tocantins,TO,Norte,696.194
170290,Axixá do Tocantins,TO,Norte,153.539
170300,Babaçulândia,TO,Norte,1790.297
170305,Bandeirantes do Tocantins,TO,Norte,1540.543
170307,Barra do Ouro,TO,Norte,1105.84
170310,Barrolândia,TO,Norte,697.759
170320,Bernardo Sayão,TO,Norte,924.045
170330,Bom Jesus do Tocantins,TO,Norte,1326.947
170360,Brasilândia do Tocantins,TO,Norte,645.908
170370,Brejinho de Nazaré,TO,Norte,1722.59
170380,Buriti do Tocantins,TO,Norte,252.73
170382,Cachoeirinha,TO,Norte,351.535
170384,Campos Lindos,TO,Norte,3234.445
170386,Cariri do Tocantins,TO,Norte,1126.291
170388,Carmolândia,TO,Norte,339.366
170389,Carrasco Bonito,TO,Norte,190.352
170390,Caseara,TO,Norte,1680.014
170410,Centenário,TO,Norte,1953.134
170460,Chapada de Areia,TO,Norte,658.564
170510,Chapada da Natividade,TO,Norte,1640.833
170550,Colinas do Tocantins,TO,Norte,842.488
170555,Combinado,TO,Norte,208.791
170560,Conceição do Tocantins,TO,Norte,2530.647
170600,Couto Magalhães,TO,Norte,1584.196
170610,Cristalândia,TO,Norte,1850.75
170625,Crixás do Tocantins,TO,Norte,983.766
170650,Darcinópolis,TO,Norte,1641.77
170700,Dianópolis,TO,Norte,3318.094
170710,Divinópolis do Tocantins,TO,Norte,2358.282
170720,Dois Irmãos do Tocantins,TO,Norte,3747.645
170730,Dueré,TO,Norte,3420.657
170740,Esperantina,TO,Norte,506.175
170755,Fátima,TO,Norte,380.374
170765,Figueirópolis,TO,Norte,1935.709
170770,Filadélfia,TO,Norte,1991.258
170820,Formoso do Araguaia,TO,Norte,13431.861
170825,Tabocão,TO,Norte,624.463
170830,Goianorte,TO,Norte,1797.229
170900,Goiatins,TO,Norte,6414.846
170930,Guaraí,TO,Norte,2106.753
170950,Gurupi,TO,Norte,1844.164
170980,Ipueiras,TO,Norte,821.152
171050,Itacajá,TO,Norte,3047.204
171070,Itaguatins,TO,Norte,730.163
171090,Itapiratins,TO,Norte,1246.349
171110,Itaporã do Tocantins,TO,Norte,969.794
171150,Jaú do Tocantins,TO,Norte,2167.201
171180,Juarina,TO,Norte,483.452
171190,Lagoa da Confusão,TO,Norte,10563.181
171195,Lagoa do Tocantins,TO,Norte,917.632
171200,Lajeado,TO,Norte,318.292
171215,Lavandeira,TO,Norte,468.006
171240,Lizarda,TO,Norte,5716.641
171245,Luzinópolis,TO,Norte,281.543
171250,Marianópolis do Tocantins,TO,Norte,2089.575
171270,Mateiros,TO,Norte,9589.273
171280,Maurilândia do Tocantins,TO,Norte,736.303
171320,Miracema do Tocantins,TO,Norte,2663.745
171330,Miranorte,TO,Norte,1033.301
171360,Monte do Carmo,TO,Norte,3601.205
171370,Monte Santo do Tocantins,TO,Norte,1072.92
171380,Palmeiras do Tocantins,TO,Norte,743.407
171395,Muricilândia,TO,Norte,1194.368
171420,Natividade,TO,Norte,3241.672
171430,Nazaré,TO,Norte,395.997
171488,Nova Olinda,TO,Norte,1567.834
171500,Nova Rosalândia,TO,Norte,514.791
171510,Novo Acordo,TO,Norte,2678.262
171515,Novo Alegre,TO,Norte,200.411
171525,Novo Jardim,TO,Norte,1213.893
171550,Oliveira de Fátima,TO,Norte,209.292
171570,Palmeirante,TO,Norte,2638.465
171575,Palmeirópolis,TO,Norte,1708.981
171610,Paraíso do Tocantins,TO,Norte,1292.267
171620,Paranã,TO,Norte,11217.373
171630,Pau D'Arco,TO,Norte,1375.551
171650,Pedro Afonso,TO,Norte,2019.556
171660,Peixe,TO,Norte,5303.612
171665,Pequizeiro,TO,Norte,1206.119
171670,Colméia,TO,Norte,1161.029
171700,Pindorama do Tocantins,TO,Norte,1560.551
171720,Piraquê,TO,Norte,1363.411
171750,Pium,TO,Norte,10003.549
171780,Ponte Alta do Bom Jesus,TO,Norte,1718.791
171790,Ponte Alta do Tocantins,TO,Norte,6542.838
171800,Porto Alegre do Tocantins,TO,Norte,506.717
171820,Porto Nacional,TO,Norte,4434.68
171830,Praia Norte,TO,Norte,300.999
171840,Presidente Kennedy,TO,Norte,771.716
171845,Pugmil,TO,Norte,401.174
171850,Recursolândia,TO,Norte,2215.669
171855,Riachinho,TO,Norte,512.156
171865,Rio da Conceição,TO,Norte,845.823
171870,Rio dos Bois,TO,Norte,847.255
171875,Rio Sono,TO,Norte,6346.279
171880,Sampaio,TO,Norte,222.436
171884,Sandolândia,TO,Norte,3535.135
171886,Santa Fé do Araguaia,TO,Norte,1671.239
171888,Santa Maria do Tocantins,TO,Norte,1412.318
171889,Santa Rita do Tocantins,TO,Norte,3281.219
171890,Santa Rosa do Tocantins,TO,Norte,1804.686
171900,Santa Tereza do Tocantins,TO,Norte,539.511
172000,Santa Terezinha do Tocantins,TO,Norte,274.105
172010,São Bento do Tocantins,TO,Norte,1099.58
172015,São Félix do Tocantins,TO,Norte,1913.11
172020,São Miguel do Tocantins,TO,Norte,406.957
172025,São Salvador do Tocantins,TO,Norte,1424.753
172030,São Sebastião do Tocantins,TO,Norte,289.597
172049,São Valério,TO,Norte,2520.465
172065,Silvanópolis,TO,Norte,1258.771
172080,Sítio Novo do Tocantins,TO,Norte,307.095
172085,Sucupira,TO,Norte,1018.222
172090,Taguatinga,TO,Norte,2341.919
172093,Taipas do Tocantins,TO,Norte,1105.303
172097,Talismã,TO,Norte,2155.503
172100,Palmas,TO,Norte,2227.329
172110,Tocantínia,TO,Norte,2609.775
172120,Tocantinópolis,TO,Norte,1083.6
172125,Tupirama,TO,Norte,706.883
172130,Tupiratins,TO,Norte,889.126
172208,Wanderlândia,TO,Norte,1365.432
172210,Xambioá,TO,Norte,1190.489
210005,Açailândia,MA,Nordeste,5805.158
210010,Afonso Cunha,MA,Nordeste,371.767
210015,Água Doce do Maranhão,MA,Nordeste,442.292
210020,Alcântara,MA,Nordeste,1167.964
210030,Aldeias Altas,MA,Nordeste,1943.413
210040,Altamira do Maranhão,MA,Nordeste,524.374
210043,Alto Alegre do Maranhão,MA,Nordeste,392.751
210047,Alto Alegre do Pindaré,MA,Nordeste,1875.58
210050,Alto Parnaíba,MA,Nordeste,11127.384
210055,Amapá do Maranhão,MA,Nordeste,493.738
210060,Amarante do Maranhão,MA,Nordeste,7441.771
210070,Anajatuba,MA,Nordeste,940.489
210080,Anapurus,MA,Nordeste,608.903
210083,Apicum-Açu,MA,Nordeste,341.12
210087,Araguanã,MA,Nordeste,805.194
210090,Araioses,MA,Nordeste,1789.73
210095,Arame,MA,Nordeste,2976.039
210100,Arari,MA,Nordeste,1099.81
210110,Axixá,MA,Nordeste,160.462
210120,Bacabal,MA,Nordeste,1656.736
210125,Bacabeira,MA,Nordeste,542.961
210130,Bacuri,MA,Nordeste,832.084
210135,Bacurituba,MA,Nordeste,413.651
210140,Balsas,MA,Nordeste,12601.976
210150,Barão de Grajaú,MA,Nordeste,2209.414
210160,Barra do Corda,MA,Nordeste,5187.673
210170,Barreirinhas,MA,Nordeste,3046.308
210173,Belágua,MA,Nordeste,569.606
210177,Bela Vista do Maranhão,MA,Nordeste,147.949
210180,Benedito Leite,MA,Nordeste,1784.64
210190,Bequimão,MA,Nordeste,790.222
210193,Bernardo do Mearim,MA,Nordeste,247.189
210197,Boa Vista do Gurupi,MA,Nordeste,400.35
210200,Bom Jardim,MA,Nordeste,6579.946
210203,Bom Jesus das Selvas,MA,Nordeste,2676.93
210207,Bom Lugar,MA,Nordeste,445.171
210210,Brejo,MA,Nordeste,1073.257
210215,Brejo de Areia,MA,Nordeste,986.036
210220,Buriti,MA,Nordeste,1475.78
210230,Buriti Bravo,MA,Nordeste,1581.721
210232,Buriticupu,MA,Nordeste,2553.663
210235,Buritirana,MA,Nordeste,821.261
210237,Cachoeira Grande,MA,Nordeste,707.236
210240,Cajapió,MA,Nordeste,545.244
210250,Cajari,MA,Nordeste,662.066
210255,Campestre do Maranhão,MA,Nordeste,613.529
210260,Cândido Mendes,MA,Nordeste,1643.796
210270,Cantanhede,MA,Nordeste,773.009
210275,Capinzal do Norte,MA,Nordeste,590.271
210280,Carolina,MA,Nordeste,6267.601
210290,Carutapera,MA,Nordeste,1260.569
210300,Caxias,MA,Nordeste,5200.625
210310,Cedral,MA,Nordeste,285.211
210312,Central do Maranhão,MA,Nordeste,319.538
210315,Centro do Guilherme,MA,Nordeste,1134.646
210317,Centro Novo do Maranhão,MA,Nordeste,8401.002
210320,Chapadinha,MA,Nordeste,3248.774
210325,Cidelândia,MA,Nordeste,1462.81
210330,Codó,MA,Nordeste,4361.6
210340,Coelho Neto,MA,Nordeste,976.653
210350,Colinas,MA,Nordeste,1978.668
210355,Conceição do Lago-Açu,MA,Nordeste,727.133
210360,Coroatá,MA,Nordeste,2263.692
210370,Cururupu,MA,Nordeste,1255.667
210375,Davinópolis,MA,Nordeste,332.249
210380,Dom Pedro,MA,Nordeste,358.493
210390,Duque Bacelar,MA,Nordeste,317.494
210400,Esperantinópolis,MA,Nordeste,452.402
210405,Estreito,MA,Nordeste,2719.964
210407,Feira Nova do Maranhão,MA,Nordeste,1626.052
210408,Fernando Falcão,MA,Nordeste,5086.59
210409,Formosa da Serra Negra,MA,Nordeste,3690.633
210410,Fortaleza dos Nogueiras,MA,Nordeste,1853.382
210420,Fortuna,MA,Nordeste,835.668
210430,Godofredo Viana,MA,Nordeste,725.707
210440,Gonçalves Dias,MA,Nordeste,883.588
210450,Governador Archer,MA,Nordeste,445.857
210455,Governador Edison Lobão,MA,Nordeste,615.957
210460,Governador Eugênio Barros,MA,Nordeste,647.015
210462,Governador Luiz Rocha,MA,Nordeste,401.587
210465,Governador Newton Bello,MA,Nordeste,1144.146
210467,Governador Nunes Freire,MA,Nordeste,1049.208
210470,Graça Aranha,MA,Nordeste,271.445
210480,Grajaú,MA,Nordeste,8861.696
210490,Guimarães,MA,Nordeste,478.857
210500,Humberto de Campos,MA,Nordeste,1714.625
210510,Icatu,MA,Nordeste,1124.446
210515,Igarapé do Meio,MA,Nordeste,368.703
210520,Igarapé Grande,MA,Nordeste,346.218
210530,Imperatriz,MA,Nordeste,1369.039
210535,Itaipava do Grajaú,MA,Nordeste,1244.398
210540,Itapecuru Mirim,MA,Nordeste,1480.641
210542,Itinga do Maranhão,MA,Nordeste,3583.423
210545,Jatobá,MA,Nordeste,591.637
210547,Jenipapo dos Vieiras,MA,Nordeste,1962.362
210550,João Lisboa,MA,Nordeste,1135.08
210560,Joselândia,MA,Nordeste,703.094
210565,Junco do Maranhão,MA,Nordeste,568.499
210570,Lago da Pedra,MA,Nordeste,1240.446
210580,Lago do Junco,MA,Nordeste,328.525
210590,Lago Verde,MA,Nordeste,631.455
210592,Lagoa do Mato,MA,Nordeste,1512.985
210594,Lago dos Rodrigues,MA,Nordeste,220.776
210596,Lagoa Grande do Maranhão,MA,Nordeste,744.199
210598,Lajeado Novo,MA,Nordeste,1063.62
210600,Lima Campos,MA,Nordeste,321.932
210610,Loreto,MA,Nordeste,3596.74
210620,Luís Domingues,MA,Nordeste,467.251
210630,Magalhães de Almeida,MA,Nordeste,434.433
210632,Maracaçumé,MA,Nordeste,635.758
210635,Marajá do Sena,MA,Nordeste,1402.593
210637,Maranhãozinho,MA,Nordeste,781.676
210640,Mata Roma,MA,Nordeste,548.581
210650,Matinha,MA,Nordeste,410.633
210660,Matões,MA,Nordeste,2108.672
210663,Matões do Norte,MA,Nordeste,794.454
210667,Milagres do Maranhão,MA,Nordeste,634.818
210670,Mirador,MA,Nordeste,8522.882
210675,Miranda do Norte,MA,Nordeste,341.107
210680,Mirinzal,MA,Nordeste,686.944
210690,Monção,MA,Nordeste,1245.548
210700,Montes Altos,MA,Nordeste,1489.198
210710,Morros,MA,Nordeste,1712.121
210720,Nina Rodrigues,MA,Nordeste,570.938
210725,Nova Colinas,MA,Nordeste,743.11
210730,Nova Iorque,MA,Nordeste,978.342
210735,Nova Olinda do Maranhão,MA,Nordeste,2452.615
210740,Olho d'Água das Cunhãs,MA,Nordeste,695.333
210745,Olinda Nova do Maranhão,MA,Nordeste,199.879
210750,Paço do Lumiar,MA,Nordeste,127.275
210760,Palmeirândia,MA,Nordeste,532.161
210770,Paraibano,MA,Nordeste,530.517
210780,Parnarama,MA,Nordeste,3246.503
210790,Passagem Franca,MA,Nordeste,1358.327
210800,Pastos Bons,MA,Nordeste,1635.178
210805,Paulino Neves,MA,Nordeste,979.482
210810,Paulo Ramos,MA,Nordeste,1168.608
210820,Pedreiras,MA,Nordeste,261.814
210825,Pedro do Rosário,MA,Nordeste,1753.867
210830,Penalva,MA,Nordeste,800.916
210840,Peri Mirim,MA,Nordeste,397.993
210845,Peritoró,MA,Nordeste,824.72
210850,Pindaré-Mirim,MA,Nordeste,268.285
210860,Pinheiro,MA,Nordeste,1512.969
210870,Pio XII,MA,Nordeste,545.221
210880,Pirapemas,MA,Nordeste,688.761
210890,Poção de Pedras,MA,Nordeste,990.66
210900,Porto Franco,MA,Nordeste,1421.011
210905,Porto Rico do Maranhão,MA,Nordeste,244.979
210910,Presidente Dutra,MA,Nordeste,771.574
210920,Presidente Juscelino,MA,Nordeste,355.568
210923,Presidente Médici,MA,Nordeste,437.687
210927,Presidente Sarney,MA,Nordeste,726.176
210930,Presidente Vargas,MA,Nordeste,460.004
210940,Primeira Cruz,MA,Nordeste,1337.161
210945,Raposa,MA,Nordeste,79.213
210950,Riachão,MA,Nordeste,6402.83
210955,Ribamar Fiquene,MA,Nordeste,733.458
210960,Rosário,MA,Nordeste,647.998
210970,Sambaíba,MA,Nordeste,3015.086
210975,Santa Filomena do Maranhão,MA,Nordeste,623.213
210980,Santa Helena,MA,Nordeste,2191.164
210990,Santa Inês,MA,Nordeste,786.689
211000,Santa Luzia,MA,Nordeste,4837.168
211003,Santa Luzia do Paruá,MA,Nordeste,1010.483
211010,Santa Quitéria do Maranhão,MA,Nordeste,1430.329
211020,Santa Rita,MA,Nordeste,756.797
211023,Santana do Maranhão,MA,Nordeste,932.032
211027,Santo Amaro do Maranhão,MA,Nordeste,1582.806
211030,Santo Antônio dos Lopes,MA,Nordeste,770.923
211040,São Benedito do Rio Preto,MA,Nordeste,931.484
211050,São Bento,MA,Nordeste,456.998
211060,São Bernardo,MA,Nordeste,1005.823
211065,São Domingos do Azeitão,MA,Nordeste,961.153
211070,São Domingos do Maranhão,MA,Nordeste,1151.978
211080,São Félix de Balsas,MA,Nordeste,2033.29
211085,São Francisco do Brejão,MA,Nordeste,745.357
211090,São Francisco do Maranhão,MA,Nordeste,2284.217
211100,São João Batista,MA,Nordeste,649.957
211102,São João do Carú,MA,Nordeste,910.065
211105,São João do Paraíso,MA,Nordeste,2052.328
211107,São João do Soter,MA,Nordeste,1438.066
211110,São João dos Patos,MA,Nordeste,1483.255
211120,São José de Ribamar,MA,Nordeste,180.266
211125,São José dos Basílios,MA,Nordeste,353.72
211130,São Luís,MA,Nordeste,583.063
211140,São Luís Gonzaga do Maranhão,MA,Nordeste,909.164
211150,São Mateus do Maranhão,MA,Nordeste,800.045
211153,São Pedro da Água Branca,MA,Nordeste,720.461
211157,São Pedro dos Crentes,MA,Nordeste,979.559
211160,São Raimundo das Mangabeiras,MA,Nordeste,3523.94
211163,São Raimundo do Doca Bezerra,MA,Nordeste,419.55
211167,São Roberto,MA,Nordeste,226.811
211170,São Vicente Ferrer,MA,Nordeste,393.927
211172,Satubinha,MA,Nordeste,441.807
211174,Senador Alexandre Costa,MA,Nordeste,426.431
211176,Senador La Rocque,MA,Nordeste,737.078
211178,Serrano do Maranhão,MA,Nordeste,1185.31
211180,Sítio Novo,MA,Nordeste,3114.682
211190,Sucupira do Norte,MA,Nordeste,1074.435
211195,Sucupira do Riachão,MA,Nordeste,862.226
211200,Tasso Fragoso,MA,Nordeste,4369.318
211210,Timbiras,MA,Nordeste,1486.582
211220,Timon,MA,Nordeste,1763.219
211223,Trizidela do Vale,MA,Nordeste,291.61
211227,Tufilândia,MA,Nordeste,270.934
211230,Tuntum,MA,Nordeste,3369.119
211240,Turiaçu,MA,Nordeste,2622.281
211245,Turilândia,MA,Nordeste,1507.976
211250,Tutóia,MA,Nordeste,1566.081
211260,Urbano Santos,MA,Nordeste,1706.196
211270,Vargem Grande,MA,Nordeste,1958.702
211280,Viana,MA,Nordeste,1166.745
211285,Vila Nova dos Martírios,MA,Nordeste,1190.008
211290,Vitória do Mearim,MA,Nordeste,715.625
211300,Vitorino Freire,MA,Nordeste,1193.386
211400,Zé Doca,MA,Nordeste,2140.109
220005,Acauã,PI,Nordeste,1196.75
220010,Agricolândia,PI,Nordeste,112.392
220020,Água Branca,PI,Nordeste,96.843
220025,Alagoinha do Piauí,PI,Nordeste,535.89
220027,Alegrete do Piauí,PI,Nordeste,243.732
220030,Alto Longá,PI,Nordeste,1743.331
220040,Altos,PI,Nordeste,957.226
220045,Alvorada do Gurguéia,PI,Nordeste,2131.517
220050,Amarante,PI,Nordeste,1180.193
220060,Angical do Piauí,PI,Nordeste,222.023
220070,Anísio de Abreu,PI,Nordeste,337.876
220080,Antônio Almeida,PI,Nordeste,644.801
220090,Aroazes,PI,Nordeste,821.211
220095,Aroeiras do Itaim,PI,Nordeste,316.235
220100,Arraial,PI,Nordeste,619.21
220105,Assunção do Piauí,PI,Nordeste,1690.698
220110,Avelino Lopes,PI,Nordeste,1220.369
220115,Baixa Grande do Ribeiro,PI,Nordeste,7808.913
220117,Barra D'Alcântara,PI,Nordeste,263.943
220120,Barras,PI,Nordeste,1722.506
220130,Barreiras do Piauí,PI,Nordeste,2168.713
220140,Barro Duro,PI,Nordeste,159.436
220150,Batalha,PI,Nordeste,1584.255
220155,Bela Vista do Piauí,PI,Nordeste,499.092
220157,Belém do Piauí,PI,Nordeste,243.234
220160,Beneditinos,PI,Nordeste,937.443
220170,Bertolínia,PI,Nordeste,1216.116
220173,Betânia do Piauí,PI,Nordeste,667.433
220177,Boa Hora,PI,Nordeste,339.902
220180,Bocaina,PI,Nordeste,261.49
220190,Bom Jesus,PI,Nordeste,5470.984
220191,Bom Princípio do Piauí,PI,Nordeste,523.143
220192,Bonfim do Piauí,PI,Nordeste,289.149
220194,Boqueirão do Piauí,PI,Nordeste,271.024
220196,Brasileira,PI,Nordeste,880.836
220198,Brejo do Piauí,PI,Nordeste,2267.326
220200,Buriti dos Lopes,PI,Nordeste,690.539
220202,Buriti dos Montes,PI,Nordeste,2437.329
220205,Cabeceiras do Piauí,PI,Nordeste,608.744
220207,Cajazeiras do Piauí,PI,Nordeste,515.427
220208,Cajueiro da Praia,PI,Nordeste,271.165
220209,Caldeirão Grande do Piauí,PI,Nordeste,467.082
220210,Campinas do Piauí,PI,Nordeste,783.843
220211,Campo Alegre do Fidalgo,PI,Nordeste,657.797
220213,Campo Grande do Piauí,PI,Nordeste,311.682
220217,Campo Largo do Piauí,PI,Nordeste,478.079
220220,Campo Maior,PI,Nordeste,1680.863
220225,Canavieira,PI,Nordeste,2165.2
220230,Canto do Buriti,PI,Nordeste,4325.643
220240,Capitão de Campos,PI,Nordeste,564.858
220245,Capitão Gervásio Oliveira,PI,Nordeste,1132.996
220250,Caracol,PI,Nordeste,1610.959
220253,Caraúbas do Piauí,PI,Nordeste,463.184
220255,Caridade do Piauí,PI,Nordeste,498.793
220260,Castelo do Piauí,PI,Nordeste,2378.846
220265,Caxingó,PI,Nordeste,491.093
220270,Cocal,PI,Nordeste,1294.131
220271,Cocal de Telha,PI,Nordeste,310.254
220272,Cocal dos Alves,PI,Nordeste,324.856
220273,Coivaras,PI,Nordeste,484.465
220275,Colônia do Gurguéia,PI,Nordeste,429.582
220277,Colônia do Piauí,PI,Nordeste,938.303
220280,Conceição do Canindé,PI,Nordeste,824.729
220285,Coronel José Dias,PI,Nordeste,1926.095
220290,Corrente,PI,Nordeste,3048.746
220300,Cristalândia do Piauí,PI,Nordeste,1202.898
220310,Cristino Castro,PI,Nordeste,1845.69
220320,Curimatá,PI,Nordeste,2344.949
220323,Currais,PI,Nordeste,3156.695
220325,Curralinhos,PI,Nordeste,344.123
220327,Curral Novo do Piauí,PI,Nordeste,755.252
220330,Demerval Lobão,PI,Nordeste,220.047
220335,Dirceu Arcoverde,PI,Nordeste,1005.572
220340,Dom Expedito Lopes,PI,Nordeste,218.808
220342,Domingos Mourão,PI,Nordeste,848.705
220345,Dom Inocêncio,PI,Nordeste,3871.83
220350,Elesbão Veloso,PI,Nordeste,1383.976
220360,Eliseu Martins,PI,Nordeste,1097.866
220370,Esperantina,PI,Nordeste,911.736
220375,Fartura do Piauí,PI,Nordeste,713.047
220380,Flores do Piauí,PI,Nordeste,946.72
220385,Floresta do Piauí,PI,Nordeste,221.519
220390,Floriano,PI,Nordeste,3407.978
220400,Francinópolis,PI,Nordeste,268.704
220410,Francisco Ayres,PI,Nordeste,682.514
220415,Francisco Macedo,PI,Nordeste,179.245
220420,Francisco Santos,PI,Nordeste,492.191
220430,Fronteiras,PI,Nordeste,777.179
220435,Geminiano,PI,Nordeste,440.606
220440,Gilbués,PI,Nordeste,3495.692
220450,Guadalupe,PI,Nordeste,1026.538
220455,Guaribas,PI,Nordeste,3118.231
220460,Hugo Napoleão,PI,Nordeste,224.573
220465,Ilha Grande,PI,Nordeste,129.696
220470,Inhuma,PI,Nordeste,978.222
220480,Ipiranga do Piauí,PI,Nordeste,529.417
220490,Isaías Coelho,PI,Nordeste,800.687
220500,Itainópolis,PI,Nordeste,827.62
220510,Itaueira,PI,Nordeste,2554.178
220515,Jacobina do Piauí,PI,Nordeste,1333.796
220520,Jaicós,PI,Nordeste,866.788
220525,Jardim do Mulato,PI,Nordeste,511.42
220527,Jatobá do Piauí,PI,Nordeste,651.747
220530,Jerumenha,PI,Nordeste,1865.94
220535,João Costa,PI,Nordeste,1800.237
220540,Joaquim Pires,PI,Nordeste,756.188
220545,Joca Marques,PI,Nordeste,169.005
220550,José de Freitas,PI,Nordeste,1538.175
220551,Juazeiro do Piauí,PI,Nordeste,935.404
220552,Júlio Borges,PI,Nordeste,1283.918
220553,Jurema,PI,Nordeste,1271.881
220554,Lagoinha do Piauí,PI,Nordeste,67.649
220555,Lagoa Alegre,PI,Nordeste,394.207
220556,Lagoa do Barro do Piauí,PI,Nordeste,1331.025
220557,Lagoa de São Francisco,PI,Nordeste,155.86
220558,Lagoa do Piauí,PI,Nordeste,435.871
220559,Lagoa do Sítio,PI,Nordeste,805.018
220560,Landri Sales,PI,Nordeste,1088.583
220570,Luís Correia,PI,Nordeste,1074.133
220580,Luzilândia,PI,Nordeste,699.182
220585,Madeiro,PI,Nordeste,178.843
220590,Manoel Emídio,PI,Nordeste,1620.412
220595,Marcolândia,PI,Nordeste,136.786
220600,Marcos Parente,PI,Nordeste,677.416
220605,Massapê do Piauí,PI,Nordeste,530.169
220610,Matias Olímpio,PI,Nordeste,226.785
220620,Miguel Alves,PI,Nordeste,1392.122
220630,Miguel Leão,PI,Nordeste,102.761
220635,Milton Brandão,PI,Nordeste,1310.728
220640,Monsenhor Gil,PI,Nordeste,552.427
220650,Monsenhor Hipólito,PI,Nordeste,401.568
220660,Monte Alegre do Piauí,PI,Nordeste,2417.394
220665,Morro Cabeça no Tempo,PI,Nordeste,2207.658
220667,Morro do Chapéu do Piauí,PI,Nordeste,314.436
220669,Murici dos Portelas,PI,Nordeste,475.72
220670,Nazaré do Piauí,PI,Nordeste,1316.762
220672,Nazária,PI,Nordeste,362.376
220675,Nossa Senhora de Nazaré,PI,Nordeste,356.872
220680,Nossa Senhora dos Remédios,PI,Nordeste,357.896
220690,Novo Oriente do Piauí,PI,Nordeste,525.906
220695,Novo Santo Antônio,PI,Nordeste,443.873
220700,Oeiras,PI,Nordeste,2696.724
220710,Olho D'Água do Piauí,PI,Nordeste,183.605
220720,Padre Marcos,PI,Nordeste,278.696
220730,Paes Landim,PI,Nordeste,401.379
220735,Pajeú do Piauí,PI,Nordeste,986.961
220740,Palmeira do Piauí,PI,Nordeste,2023.971
220750,Palmeirais,PI,Nordeste,1493.766
220755,Paquetá,PI,Nordeste,432.572
220760,Parnaguá,PI,Nordeste,3428.811
220770,Parnaíba,PI,Nordeste,436.907
220775,Passagem Franca do Piauí,PI,Nordeste,643.209
220777,Patos do Piauí,PI,Nordeste,801.403
220779,Pau D'Arco do Piauí,PI,Nordeste,430.024
220780,Paulistana,PI,Nordeste,1937.343
220785,Pavussu,PI,Nordeste,1090.697
220790,Pedro II,PI,Nordeste,1544.373
220793,Pedro Laurentino,PI,Nordeste,870.613
220795,Nova Santa Rita,PI,Nordeste,909.734
220800,Picos,PI,Nordeste,577.284
220810,Pimenteiras,PI,Nordeste,4555.95
220820,Pio IX,PI,Nordeste,1948.141
220830,Piracuruca,PI,Nordeste,2309.93
220840,Piripiri,PI,Nordeste,1406.925
220850,Porto,PI,Nordeste,253.114
220855,Porto Alegre do Piauí,PI,Nordeste,1168.044
220860,Prata do Piauí,PI,Nordeste,196.786
220865,Queimada Nova,PI,Nordeste,1283.369
220870,Redenção do Gurguéia,PI,Nordeste,2470.575
220880,Regeneração,PI,Nordeste,1247.509
220885,Riacho Frio,PI,Nordeste,2220.597
220887,Ribeira do Piauí,PI,Nordeste,1012.479
220890,Ribeiro Gonçalves,PI,Nordeste,3987.142
220900,Rio Grande do Piauí,PI,Nordeste,635.953
220910,Santa Cruz do Piauí,PI,Nordeste,562.402
220915,Santa Cruz dos Milagres,PI,Nordeste,978.546
220920,Santa Filomena,PI,Nordeste,5293.693
220930,Santa Luz,PI,Nordeste,1185.404
220935,Santana do Piauí,PI,Nordeste,112.189
220937,Santa Rosa do Piauí,PI,Nordeste,338.339
220940,Santo Antônio de Lisboa,PI,Nordeste,376.353
220945,Santo Antônio dos Milagres,PI,Nordeste,34.444
220950,Santo Inácio do Piauí,PI,Nordeste,845.492
220955,São Braz do Piauí,PI,Nordeste,656.042
220960,São Félix do Piauí,PI,Nordeste,627.034
220965,São Francisco de Assis do Piauí,PI,Nordeste,1072.311
220970,São Francisco do Piauí,PI,Nordeste,1341.44
220975,São Gonçalo do Gurguéia,PI,Nordeste,1385.259
220980,São Gonçalo do Piauí,PI,Nordeste,148.484
220985,São João da Canabrava,PI,Nordeste,476.094
220987,São João da Fronteira,PI,Nordeste,817.115
220990,São João da Serra,PI,Nordeste,994.224
220995,São João da Varjota,PI,Nordeste,394.457
220997,São João do Arraial,PI,Nordeste,215.149
221000,São João do Piauí,PI,Nordeste,1527.488
221005,São José do Divino,PI,Nordeste,391.157
221010,São José do Peixe,PI,Nordeste,1287.174
221020,São José do Piauí,PI,Nordeste,373.347
221030,São Julião,PI,Nordeste,291.089
221035,São Lourenço do Piauí,PI,Nordeste,673.821
221037,São Luis do Piauí,PI,Nordeste,238.099
221038,São Miguel da Baixa Grande,PI,Nordeste,444.528
221039,São Miguel do Fidalgo,PI,Nordeste,813.444
221040,São Miguel do Tapuio,PI,Nordeste,4988.973
221050,São Pedro do Piauí,PI,Nordeste,518.285
221060,São Raimundo Nonato,PI,Nordeste,2415.29
221062,Sebastião Barros,PI,Nordeste,893.489
221063,Sebastião Leal,PI,Nordeste,3148.866
221065,Sigefredo Pacheco,PI,Nordeste,1031.102
221070,Simões,PI,Nordeste,1076.055
221080,Simplício Mendes,PI,Nordeste,1360.04
221090,Socorro do Piauí,PI,Nordeste,761.854
221093,Sussuapara,PI,Nordeste,205.194
221095,Tamboril do Piauí,PI,Nordeste,1587.296
221097,Tanque do Piauí,PI,Nordeste,408.985
221100,Teresina,PI,Nordeste,1387.466
221110,União,PI,Nordeste,1170.754
221120,Uruçuí,PI,Nordeste,8413.009
221130,Valença do Piauí,PI,Nordeste,1333.722
221135,Várzea Branca,PI,Nordeste,450.429
221140,Várzea Grande,PI,Nordeste,236.453
221150,Vera Mendes,PI,Nordeste,341.975
221160,Vila Nova do Piauí,PI,Nordeste,221.627
221170,Wall Ferraz,PI,Nordeste,317.278
230010,Abaiara,CE,Nordeste,180.833
230015,Acarape,CE,Nordeste,129.767
230020,Acaraú,CE,Nordeste,842.469
230030,Acopiara,CE,Nordeste,2254.279
230040,Aiuaba,CE,Nordeste,2438.563
230050,Alcântaras,CE,Nordeste,135.76
230060,Altaneira,CE,Nordeste,72.675
230070,Alto Santo,CE,Nordeste,1147.209
230075,Amontada,CE,Nordeste,1175.044
230080,Antonina do Norte,CE,Nordeste,259.706
230090,Apuiarés,CE,Nordeste,543.98
230100,Aquiraz,CE,Nordeste,480.236
230110,Aracati,CE,Nordeste,1227.196
230120,Aracoiaba,CE,Nordeste,643.988
230125,Ararendá,CE,Nordeste,342.302
230130,Araripe,CE,Nordeste,1097.345
230140,Aratuba,CE,Nordeste,119.758
230150,Arneiroz,CE,Nordeste,1068.447
230160,Assaré,CE,Nordeste,1155.124
230170,Aurora,CE,Nordeste,885.87
230180,Baixio,CE,Nordeste,145.556
230185,Banabuiú,CE,Nordeste,1080.983
230190,Barbalha,CE,Nordeste,608.142
230195,Barreira,CE,Nordeste,260.237
230200,Barro,CE,Nordeste,711.346
230205,Barroquinha,CE,Nordeste,385.59
230210,Baturité,CE,Nordeste,314.075
230220,Beberibe,CE,Nordeste,1596.75
230230,Bela Cruz,CE,Nordeste,842.106
230240,Boa Viagem,CE,Nordeste,2835.037
230250,Brejo Santo,CE,Nordeste,654.658
230260,Camocim,CE,Nordeste,1120.449
230270,Campos Sales,CE,Nordeste,1082.581
230280,Canindé,CE,Nordeste,3032.39
230290,Capistrano,CE,Nordeste,226.549
230300,Caridade,CE,Nordeste,926.271
230310,Cariré,CE,Nordeste,755.597
230320,Caririaçu,CE,Nordeste,634.179
230330,Cariús,CE,Nordeste,1036.417
230340,Carnaubal,CE,Nordeste,363.212
230350,Cascavel,CE,Nordeste,838.115
230360,Catarina,CE,Nordeste,488.153
230365,Catunda,CE,Nordeste,784.022
230370,Caucaia,CE,Nordeste,1223.199
230380,Cedro,CE,Nordeste,729.97
230390,Chaval,CE,Nordeste,237.239
230393,Choró,CE,Nordeste,815.268
230395,Chorozinho,CE,Nordeste,296.431
230400,Coreaú,CE,Nordeste,750.333
230410,Crateús,CE,Nordeste,2981.462
230420,Crato,CE,Nordeste,1138.15
230423,Croatá,CE,Nordeste,696.351
230425,Cruz,CE,Nordeste,335.921
230426,Deputado Irapuan Pinheiro,CE,Nordeste,471.134
230427,Ereré,CE,Nordeste,349.034
230428,Eusébio,CE,Nordeste,78.818
230430,Farias Brito,CE,Nordeste,530.54
230435,Forquilha,CE,Nordeste,568.778
230440,Fortaleza,CE,Nordeste,312.353
230445,Fortim,CE,Nordeste,285.024
230450,Frecheirinha,CE,Nordeste,210.284
230460,General Sampaio,CE,Nordeste,230.371
230465,Graça,CE,Nordeste,258.943
230470,Granja,CE,Nordeste,2663.178
230480,Granjeiro,CE,Nordeste,111.528
230490,Groaíras,CE,Nordeste,155.68
230495,Guaiúba,CE,Nordeste,256.053
230500,Guaraciaba do Norte,CE,Nordeste,624.61
230510,Guaramiranga,CE,Nordeste,90.817
230520,Hidrolândia,CE,Nordeste,926.592
230523,Horizonte,CE,Nordeste,160.556
230526,Ibaretama,CE,Nordeste,879.253
230530,Ibiapina,CE,Nordeste,414.092
230533,Ibicuitinga,CE,Nordeste,423.856
230535,Icapuí,CE,Nordeste,421.441
230540,Icó,CE,Nordeste,1865.86
230550,Iguatu,CE,Nordeste,977.311
230560,Independência,CE,Nordeste,3237.132
230565,Ipaporanga,CE,Nordeste,704.773
230570,Ipaumirim,CE,Nordeste,276.508
230580,Ipu,CE,Nordeste,626.049
230590,Ipueiras,CE,Nordeste,1483.262
230600,Iracema,CE,Nordeste,839.174
230610,Irauçuba,CE,Nordeste,1466.413
230620,Itaiçaba,CE,Nordeste,213.604
230625,Itaitinga,CE,Nordeste,153.686
230630,Itapajé,CE,Nordeste,436.32
230640,Itapipoca,CE,Nordeste,1596.225
230650,Itapiúna,CE,Nordeste,593.232
230655,Itarema,CE,Nordeste,714.833
230660,Itatira,CE,Nordeste,829.211
230670,Jaguaretama,CE,Nordeste,1826.829
230680,Jaguaribara,CE,Nordeste,622.963
230690,Jaguaribe,CE,Nordeste,1877.062
230700,Jaguaruana,CE,Nordeste,854.36
230710,Jardim,CE,Nordeste,544.995
230720,Jati,CE,Nordeste,368.357
230725,Jijoca de Jericoacoara,CE,Nordeste,209.029
230730,Juazeiro do Norte,CE,Nordeste,258.788
230740,Jucás,CE,Nordeste,940.336
230750,Lavras da Mangabeira,CE,Nordeste,945.263
230760,Limoeiro do Norte,CE,Nordeste,794.688
230763,Madalena,CE,Nordeste,998.195
230765,Maracanaú,CE,Nordeste,105.084
230770,Maranguape,CE,Nordeste,583.506
230780,Marco,CE,Nordeste,573.611
230790,Martinópole,CE,Nordeste,303.445
230800,Massapê,CE,Nordeste,567.78
230810,Mauriti,CE,Nordeste,1079.01
230820,Meruoca,CE,Nordeste,151.651
230830,Milagres,CE,Nordeste,579.097
230835,Milhã,CE,Nordeste,502.136
230837,Miraíma,CE,Nordeste,708.678
230840,Missão Velha,CE,Nordeste,613.317
230850,Mombaça,CE,Nordeste,2105.518
230860,Monsenhor Tabosa,CE,Nordeste,892.538
230870,Morada Nova,CE,Nordeste,2822.836
230880,Moraújo,CE,Nordeste,414.445
230890,Morrinhos,CE,Nordeste,411.608
230900,Mucambo,CE,Nordeste,192.19
230910,Mulungu,CE,Nordeste,97.951
230920,Nova Olinda,CE,Nordeste,282.584
230930,Nova Russas,CE,Nordeste,736.911
230940,Novo Oriente,CE,Nordeste,954.384
230945,Ocara,CE,Nordeste,763.075
230950,Orós,CE,Nordeste,577.526
230960,Pacajus,CE,Nordeste,250.305
230970,Pacatuba,CE,Nordeste,133.223
230980,Pacoti,CE,Nordeste,112.433
230990,Pacujá,CE,Nordeste,88.355
231000,Palhano,CE,Nordeste,436.98
231010,Palmácia,CE,Nordeste,128.896
231020,Paracuru,CE,Nordeste,304.734
231025,Paraipaba,CE,Nordeste,289.231
231030,Parambu,CE,Nordeste,2313.868
231040,Paramoti,CE,Nordeste,539.238
231050,Pedra Branca,CE,Nordeste,1328.779
231060,Penaforte,CE,Nordeste,150.536
231070,Pentecoste,CE,Nordeste,1379.836
231080,Pereiro,CE,Nordeste,449.74
231085,Pindoretama,CE,Nordeste,74.033
231090,Piquet Carneiro,CE,Nordeste,589.601
231095,Pires Ferreira,CE,Nordeste,244.464
231100,Poranga,CE,Nordeste,1310.768
231110,Porteiras,CE,Nordeste,224.86
231120,Potengi,CE,Nordeste,343.264
231123,Potiretama,CE,Nordeste,409.137
231126,Quiterianópolis,CE,Nordeste,1022.896
231130,Quixadá,CE,Nordeste,2020.587
231135,Quixelô,CE,Nordeste,620.242
231140,Quixeramobim,CE,Nordeste,3302.144
231150,Quixeré,CE,Nordeste,609.438
231160,Redenção,CE,Nordeste,247.989
231170,Reriutaba,CE,Nordeste,372.949
231180,Russas,CE,Nordeste,1505.726
231190,Saboeiro,CE,Nordeste,1381.274
231195,Salitre,CE,Nordeste,806.254
231200,Santana do Acaraú,CE,Nordeste,972.551
231210,Santana do Cariri,CE,Nordeste,855.159
231220,Santa Quitéria,CE,Nordeste,4262.293
231230,São Benedito,CE,Nordeste,350.847
231240,São Gonçalo do Amarante,CE,Nordeste,842.679
231250,São João do Jaguaribe,CE,Nordeste,279.451
231260,São Luís do Curu,CE,Nordeste,122.865
231270,Senador Pompeu,CE,Nordeste,963.256
231280,Senador Sá,CE,Nordeste,424.642
231290,Sobral,CE,Nordeste,2068.474
231300,Solonópole,CE,Nordeste,1535.856
231310,Tabuleiro do Norte,CE,Nordeste,1047.637
231320,Tamboril,CE,Nordeste,2011.781
231325,Tarrafas,CE,Nordeste,412.719
231330,Tauá,CE,Nordeste,4010.609
231335,Tejuçuoca,CE,Nordeste,758.706
231340,Tianguá,CE,Nordeste,909.853
231350,Trairi,CE,Nordeste,928.726
231355,Tururu,CE,Nordeste,197.193
231360,Ubajara,CE,Nordeste,423.673
231370,Umari,CE,Nordeste,263.185
231375,Umirim,CE,Nordeste,315.647
231380,Uruburetama,CE,Nordeste,103.478
231390,Uruoca,CE,Nordeste,697.683
231395,Varjota,CE,Nordeste,179.239
231400,Várzea Alegre,CE,Nordeste,829.977
231410,Viçosa do Ceará,CE,Nordeste,1310.91
240010,Acari,RN,Nordeste,608.466
240020,Assú,RN,Nordeste,1303.442
240030,Afonso Bezerra,RN,Nordeste,576.179
240040,Água Nova,RN,Nordeste,50.684
240050,Alexandria,RN,Nordeste,381.205
240060,Almino Afonso,RN,Nordeste,128.038
240070,Alto do Rodrigues,RN,Nordeste,191.334
240080,Angicos,RN,Nordeste,741.582
240090,Antônio Martins,RN,Nordeste,244.897
240100,Apodi,RN,Nordeste,1569.146
240110,Areia Branca,RN,Nordeste,342.749
240120,Arez,RN,Nordeste,115.407
240130,Campo Grande,RN,Nordeste,890.89
240140,Baía Formosa,RN,Nordeste,247.484
240145,Baraúna,RN,Nordeste,825.681
240150,Barcelona,RN,Nordeste,152.626
240160,Bento Fernandes,RN,Nordeste,301.069
240165,Bodó,RN,Nordeste,253.519
240170,Bom Jesus,RN,Nordeste,122.035
240180,Brejinho,RN,Nordeste,61.559
240185,Caiçara do Norte,RN,Nordeste,225.633
240190,Caiçara do Rio do Vento,RN,Nordeste,261.194
240200,Caicó,RN,Nordeste,1228.583
240210,Campo Redondo,RN,Nordeste,213.727
240220,Canguaretama,RN,Nordeste,245.485
240230,Caraúbas,RN,Nordeste,1094.488
240240,Carnaúba dos Dantas,RN,Nordeste,246.308
240250,Carnaubais,RN,Nordeste,517.737
240260,Ceará-Mirim,RN,Nordeste,724.838
240270,Cerro Corá,RN,Nordeste,393.573
240280,Coronel Ezequiel,RN,Nordeste,185.748
240290,Coronel João Pessoa,RN,Nordeste,117.139
240300,Cruzeta,RN,Nordeste,295.83
240310,Currais Novos,RN,Nordeste,864.349
240320,Doutor Severiano,RN,Nordeste,113.737
240325,Parnamirim,RN,Nordeste,124.006
240330,Encanto,RN,Nordeste,125.749
240340,Equador,RN,Nordeste,264.985
240350,Espírito Santo,RN,Nordeste,135.837
240360,Extremoz,RN,Nordeste,140.639
240370,Felipe Guerra,RN,Nordeste,292.177
240375,Fernando Pedroza,RN,Nordeste,322.628
240380,Florânia,RN,Nordeste,507.892
240390,Francisco Dantas,RN,Nordeste,181.558
240400,Frutuoso Gomes,RN,Nordeste,63.279
240410,Galinhos,RN,Nordeste,340.769
240420,Goianinha,RN,Nordeste,192.279
240430,Governador Dix-Sept Rosado,RN,Nordeste,1109.36
240440,Grossos,RN,Nordeste,124.538
240450,Guamaré,RN,Nordeste,258.307
240460,Ielmo Marinho,RN,Nordeste,312.028
240470,Ipanguaçu,RN,Nordeste,374.245
240480,Ipueira,RN,Nordeste,127.348
240485,Itajá,RN,Nordeste,203.624
240490,Itaú,RN,Nordeste,133.031
240500,Jaçanã,RN,Nordeste,54.56
240510,Jandaíra,RN,Nordeste,442.754
240520,Janduís,RN,Nordeste,303.448
240530,Januário Cicco,RN,Nordeste,167.042
240540,Japi,RN,Nordeste,188.99
240550,Jardim de Angicos,RN,Nordeste,254.012
240560,Jardim de Piranhas,RN,Nordeste,330.53
240570,Jardim do Seridó,RN,Nordeste,367.645
240580,João Câmara,RN,Nordeste,714.971
240590,João Dias,RN,Nordeste,88.173
240600,José da Penha,RN,Nordeste,117.635
240610,Jucurutu,RN,Nordeste,933.73
240615,Jundiá,RN,Nordeste,44.641
240620,Lagoa d'Anta,RN,Nordeste,104.065
240630,Lagoa de Pedras,RN,Nordeste,117.971
240640,Lagoa de Velhos,RN,Nordeste,111.607
240650,Lagoa Nova,RN,Nordeste,176.302
240660,Lagoa Salgada,RN,Nordeste,79.128
240670,Lajes,RN,Nordeste,676.627
240680,Lajes Pintadas,RN,Nordeste,130.211
240690,Lucrécia,RN,Nordeste,30.931
240700,Luís Gomes,RN,Nordeste,166.638
240710,Macaíba,RN,Nordeste,510.092
240720,Macau,RN,Nordeste,775.302
240725,Major Sales,RN,Nordeste,31.971
240730,Marcelino Vieira,RN,Nordeste,345.711
240740,Martins,RN,Nordeste,169.464
240750,Maxaranguape,RN,Nordeste,132.129
240760,Messias Targino,RN,Nordeste,142.607
240770,Montanhas,RN,Nordeste,82.214
240780,Monte Alegre,RN,Nordeste,211.259
240790,Monte das Gameleiras,RN,Nordeste,71.946
240800,Mossoró,RN,Nordeste,2099.334
240810,Natal,RN,Nordeste,167.401
240820,Nísia Floresta,RN,Nordeste,307.719
240830,Nova Cruz,RN,Nordeste,277.319
240840,Olho d'Água do Borges,RN,Nordeste,136.393
240850,Ouro Branco,RN,Nordeste,253.21
240860,Paraná,RN,Nordeste,81.39
240870,Paraú,RN,Nordeste,383.214
240880,Parazinho,RN,Nordeste,231.007
240890,Parelhas,RN,Nordeste,513.507
240895,Rio do Fogo,RN,Nordeste,151.097
240910,Passa e Fica,RN,Nordeste,44.105
240920,Passagem,RN,Nordeste,41.215
240930,Patu,RN,Nordeste,319.136
240933,Santa Maria,RN,Nordeste,219.57
240940,Pau dos Ferros,RN,Nordeste,259.959
240950,Pedra Grande,RN,Nordeste,221.167
240960,Pedra Preta,RN,Nordeste,294.985
240970,Pedro Avelino,RN,Nordeste,952.754
240980,Pedro Velho,RN,Nordeste,192.708
240990,Pendências,RN,Nordeste,419.137
241000,Pilões,RN,Nordeste,82.69
241010,Poço Branco,RN,Nordeste,230.401
241020,Portalegre,RN,Nordeste,110.054
241025,Porto do Mangue,RN,Nordeste,361.237
241030,Serra Caiada,RN,Nordeste,230.036
241040,Pureza,RN,Nordeste,504.294
241050,Rafael Fernandes,RN,Nordeste,78.231
241060,Rafael Godeiro,RN,Nordeste,100.073
241070,Riacho da Cruz,RN,Nordeste,127.223
241080,Riacho de Santana,RN,Nordeste,128.106
241090,Riachuelo,RN,Nordeste,262.88
241100,Rodolfo Fernandes,RN,Nordeste,154.84
241105,Tibau,RN,Nordeste,169.366
241110,Ruy Barbosa,RN,Nordeste,125.816
241120,Santa Cruz,RN,Nordeste,624.356
241140,Santana do Matos,RN,Nordeste,1422.268
241142,Santana do Seridó,RN,Nordeste,188.403
241150,Santo Antônio,RN,Nordeste,301.082
241160,São Bento do Norte,RN,Nordeste,288.761
241170,São Bento do Trairí,RN,Nordeste,190.818
241180,São Fernando,RN,Nordeste,404.427
241190,São Francisco do Oeste,RN,Nordeste,75.588
241200,São Gonçalo do Amarante,RN,Nordeste,249.8
241210,São João do Sabugi,RN,Nordeste,277.011
241220,São José de Mipibu,RN,Nordeste,289.987
241230,São José do Campestre,RN,Nordeste,341.115
241240,São José do Seridó,RN,Nordeste,174.505
241250,São Miguel,RN,Nordeste,166.233
241255,São Miguel do Gostoso,RN,Nordeste,431.445
241260,São Paulo do Potengi,RN,Nordeste,240.425
241270,São Pedro,RN,Nordeste,195.237
241280,São Rafael,RN,Nordeste,469.101
241290,São Tomé,RN,Nordeste,862.585
241300,São Vicente,RN,Nordeste,197.817
241310,Senador Elói de Souza,RN,Nordeste,143.574
241320,Senador Georgino Avelino,RN,Nordeste,26.1
241330,Serra de São Bento,RN,Nordeste,96.585
241335,Serra do Mel,RN,Nordeste,620.241
241340,Serra Negra do Norte,RN,Nordeste,562.396
241350,Serrinha,RN,Nordeste,193.351
241355,Serrinha dos Pintos,RN,Nordeste,122.375
241360,Severiano Melo,RN,Nordeste,157.85
241370,Sítio Novo,RN,Nordeste,213.456
241380,Taboleiro Grande,RN,Nordeste,124.093
241390,Taipu,RN,Nordeste,352.818
241400,Tangará,RN,Nordeste,339.484
241410,Tenente Ananias,RN,Nordeste,223.671
241415,Tenente Laurentino Cruz,RN,Nordeste,68.556
241420,Tibau do Sul,RN,Nordeste,102.68
241430,Timbaúba dos Batistas,RN,Nordeste,135.456
241440,Touros,RN,Nordeste,753.961
241445,Triunfo Potiguar,RN,Nordeste,268.725
241450,Umarizal,RN,Nordeste,249.61
241460,Upanema,RN,Nordeste,873.14
241470,Várzea,RN,Nordeste,72.684
241475,Venha-Ver,RN,Nordeste,71.621
241480,Vera Cruz,RN,Nordeste,84.127
241490,Viçosa,RN,Nordeste,37.905
241500,Vila Flor,RN,Nordeste,47.656
250010,Água Branca,PB,Nordeste,241.662
250020,Aguiar,PB,Nordeste,351.607
250030,Alagoa Grande,PB,Nordeste,322.071
250040,Alagoa Nova,PB,Nordeste,128.23
250050,Alagoinha,PB,Nordeste,111.361
250053,Alcantil,PB,Nordeste,309.896
250057,Algodão de Jandaíra,PB,Nordeste,222.74
250060,Alhandra,PB,Nordeste,183.974
250070,São João do Rio do Peixe,PB,Nordeste,476.237
250073,Amparo,PB,Nordeste,122.094
250077,Aparecida,PB,Nordeste,291.478
250080,Araçagi,PB,Nordeste,232.177
250090,Arara,PB,Nordeste,91.306
250100,Araruna,PB,Nordeste,246.717
250110,Areia,PB,Nordeste,269.13
250115,Areia de Baraúnas,PB,Nordeste,114.078
250120,Areial,PB,Nordeste,35.81
250130,Aroeiras,PB,Nordeste,376.118
250135,Assunção,PB,Nordeste,132.139
250140,Baía da Traição,PB,Nordeste,102.756
250150,Bananeiras,PB,Nordeste,255.641
250153,Baraúna,PB,Nordeste,50.03
250157,Barra de Santana,PB,Nordeste,375.177
250160,Barra de Santa Rosa,PB,Nordeste,781.187
250170,Barra de São Miguel,PB,Nordeste,609.695
250180,Bayeux,PB,Nordeste,27.705
250190,Belém,PB,Nordeste,99.609
250200,Belém do Brejo do Cruz,PB,Nordeste,601.549
250205,Bernardino Batista,PB,Nordeste,57.453
250210,Boa Ventura,PB,Nordeste,168.664
250215,Boa Vista,PB,Nordeste,468.933
250220,Bom Jesus,PB,Nordeste,47.367
250230,Bom Sucesso,PB,Nordeste,186.059
250240,Bonito de Santa Fé,PB,Nordeste,226.798
250250,Boqueirão,PB,Nordeste,373.077
250260,Igaracy,PB,Nordeste,197.058
250270,Borborema,PB,Nordeste,26.107
250280,Brejo do Cruz,PB,Nordeste,401.315
250290,Brejo dos Santos,PB,Nordeste,93.857
250300,Caaporã,PB,Nordeste,151.018
250310,Cabaceiras,PB,Nordeste,469.171
250320,Cabedelo,PB,Nordeste,29.873
250330,Cachoeira dos Índios,PB,Nordeste,193.215
250340,Cacimba de Areia,PB,Nordeste,213.019
250350,Cacimba de Dentro,PB,Nordeste,165.072
250355,Cacimbas,PB,Nordeste,124.068
250360,Caiçara,PB,Nordeste,123.677
250370,Cajazeiras,PB,Nordeste,562.703
250375,Cajazeirinhas,PB,Nordeste,282.693
250380,Caldas Brandão,PB,Nordeste,55.963
250390,Camalaú,PB,Nordeste,541.841
250400,Campina Grande,PB,Nordeste,591.656
250403,Capim,PB,Nordeste,79.876
250407,Caraúbas,PB,Nordeste,486.623
250410,Carrapateira,PB,Nordeste,59.07
250415,Casserengue,PB,Nordeste,202.761
250420,Catingueira,PB,Nordeste,527.424
250430,Catolé do Rocha,PB,Nordeste,551.765
250435,Caturité,PB,Nordeste,117.825
250440,Conceição,PB,Nordeste,580.65
250450,Condado,PB,Nordeste,265.473
250460,Conde,PB,Nordeste,171.267
250470,Congo,PB,Nordeste,324.686
250480,Coremas,PB,Nordeste,372.012
250485,Coxixola,PB,Nordeste,173.942
250490,Cruz do Espírito Santo,PB,Nordeste,192.512
250500,Cubati,PB,Nordeste,163.57
250510,Cuité,PB,Nordeste,733.818
250520,Cuitegi,PB,Nordeste,42.091
250523,Cuité de Mamanguape,PB,Nordeste,107.68
250527,Curral de Cima,PB,Nordeste,86.428
250530,Curral Velho,PB,Nordeste,217.624
250535,Damião,PB,Nordeste,186.198
250540,Desterro,PB,Nordeste,182.018
250550,Vista Serrana,PB,Nordeste,60.39
250560,Diamante,PB,Nordeste,271.791
250570,Dona Inês,PB,Nordeste,173.648
250580,Duas Estradas,PB,Nordeste,27.012
250590,Emas,PB,Nordeste,248.226
250600,Esperança,PB,Nordeste,157.851
250610,Fagundes,PB,Nordeste,185.061
250620,Frei Martinho,PB,Nordeste,238.658
250625,Gado Bravo,PB,Nordeste,192.42
250630,Guarabira,PB,Nordeste,162.387
250640,Gurinhém,PB,Nordeste,340.408
250650,Gurjão,PB,Nordeste,344.502
250660,Ibiara,PB,Nordeste,240.357
250670,Imaculada,PB,Nordeste,317.804
250680,Ingá,PB,Nordeste,262.179
250690,Itabaiana,PB,Nordeste,210.572
250700,Itaporanga,PB,Nordeste,460.21
250710,Itapororoca,PB,Nordeste,145.807
250720,Itatuba,PB,Nordeste,251.75
250730,Jacaraú,PB,Nordeste,256.845
250740,Jericó,PB,Nordeste,177.356
250750,João Pessoa,PB,Nordeste,210.044
250760,Juarez Távora,PB,Nordeste,75.678
250770,Juazeirinho,PB,Nordeste,474.606
250780,Junco do Seridó,PB,Nordeste,180.425
250790,Juripiranga,PB,Nordeste,78.706
250800,Juru,PB,Nordeste,395.075
250810,Lagoa,PB,Nordeste,176.649
250820,Lagoa de Dentro,PB,Nordeste,83.508
250830,Lagoa Seca,PB,Nordeste,108.219
250840,Lastro,PB,Nordeste,107.416
250850,Livramento,PB,Nordeste,266.948
250855,Logradouro,PB,Nordeste,42.876
250860,Lucena,PB,Nordeste,93.8
250870,Mãe d'Água,PB,Nordeste,228.676
250880,Malta,PB,Nordeste,172.01
250890,Mamanguape,PB,Nordeste,337.434
250900,Manaíra,PB,Nordeste,352.025
250905,Marcação,PB,Nordeste,122.665
250910,Mari,PB,Nordeste,155.265
250915,Marizópolis,PB,Nordeste,69.952
250920,Massaranduba,PB,Nordeste,209.402
250930,Mataraca,PB,Nordeste,182.439
250933,Matinhas,PB,Nordeste,36.522
250937,Mato Grosso,PB,Nordeste,85.275
250939,Maturéia,PB,Nordeste,83.053
250940,Mogeiro,PB,Nordeste,214.093
250950,Montadas,PB,Nordeste,31.793
250960,Monte Horebe,PB,Nordeste,116.854
250970,Monteiro,PB,Nordeste,992.62
250980,Mulungu,PB,Nordeste,187.259
250990,Natuba,PB,Nordeste,202.173
251000,Nazarezinho,PB,Nordeste,193.203
251010,Nova Floresta,PB,Nordeste,47.572
251020,Nova Olinda,PB,Nordeste,81.516
251030,Nova Palmeira,PB,Nordeste,314.748
251040,Olho d'Água,PB,Nordeste,580.47
251050,Olivedos,PB,Nordeste,314.625
251060,Ouro Velho,PB,Nordeste,128.11
251065,Parari,PB,Nordeste,207.814
251070,Passagem,PB,Nordeste,123.422
251080,Patos,PB,Nordeste,472.892
251090,Paulista,PB,Nordeste,577.379
251100,Pedra Branca,PB,Nordeste,116.873
251110,Pedra Lavrada,PB,Nordeste,335.615
251120,Pedras de Fogo,PB,Nordeste,406.729
251130,Piancó,PB,Nordeste,576.986
251140,Picuí,PB,Nordeste,667.714
251150,Pilar,PB,Nordeste,103.306
251160,Pilões,PB,Nordeste,65.574
251170,Pilõezinhos,PB,Nordeste,40.908
251180,Pirpirituba,PB,Nordeste,80.672
251190,Pitimbu,PB,Nordeste,135.801
251200,Pocinhos,PB,Nordeste,623.967
251203,Poço Dantas,PB,Nordeste,97.758
251207,Poço de José de Moura,PB,Nordeste,94.646
251210,Pombal,PB,Nordeste,894.098
251220,Prata,PB,Nordeste,201.788
251230,Princesa Isabel,PB,Nordeste,368.569
251240,Puxinanã,PB,Nordeste,71.118
251250,Queimadas,PB,Nordeste,402.748
251260,Quixaba,PB,Nordeste,147.158
251270,Remígio,PB,Nordeste,183.459
251272,Pedro Régis,PB,Nordeste,74.216
251274,Riachão,PB,Nordeste,85.291
251275,Riachão do Bacamarte,PB,Nordeste,40.281
251276,Riachão do Poço,PB,Nordeste,40.46
251278,Riacho de Santo Antônio,PB,Nordeste,93.654
251280,Riacho dos Cavalos,PB,Nordeste,262.532
251290,Rio Tinto,PB,Nordeste,465.24
251300,Salgadinho,PB,Nordeste,179.005
251310,Salgado de São Félix,PB,Nordeste,204.079
251315,Santa Cecília,PB,Nordeste,217.577
251320,Santa Cruz,PB,Nordeste,217.677
251330,Santa Helena,PB,Nordeste,211.143
251335,Santa Inês,PB,Nordeste,327.635
251340,Santa Luzia,PB,Nordeste,440.766
251350,Santana de Mangueira,PB,Nordeste,405.164
251360,Santana dos Garrotes,PB,Nordeste,361.484
251365,Joca Claudino,PB,Nordeste,71.799
251370,Santa Rita,PB,Nordeste,718.576
251380,Santa Teresinha,PB,Nordeste,359.442
251385,Santo André,PB,Nordeste,197.791
251390,São Bento,PB,Nordeste,245.84
251392,São Bentinho,PB,Nordeste,199.635
251394,São Domingos do Cariri,PB,Nordeste,233.835
251396,São Domingos,PB,Nordeste,170.361
251398,São Francisco,PB,Nordeste,90.724
251400,São João do Cariri,PB,Nordeste,612.963
251410,São João do Tigre,PB,Nordeste,812.617
251420,São José da Lagoa Tapada,PB,Nordeste,333.724
251430,São José de Caiana,PB,Nordeste,183.273
251440,São José de Espinharas,PB,Nordeste,726.757
251445,São José dos Ramos,PB,Nordeste,100.642
251450,São José de Piranhas,PB,Nordeste,686.918
251455,São José de Princesa,PB,Nordeste,158.052
251460,São José do Bonfim,PB,Nordeste,153.629
251465,São José do Brejo do Cruz,PB,Nordeste,253.787
251470,São José do Sabugi,PB,Nordeste,213.555
251480,São José dos Cordeiros,PB,Nordeste,376.661
251490,São Mamede,PB,Nordeste,533.446
251500,São Miguel de Taipu,PB,Nordeste,92.413
251510,São Sebastião de Lagoa de Roça,PB,Nordeste,46.372
251520,São Sebastião do Umbuzeiro,PB,Nordeste,464.327
251530,Sapé,PB,Nordeste,313.678
251540,São Vicente do Seridó,PB,Nordeste,262.751
251550,Serra Branca,PB,Nordeste,698.105
251560,Serra da Raiz,PB,Nordeste,31.679
251570,Serra Grande,PB,Nordeste,64.352
251580,Serra Redonda,PB,Nordeste,55.197
251590,Serraria,PB,Nordeste,65.062
251593,Sertãozinho,PB,Nordeste,32.455
251597,Sobrado,PB,Nordeste,61.953
251600,Solânea,PB,Nordeste,233.043
251610,Soledade,PB,Nordeste,578.178
251615,Sossêgo,PB,Nordeste,147.264
251620,Sousa,PB,Nordeste,728.492
251630,Sumé,PB,Nordeste,833.315
251640,Tacima,PB,Nordeste,245.237
251650,Taperoá,PB,Nordeste,628.365
251660,Tavares,PB,Nordeste,239.507
251670,Teixeira,PB,Nordeste,155.452
251675,Tenório,PB,Nordeste,87.452
251680,Triunfo,PB,Nordeste,224.336
251690,Uiraúna,PB,Nordeste,293.182
251700,Umbuzeiro,PB,Nordeste,185.578
251710,Várzea,PB,Nordeste,191.282
251720,Vieirópolis,PB,Nordeste,147.098
251740,Zabelê,PB,Nordeste,106.811
260005,Abreu e Lima,PE,Nordeste,126.384
260010,Afogados da Ingazeira,PE,Nordeste,378.031
260020,Afrânio,PE,Nordeste,1491.572
260030,Agrestina,PE,Nordeste,200.369
260040,Água Preta,PE,Nordeste,531.936
260050,Águas Belas,PE,Nordeste,885.987
260060,Alagoinha,PE,Nordeste,208.545
260070,Aliança,PE,Nordeste,272.773
260080,Altinho,PE,Nordeste,450.178
260090,Amaraji,PE,Nordeste,233.239
260100,Angelim,PE,Nordeste,118.72
260105,Araçoiaba,PE,Nordeste,96.36
260110,Araripina,PE,Nordeste,2037.394
260120,Arcoverde,PE,Nordeste,343.923
260130,Barra de Guabiraba,PE,Nordeste,118.639
260140,Barreiros,PE,Nordeste,233.432
260150,Belém de Maria,PE,Nordeste,75.912
260160,Belém do São Francisco,PE,Nordeste,1830.828
260170,Belo Jardim,PE,Nordeste,647.445
260180,Betânia,PE,Nordeste,1256.138
260190,Bezerros,PE,Nordeste,497.156
260200,Bodocó,PE,Nordeste,1621.785
260210,Bom Conselho,PE,Nordeste,790.774
260220,Bom Jardim,PE,Nordeste,226.639
260230,Bonito,PE,Nordeste,392.627
260240,Brejão,PE,Nordeste,159.786
260250,Brejinho,PE,Nordeste,106.066
260260,Brejo da Madre de Deus,PE,Nordeste,761.824
260270,Buenos Aires,PE,Nordeste,93.187
260280,Buíque,PE,Nordeste,1295.821
260290,Cabo de Santo Agostinho,PE,Nordeste,445.386
260300,Cabrobó,PE,Nordeste,1658.617
260310,Cachoeirinha,PE,Nordeste,179.262
260320,Caetés,PE,Nordeste,294.946
260330,Calçado,PE,Nordeste,121.434
260340,Calumbi,PE,Nordeste,179.314
260345,Camaragibe,PE,Nordeste,51.321
260350,Camocim de São Félix,PE,Nordeste,72.01
260360,Camutanga,PE,Nordeste,39.116
260370,Canhotinho,PE,Nordeste,422.831
260380,Capoeiras,PE,Nordeste,337.108
260390,Carnaíba,PE,Nordeste,432.134
260392,Carnaubeira da Penha,PE,Nordeste,1004.248
260400,Carpina,PE,Nordeste,146.494
260410,Caruaru,PE,Nordeste,919.069
260415,Casinhas,PE,Nordeste,116.833
260420,Catende,PE,Nordeste,208.594
260430,Cedro,PE,Nordeste,148.746
260440,Chã de Alegria,PE,Nordeste,49.328
260450,Chã Grande,PE,Nordeste,84.787
260460,Condado,PE,Nordeste,89.645
260470,Correntes,PE,Nordeste,317.793
260480,Cortês,PE,Nordeste,103.416
260490,Cumaru,PE,Nordeste,291.429
260500,Cupira,PE,Nordeste,95.149
260510,Custódia,PE,Nordeste,1382.059
260515,Dormentes,PE,Nordeste,1543.723
260520,Escada,PE,Nordeste,342.156
260530,Exu,PE,Nordeste,1336.786
260540,Feira Nova,PE,Nordeste,107.726
260545,Fernando de Noronha,PE,Nordeste,18.609
260550,Ferreiros,PE,Nordeste,92.516
260560,Flores,PE,Nordeste,995.561
260570,Floresta,PE,Nordeste,3637.243
260580,Frei Miguelinho,PE,Nordeste,213.735
260590,Gameleira,PE,Nordeste,257.781
260600,Garanhuns,PE,Nordeste,458.964
260610,Glória do Goitá,PE,Nordeste,234.486
260620,Goiana,PE,Nordeste,445.406
260630,Granito,PE,Nordeste,521.69
260640,Gravatá,PE,Nordeste,507.36
260650,Iati,PE,Nordeste,635.137
260660,Ibimirim,PE,Nordeste,1929.342
260670,Ibirajuba,PE,Nordeste,189.596
260680,Igarassu,PE,Nordeste,306.879
260690,Iguaracy,PE,Nordeste,836.046
260700,Inajá,PE,Nordeste,1240.961
260710,Ingazeira,PE,Nordeste,243.858
260720,Ipojuca,PE,Nordeste,521.801
260730,Ipubi,PE,Nordeste,693.915
260740,Itacuruba,PE,Nordeste,436.528
260750,Itaíba,PE,Nordeste,1034.044
260760,Ilha de Itamaracá,PE,Nordeste,66.146
260765,Itambé,PE,Nordeste,304.005
260770,Itapetim,PE,Nordeste,411.875
260775,Itapissuma,PE,Nordeste,73.968
260780,Itaquitinga,PE,Nordeste,162.739
260790,Jaboatão dos Guararapes,PE,Nordeste,258.724
260795,Jaqueira,PE,Nordeste,87.208
260800,Jataúba,PE,Nordeste,714.601
260805,Jatobá,PE,Nordeste,277.862
260810,João Alfredo,PE,Nordeste,134.147
260820,Joaquim Nabuco,PE,Nordeste,122.605
260825,Jucati,PE,Nordeste,120.167
260830,Jupi,PE,Nordeste,104.835
260840,Jurema,PE,Nordeste,148.254
260845,Lagoa do Carro,PE,Nordeste,69.244
260850,Lagoa de Itaenga,PE,Nordeste,57.298
260860,Lagoa do Ouro,PE,Nordeste,199.996
260870,Lagoa dos Gatos,PE,Nordeste,224.948
260875,Lagoa Grande,PE,Nordeste,1844.506
260880,Lajedo,PE,Nordeste,189.096
260890,Limoeiro,PE,Nordeste,273.733
260900,Macaparana,PE,Nordeste,108.049
260910,Machados,PE,Nordeste,58.32
260915,Manari,PE,Nordeste,386.57
260920,Maraial,PE,Nordeste,199.865
260930,Mirandiba,PE,Nordeste,821.676
260940,Moreno,PE,Nordeste,194.197
260950,Nazaré da Mata,PE,Nordeste,130.572
260960,Olinda,PE,Nordeste,41.3
260970,Orobó,PE,Nordeste,138.362
260980,Orocó,PE,Nordeste,554.759
260990,Ouricuri,PE,Nordeste,2381.568
261000,Palmares,PE,Nordeste,339.388
261010,Palmeirina,PE,Nordeste,169.012
261020,Panelas,PE,Nordeste,380.428
261030,Paranatama,PE,Nordeste,185.371
261040,Parnamirim,PE,Nordeste,2609.55
261050,Passira,PE,Nordeste,327.21
261060,Paudalho,PE,Nordeste,269.65
261070,Paulista,PE,Nordeste,96.932
261080,Pedra,PE,Nordeste,922.482
261090,Pesqueira,PE,Nordeste,970.438
261100,Petrolândia,PE,Nordeste,1056.589
261110,Petrolina,PE,Nordeste,4558.905
261120,Poção,PE,Nordeste,205.118
261130,Pombos,PE,Nordeste,203.105
261140,Primavera,PE,Nordeste,113.563
261150,Quipapá,PE,Nordeste,230.617
261153,Quixaba,PE,Nordeste,210.705
261160,Recife,PE,Nordeste,218.843
261170,Riacho das Almas,PE,Nordeste,313.613
261180,Ribeirão,PE,Nordeste,289.566
261190,Rio Formoso,PE,Nordeste,227.458
261200,Sairé,PE,Nordeste,190.454
261210,Salgadinho,PE,Nordeste,87.218
261220,Salgueiro,PE,Nordeste,1678.562
261230,Saloá,PE,Nordeste,251.55
261240,Sanharó,PE,Nordeste,268.065
261245,Santa Cruz,PE,Nordeste,1246.181
261247,Santa Cruz da Baixa Verde,PE,Nordeste,114.931
261250,Santa Cruz do Capibaribe,PE,Nordeste,335.309
261255,Santa Filomena,PE,Nordeste,1004.561
261260,Santa Maria da Boa Vista,PE,Nordeste,3000.773
261270,Santa Maria do Cambucá,PE,Nordeste,92.148
261280,Santa Terezinha,PE,Nordeste,200.327
261290,São Benedito do Sul,PE,Nordeste,160.477
261300,São Bento do Una,PE,Nordeste,719.193
261310,São Caitano,PE,Nordeste,382.483
261320,São João,PE,Nordeste,258.443
261330,São Joaquim do Monte,PE,Nordeste,224.624
261340,São José da Coroa Grande,PE,Nordeste,69.184
261350,São José do Belmonte,PE,Nordeste,1474.086
261360,São José do Egito,PE,Nordeste,774.037
261370,São Lourenço da Mata,PE,Nordeste,263.687
261380,São Vicente Férrer,PE,Nordeste,112.472
261390,Serra Talhada,PE,Nordeste,2980.007
261400,Serrita,PE,Nordeste,1535.19
261410,Sertânia,PE,Nordeste,2409.511
261420,Sirinhaém,PE,Nordeste,374.321
261430,Moreilândia,PE,Nordeste,404.288
261440,Solidão,PE,Nordeste,138.6
261450,Surubim,PE,Nordeste,253.296
261460,Tabira,PE,Nordeste,388.458
261470,Tacaimbó,PE,Nordeste,227.6
261480,Tacaratu,PE,Nordeste,1264.532
261485,Tamandaré,PE,Nordeste,213.75
261500,Taquaritinga do Norte,PE,Nordeste,475.183
261510,Terezinha,PE,Nordeste,151.625
261520,Terra Nova,PE,Nordeste,318.709
261530,Timbaúba,PE,Nordeste,287.683
261540,Toritama,PE,Nordeste,25.704
261550,Tracunhaém,PE,Nordeste,137.321
261560,Trindade,PE,Nordeste,295.765
261570,Triunfo,PE,Nordeste,191.518
261580,Tupanatinga,PE,Nordeste,888.467
261590,Tuparetama,PE,Nordeste,188.428
261600,Venturosa,PE,Nordeste,331.552
261610,Verdejante,PE,Nordeste,476.04
261618,Vertente do Lério,PE,Nordeste,73.631
261620,Vertentes,PE,Nordeste,196.324
261630,Vicência,PE,Nordeste,227.906
261640,Vitória de Santo Antão,PE,Nordeste,373.3
261650,Xexéu,PE,Nordeste,110.814
270010,Água Branca,AL,Nordeste,473.845
270020,Anadia,AL,Nordeste,186.074
270030,Arapiraca,AL,Nordeste,346.188
270040,Atalaia,AL,Nordeste,533.259
270050,Barra de Santo Antônio,AL,Nordeste,131.364
270060,Barra de São Miguel,AL,Nordeste,74.332
270070,Batalha,AL,Nordeste,331.752
270080,Belém,AL,Nordeste,66.629
270090,Belo Monte,AL,Nordeste,322.887
270100,Boca da Mata,AL,Nordeste,192.952
270110,Branquinha,AL,Nordeste,168.343
270120,Cacimbinhas,AL,Nordeste,282.011
270130,Cajueiro,AL,Nordeste,107.168
270135,Campestre,AL,Nordeste,65.019
270140,Campo Alegre,AL,Nordeste,312.726
270150,Campo Grande,AL,Nordeste,170.145
270160,Canapi,AL,Nordeste,600.879
270170,Capela,AL,Nordeste,253.168
270180,Carneiros,AL,Nordeste,111.695
270190,Chã Preta,AL,Nordeste,157.831
270200,Coité do Nóia,AL,Nordeste,88.334
270210,Colônia Leopoldina,AL,Nordeste,201.461
270220,Coqueiro Seco,AL,Nordeste,39.608
270230,Coruripe,AL,Nordeste,897.431
270235,Craíbas,AL,Nordeste,277.617
270240,Delmiro Gouveia,AL,Nordeste,628.547
270250,Dois Riachos,AL,Nordeste,142.364
270255,Estrela de Alagoas,AL,Nordeste,260.615
270260,Feira Grande,AL,Nordeste,175.906
270270,Feliz Deserto,AL,Nordeste,110.062
270280,Flexeiras,AL,Nordeste,333.756
270290,Girau do Ponciano,AL,Nordeste,517.85
270300,Ibateguara,AL,Nordeste,265.313
270310,Igaci,AL,Nordeste,334.342
270320,Igreja Nova,AL,Nordeste,428.023
270330,Inhapi,AL,Nordeste,372.019
270340,Jacaré dos Homens,AL,Nordeste,149.332
270350,Jacuípe,AL,Nordeste,209.65
270360,Japaratinga,AL,Nordeste,85.699
270370,Jaramataia,AL,Nordeste,105.416
270375,Jequiá da Praia,AL,Nordeste,334.619
270380,Joaquim Gomes,AL,Nordeste,300.865
270390,Jundiá,AL,Nordeste,88.772
270400,Junqueiro,AL,Nordeste,246.961
270410,Lagoa da Canoa,AL,Nordeste,83.621
270420,Limoeiro de Anadia,AL,Nordeste,309.171
270430,Maceió,AL,Nordeste,509.295
270440,Major Isidoro,AL,Nordeste,437.602
270450,Maragogi,AL,Nordeste,333.952
270460,Maravilha,AL,Nordeste,334.052
270470,Marechal Deodoro,AL,Nordeste,340.987
270480,Maribondo,AL,Nordeste,180.107
270490,Mar Vermelho,AL,Nordeste,91.741
270500,Mata Grande,AL,Nordeste,909.535
270510,Matriz de Camaragibe,AL,Nordeste,238.112
270520,Messias,AL,Nordeste,114.156
270530,Minador do Negrão,AL,Nordeste,167.461
270540,Monteirópolis,AL,Nordeste,86.605
270550,Murici,AL,Nordeste,418.028
270560,Novo Lino,AL,Nordeste,219.327
270570,Olho d'Água das Flores,AL,Nordeste,188.398
270580,Olho d'Água do Casado,AL,Nordeste,327.679
270590,Olho d'Água Grande,AL,Nordeste,115.509
270600,Olivença,AL,Nordeste,174.188
270610,Ouro Branco,AL,Nordeste,196.349
270620,Palestina,AL,Nordeste,38.189
270630,Palmeira dos Índios,AL,Nordeste,450.99
270640,Pão de Açúcar,AL,Nordeste,688.87
270642,Pariconha,AL,Nordeste,254.718
270644,Paripueira,AL,Nordeste,92.813
270650,Passo de Camaragibe,AL,Nordeste,251.169
270660,Paulo Jacinto,AL,Nordeste,118.457
270670,Penedo,AL,Nordeste,688.713
270680,Piaçabuçu,AL,Nordeste,243.686
270690,Pilar,AL,Nordeste,259.646
270700,Pindoba,AL,Nordeste,117.576
270710,Piranhas,AL,Nordeste,403.994
270720,Poço das Trincheiras,AL,Nordeste,284.526
270730,Porto Calvo,AL,Nordeste,313.68
270740,Porto de Pedras,AL,Nordeste,256.526
270750,Porto Real do Colégio,AL,Nordeste,237.017
270760,Quebrangulo,AL,Nordeste,319.829
270770,Rio Largo,AL,Nordeste,293.832
270780,Roteiro,AL,Nordeste,128.869
270790,Santa Luzia do Norte,AL,Nordeste,28.857
270800,Santana do Ipanema,AL,Nordeste,436.087
270810,Santana do Mundaú,AL,Nordeste,232.17
270820,São Brás,AL,Nordeste,138.969
270830,São José da Laje,AL,Nordeste,256.603
270840,São José da Tapera,AL,Nordeste,490.88
270850,São Luís do Quitunde,AL,Nordeste,397.257
270860,São Miguel dos Campos,AL,Nordeste,335.679
270870,São Miguel dos Milagres,AL,Nordeste,76.852
270880,São Sebastião,AL,Nordeste,312.746
270890,Satuba,AL,Nordeste,41.268
270895,Senador Rui Palmeira,AL,Nordeste,338.569
270900,Tanque d'Arca,AL,Nordeste,124.616
270910,Taquarana,AL,Nordeste,153.833
270915,Teotônio Vilela,AL,Nordeste,299.237
270920,Traipu,AL,Nordeste,680.0
270930,União dos Palmares,AL,Nordeste,420.081
270940,Viçosa,AL,Nordeste,365.154
280010,Amparo do São Francisco,SE,Nordeste,35.683
280020,Aquidabã,SE,Nordeste,359.543
280030,Aracaju,SE,Nordeste,182.163
280040,Arauá,SE,Nordeste,198.967
280050,Areia Branca,SE,Nordeste,148.135
280060,Barra dos Coqueiros,SE,Nordeste,92.268
280067,Boquim,SE,Nordeste,205.443
280070,Brejo Grande,SE,Nordeste,141.464
280100,Campo do Brito,SE,Nordeste,201.518
280110,Canhoba,SE,Nordeste,171.581
280120,Canindé de São Francisco,SE,Nordeste,1080.009
280130,Capela,SE,Nordeste,442.21
280140,Carira,SE,Nordeste,638.875
280150,Carmópolis,SE,Nordeste,46.395
280160,Cedro de São João,SE,Nordeste,83.71
280170,Cristinápolis,SE,Nordeste,228.556
280190,Cumbe,SE,Nordeste,121.959
280200,Divina Pastora,SE,Nordeste,90.508
280210,Estância,SE,Nordeste,647.344
280220,Feira Nova,SE,Nordeste,194.187
280230,Frei Paulo,SE,Nordeste,399.178
280240,Gararu,SE,Nordeste,661.622
280250,General Maynard,SE,Nordeste,19.793
280260,Graccho Cardoso,SE,Nordeste,240.756
280270,Ilha das Flores,SE,Nordeste,52.693
280280,Indiaroba,SE,Nordeste,316.316
280290,Itabaiana,SE,Nordeste,337.348
280300,Itabaianinha,SE,Nordeste,501.794
280310,Itabi,SE,Nordeste,183.422
280320,Itaporanga d'Ajuda,SE,Nordeste,739.702
280330,Japaratuba,SE,Nordeste,365.677
280340,Japoatã,SE,Nordeste,402.353
280350,Lagarto,SE,Nordeste,968.921
280360,Laranjeiras,SE,Nordeste,162.274
280370,Macambira,SE,Nordeste,137.496
280380,Malhada dos Bois,SE,Nordeste,63.199
280390,Malhador,SE,Nordeste,101.888
280400,Maruim,SE,Nordeste,95.554
280410,Moita Bonita,SE,Nordeste,95.397
280420,Monte Alegre de Sergipe,SE,Nordeste,387.352
280430,Muribeca,SE,Nordeste,74.31
280440,Neópolis,SE,Nordeste,271.323
280445,Nossa Senhora Aparecida,SE,Nordeste,340.855
280450,Nossa Senhora da Glória,SE,Nordeste,754.959
280460,Nossa Senhora das Dores,SE,Nordeste,482.785
280470,Nossa Senhora de Lourdes,SE,Nordeste,83.767
280480,Nossa Senhora do Socorro,SE,Nordeste,155.018
280490,Pacatuba,SE,Nordeste,381.428
280500,Pedra Mole,SE,Nordeste,82.184
280510,Pedrinhas,SE,Nordeste,33.344
280520,Pinhão,SE,Nordeste,156.4
280530,Pirambu,SE,Nordeste,208.681
280540,Poço Redondo,SE,Nordeste,1074.584
280550,Poço Verde,SE,Nordeste,441.326
280560,Porto da Folha,SE,Nordeste,878.044
280570,Propriá,SE,Nordeste,96.32
280580,Riachão do Dantas,SE,Nordeste,530.606
280590,Riachuelo,SE,Nordeste,78.308
280600,Ribeirópolis,SE,Nordeste,259.057
280610,Rosário do Catete,SE,Nordeste,102.683
280620,Salgado,SE,Nordeste,247.579
280630,Santa Luzia do Itanhy,SE,Nordeste,325.259
280640,Santana do São Francisco,SE,Nordeste,44.017
280650,Santa Rosa de Lima,SE,Nordeste,67.672
280660,Santo Amaro das Brotas,SE,Nordeste,236.965
280670,São Cristóvão,SE,Nordeste,438.037
280680,São Domingos,SE,Nordeste,101.999
280690,São Francisco,SE,Nordeste,83.985
280700,São Miguel do Aleixo,SE,Nordeste,140.041
280710,Simão Dias,SE,Nordeste,560.199
280720,Siriri,SE,Nordeste,168.343
280730,Telha,SE,Nordeste,47.86
280740,Tobias Barreto,SE,Nordeste,1024.645
280750,Tomar do Geru,SE,Nordeste,304.837
280760,Umbaúba,SE,Nordeste,117.514
290010,Abaíra,BA,Nordeste,538.679
290020,Abaré,BA,Nordeste,1604.923
290030,Acajutiba,BA,Nordeste,181.475
290035,Adustina,BA,Nordeste,629.1
290040,Água Fria,BA,Nordeste,742.775
290050,Érico Cardoso,BA,Nordeste,735.249
290060,Aiquara,BA,Nordeste,167.877
290070,Alagoinhas,BA,Nordeste,707.836
290080,Alcobaça,BA,Nordeste,1477.929
290090,Almadina,BA,Nordeste,245.236
290100,Amargosa,BA,Nordeste,431.654
290110,Amélia Rodrigues,BA,Nordeste,166.872
290115,América Dourada,BA,Nordeste,822.373
290120,Anagé,BA,Nordeste,1899.685
290130,Andaraí,BA,Nordeste,1589.786
290135,Andorinha,BA,Nordeste,1362.386
290140,Angical,BA,Nordeste,1530.643
290150,Anguera,BA,Nordeste,187.84
290160,Antas,BA,Nordeste,326.36
290170,Antônio Cardoso,BA,Nordeste,293.53
290180,Antônio Gonçalves,BA,Nordeste,345.282
290190,Aporá,BA,Nordeste,479.262
290195,Apuarema,BA,Nordeste,150.83
290200,Aracatu,BA,Nordeste,1489.804
290205,Araçás,BA,Nordeste,474.577
290210,Araci,BA,Nordeste,1496.246
290220,Aramari,BA,Nordeste,368.947
290225,Arataca,BA,Nordeste,435.962
290230,Aratuípe,BA,Nordeste,174.012
290240,Aurelino Leal,BA,Nordeste,445.394
290250,Baianópolis,BA,Nordeste,3321.752
290260,Baixa Grande,BA,Nordeste,967.515
290265,Banzaê,BA,Nordeste,409.508
290270,Barra,BA,Nordeste,11428.112
290280,Barra da Estiva,BA,Nordeste,1657.414
290290,Barra do Choça,BA,Nordeste,765.931
290300,Barra do Mendes,BA,Nordeste,1436.299
290310,Barra do Rocha,BA,Nordeste,214.411
290320,Barreiras,BA,Nordeste,8059.305
290323,Barro Alto,BA,Nordeste,414.506
290327,Barrocas,BA,Nordeste,207.297
290330,Barro Preto,BA,Nordeste,201.585
290340,Belmonte,BA,Nordeste,1920.631
290350,Belo Campo,BA,Nordeste,772.757
290360,Biritinga,BA,Nordeste,553.762
290370,Boa Nova,BA,Nordeste,848.857
290380,Boa Vista do Tupim,BA,Nordeste,2972.112
290390,Bom Jesus da Lapa,BA,Nordeste,4114.493
290395,Bom Jesus da Serra,BA,Nordeste,467.907
290400,Boninal,BA,Nordeste,896.857
290405,Bonito,BA,Nordeste,791.276
290410,Boquira,BA,Nordeste,1426.233
290420,Botuporã,BA,Nordeste,627.613
290430,Brejões,BA,Nordeste,518.566
290440,Brejolândia,BA,Nordeste,2247.207
290450,Brotas de Macaúbas,BA,Nordeste,2520.811
290460,Brumado,BA,Nordeste,2207.613
290470,Buerarema,BA,Nordeste,219.487
290475,Buritirama,BA,Nordeste,4046.741
290480,Caatiba,BA,Nordeste,512.436
290485,Cabaceiras do Paraguaçu,BA,Nordeste,222.027
290490,Cachoeira,BA,Nordeste,394.893
290500,Caculé,BA,Nordeste,610.47
290510,Caém,BA,Nordeste,540.909
290515,Caetanos,BA,Nordeste,767.144
290520,Caetité,BA,Nordeste,2651.537
290530,Cafarnaum,BA,Nordeste,643.666
290540,Cairu,BA,Nordeste,448.846
290550,Caldeirão Grande,BA,Nordeste,458.311
290560,Camacan,BA,Nordeste,584.848
290570,Camaçari,BA,Nordeste,785.421
290580,Camamu,BA,Nordeste,839.702
290590,Campo Alegre de Lourdes,BA,Nordeste,2914.573
290600,Campo Formoso,BA,Nordeste,7161.83
290610,Canápolis,BA,Nordeste,460.388
290620,Canarana,BA,Nordeste,579.726
290630,Canavieiras,BA,Nordeste,1334.279
290640,Candeal,BA,Nordeste,447.577
290650,Candeias,BA,Nordeste,251.808
290660,Candiba,BA,Nordeste,433.642
290670,Cândido Sales,BA,Nordeste,1169.814
290680,Cansanção,BA,Nordeste,1351.891
290682,Canudos,BA,Nordeste,3564.627
290685,Capela do Alto Alegre,BA,Nordeste,629.585
290687,Capim Grosso,BA,Nordeste,464.776
290689,Caraíbas,BA,Nordeste,805.629
290690,Caravelas,BA,Nordeste,2375.525
290700,Cardeal da Silva,BA,Nordeste,293.456
290710,Carinhanha,BA,Nordeste,2525.512
290720,Casa Nova,BA,Nordeste,9648.942
290730,Castro Alves,BA,Nordeste,713.789
290740,Catolândia,BA,Nordeste,702.504
290750,Catu,BA,Nordeste,426.956
290755,Caturama,BA,Nordeste,716.254
290760,Central,BA,Nordeste,566.975
290770,Chorrochó,BA,Nordeste,3005.319
290780,Cícero Dantas,BA,Nordeste,817.023
290790,Cipó,BA,Nordeste,168.33
290800,Coaraci,BA,Nordeste,274.501
290810,Cocos,BA,Nordeste,10138.25
290820,Conceição da Feira,BA,Nordeste,164.799
290830,Conceição do Almeida,BA,Nordeste,284.837
290840,Conceição do Coité,BA,Nordeste,1015.249
290850,Conceição do Jacuípe,BA,Nordeste,114.869
290860,Conde,BA,Nordeste,931.106
290870,Condeúba,BA,Nordeste,1348.039
290880,Contendas do Sincorá,BA,Nordeste,977.455
290890,Coração de Maria,BA,Nordeste,378.421
290900,Cordeiros,BA,Nordeste,523.64
290910,Coribe,BA,Nordeste,2665.141
290920,Coronel João Sá,BA,Nordeste,797.434
290930,Correntina,BA,Nordeste,11504.316
290940,Cotegipe,BA,Nordeste,4282.775
290950,Cravolândia,BA,Nordeste,182.518
290960,Crisópolis,BA,Nordeste,636.609
290970,Cristópolis,BA,Nordeste,1052.839
290980,Cruz das Almas,BA,Nordeste,139.118
290990,Curaçá,BA,Nordeste,5950.614
291000,Dário Meira,BA,Nordeste,413.637
291005,Dias d'Ávila,BA,Nordeste,183.759
291010,Dom Basílio,BA,Nordeste,689.513
291020,Dom Macedo Costa,BA,Nordeste,94.778
291030,Elísio Medrado,BA,Nordeste,179.329
291040,Encruzilhada,BA,Nordeste,1890.133
291050,Entre Rios,BA,Nordeste,1187.767
291060,Esplanada,BA,Nordeste,1299.356
291070,Euclides da Cunha,BA,Nordeste,2025.368
291072,Eunápolis,BA,Nordeste,1425.979
291075,Fátima,BA,Nordeste,368.342
291077,Feira da Mata,BA,Nordeste,1176.504
291080,Feira de Santana,BA,Nordeste,1304.427
291085,Filadélfia,BA,Nordeste,579.687
291090,Firmino Alves,BA,Nordeste,172.353
291100,Floresta Azul,BA,Nordeste,321.013
291110,Formosa do Rio Preto,BA,Nordeste,15634.328
291120,Gandu,BA,Nordeste,229.66
291125,Gavião,BA,Nordeste,384.592
291130,Gentio do Ouro,BA,Nordeste,3817.946
291140,Glória,BA,Nordeste,1566.609
291150,Gongogi,BA,Nordeste,202.194
291160,Governador Mangabeira,BA,Nordeste,106.848
291165,Guajeru,BA,Nordeste,871.975
291170,Guanambi,BA,Nordeste,1272.367
291180,Guaratinga,BA,Nordeste,2189.404
291185,Heliópolis,BA,Nordeste,314.669
291190,Iaçu,BA,Nordeste,2342.497
291200,Ibiassucê,BA,Nordeste,483.27
291210,Ibicaraí,BA,Nordeste,230.953
291220,Ibicoara,BA,Nordeste,817.355
291230,Ibicuí,BA,Nordeste,1139.378
291240,Ibipeba,BA,Nordeste,1382.009
291250,Ibipitanga,BA,Nordeste,954.373
291260,Ibiquera,BA,Nordeste,698.245
291270,Ibirapitanga,BA,Nordeste,472.664
291280,Ibirapuã,BA,Nordeste,770.866
291290,Ibirataia,BA,Nordeste,318.129
291300,Ibitiara,BA,Nordeste,1834.003
291310,Ibititá,BA,Nordeste,573.033
291320,Ibotirama,BA,Nordeste,1740.113
291330,Ichu,BA,Nordeste,138.016
291340,Igaporã,BA,Nordeste,836.561
291345,Igrapiúna,BA,Nordeste,591.312
291350,Iguaí,BA,Nordeste,860.223
291360,Ilhéus,BA,Nordeste,1588.556
291370,Inhambupe,BA,Nordeste,1082.283
291380,Ipecaetá,BA,Nordeste,372.565
291390,Ipiaú,BA,Nordeste,280.454
291400,Ipirá,BA,Nordeste,3105.285
291410,Ipupiara,BA,Nordeste,1055.76
291420,Irajuba,BA,Nordeste,459.047
291430,Iramaia,BA,Nordeste,1708.114
291440,Iraquara,BA,Nordeste,991.821
291450,Irará,BA,Nordeste,267.88
291460,Irecê,BA,Nordeste,319.175
291465,Itabela,BA,Nordeste,924.914
291470,Itaberaba,BA,Nordeste,2386.387
291480,Itabuna,BA,Nordeste,401.028
291490,Itacaré,BA,Nordeste,726.265
291500,Itaeté,BA,Nordeste,1331.822
291510,Itagi,BA,Nordeste,310.621
291520,Itagibá,BA,Nordeste,810.994
291530,Itagimirim,BA,Nordeste,876.791
291535,Itaguaçu da Bahia,BA,Nordeste,4310.255
291540,Itaju do Colônia,BA,Nordeste,1226.908
291550,Itajuípe,BA,Nordeste,270.752
291560,Itamaraju,BA,Nordeste,2360.584
291570,Itamari,BA,Nordeste,143.479
291580,Itambé,BA,Nordeste,1534.58
291590,Itanagra,BA,Nordeste,533.632
291600,Itanhém,BA,Nordeste,1394.174
291610,Itaparica,BA,Nordeste,121.373
291620,Itapé,BA,Nordeste,452.716
291630,Itapebi,BA,Nordeste,1031.879
291640,Itapetinga,BA,Nordeste,1651.158
291650,Itapicuru,BA,Nordeste,1557.688
291660,Itapitanga,BA,Nordeste,420.664
291670,Itaquara,BA,Nordeste,344.093
291680,Itarantim,BA,Nordeste,1674.03
291685,Itatim,BA,Nordeste,547.509
291690,Itiruçu,BA,Nordeste,322.243
291700,Itiúba,BA,Nordeste,1650.592
291710,Itororó,BA,Nordeste,313.839
291720,Ituaçu,BA,Nordeste,1199.374
291730,Ituberá,BA,Nordeste,415.428
291733,Iuiu,BA,Nordeste,1535.229
291735,Jaborandi,BA,Nordeste,9955.111
291740,Jacaraci,BA,Nordeste,1332.42
291750,Jacobina,BA,Nordeste,2192.906
291760,Jaguaquara,BA,Nordeste,924.512
291770,Jaguarari,BA,Nordeste,2466.009
291780,Jaguaripe,BA,Nordeste,863.424
291790,Jandaíra,BA,Nordeste,640.772
291800,Jequié,BA,Nordeste,2969.039
291810,Jeremoabo,BA,Nordeste,4267.489
291820,Jiquiriçá,BA,Nordeste,238.66
291830,Jitaúna,BA,Nordeste,262.05
291835,João Dourado,BA,Nordeste,913.258
291840,Juazeiro,BA,Nordeste,6721.592
291845,Jucuruçu,BA,Nordeste,1457.656
291850,Jussara,BA,Nordeste,1355.173
291855,Jussari,BA,Nordeste,327.998
291860,Jussiape,BA,Nordeste,589.763
291870,Lafaiete Coutinho,BA,Nordeste,498.11
291875,Lagoa Real,BA,Nordeste,912.22
291880,Laje,BA,Nordeste,449.835
291890,Lajedão,BA,Nordeste,624.77
291900,Lajedinho,BA,Nordeste,846.728
291905,Lajedo do Tabocal,BA,Nordeste,382.937
291910,Lamarão,BA,Nordeste,189.26
291915,Lapão,BA,Nordeste,642.882
291920,Lauro de Freitas,BA,Nordeste,57.942
291930,Lençóis,BA,Nordeste,1282.981
291940,Licínio de Almeida,BA,Nordeste,856.626
291950,Livramento de Nossa Senhora,BA,Nordeste,1952.51
291955,Luís Eduardo Magalhães,BA,Nordeste,4033.04
291960,Macajuba,BA,Nordeste,701.17
291970,Macarani,BA,Nordeste,1210.106
291980,Macaúbas,BA,Nordeste,2459.102
291990,Macururé,BA,Nordeste,2545.857
291992,Madre de Deus,BA,Nordeste,33.032
291995,Maetinga,BA,Nordeste,614.834
292000,Maiquinique,BA,Nordeste,588.296
292010,Mairi,BA,Nordeste,906.679
292020,Malhada,BA,Nordeste,1971.632
292030,Malhada de Pedras,BA,Nordeste,550.82
292040,Manoel Vitorino,BA,Nordeste,2201.763
292045,Mansidão,BA,Nordeste,3129.588
292050,Maracás,BA,Nordeste,2413.27
292060,Maragogipe,BA,Nordeste,437.61
292070,Maraú,BA,Nordeste,848.885
292080,Marcionílio Souza,BA,Nordeste,1099.284
292090,Mascote,BA,Nordeste,742.689
292100,Mata de São João,BA,Nordeste,605.169
292105,Matina,BA,Nordeste,773.852
292110,Medeiros Neto,BA,Nordeste,1314.108
292120,Miguel Calmon,BA,Nordeste,1599.673
292130,Milagres,BA,Nordeste,420.357
292140,Mirangaba,BA,Nordeste,1751.777
292145,Mirante,BA,Nordeste,1172.861
292150,Monte Santo,BA,Nordeste,3034.196
292160,Morpará,BA,Nordeste,2093.86
292170,Morro do Chapéu,BA,Nordeste,5745.765
292180,Mortugaba,BA,Nordeste,528.214
292190,Mucugê,BA,Nordeste,2462.689
292200,Mucuri,BA,Nordeste,1787.422
292205,Mulungu do Morro,BA,Nordeste,646.621
292210,Mundo Novo,BA,Nordeste,1491.989
292220,Muniz Ferreira,BA,Nordeste,104.54
292225,Muquém do São Francisco,BA,Nordeste,3852.11
292230,Muritiba,BA,Nordeste,86.311
292240,Mutuípe,BA,Nordeste,275.854
292250,Nazaré,BA,Nordeste,278.63
292260,Nilo Peçanha,BA,Nordeste,388.936
292265,Nordestina,BA,Nordeste,465.407
292270,Nova Canaã,BA,Nordeste,804.617
292273,Nova Fátima,BA,Nordeste,346.785
292275,Nova Ibiá,BA,Nordeste,203.2
292280,Nova Itarana,BA,Nordeste,475.381
292285,Nova Redenção,BA,Nordeste,565.356
292290,Nova Soure,BA,Nordeste,966.993
292300,Nova Viçosa,BA,Nordeste,1316.398
292303,Novo Horizonte,BA,Nordeste,627.5
292305,Novo Triunfo,BA,Nordeste,299.125
292310,Olindina,BA,Nordeste,637.316
292320,Oliveira dos Brejinhos,BA,Nordeste,3313.435
292330,Ouriçangas,BA,Nordeste,156.982
292335,Ourolândia,BA,Nordeste,1544.985
292340,Palmas de Monte Alto,BA,Nordeste,2559.973
292350,Palmeiras,BA,Nordeste,737.797
292360,Paramirim,BA,Nordeste,1087.067
292370,Paratinga,BA,Nordeste,2624.998
292380,Paripiranga,BA,Nordeste,442.186
292390,Pau Brasil,BA,Nordeste,626.306
292400,Paulo Afonso,BA,Nordeste,1544.388
292405,Pé de Serra,BA,Nordeste,596.772
292410,Pedrão,BA,Nordeste,158.487
292420,Pedro Alexandre,BA,Nordeste,889.572
292430,Piatã,BA,Nordeste,1825.855
292440,Pilão Arcado,BA,Nordeste,11597.932
292450,Pindaí,BA,Nordeste,628.469
292460,Pindobaçu,BA,Nordeste,495.845
292465,Pintadas,BA,Nordeste,647.144
292467,Piraí do Norte,BA,Nordeste,193.427
292470,Piripá,BA,Nordeste,504.396
292480,Piritiba,BA,Nordeste,980.331
292490,Planaltino,BA,Nordeste,955.454
292500,Planalto,BA,Nordeste,769.001
292510,Poções,BA,Nordeste,937.856
292520,Pojuca,BA,Nordeste,314.931
292525,Ponto Novo,BA,Nordeste,530.143
292530,Porto Seguro,BA,Nordeste,2285.734
292540,Potiraguá,BA,Nordeste,1111.567
292550,Prado,BA,Nordeste,1692.1
292560,Presidente Dutra,BA,Nordeste,232.064
292570,Presidente Jânio Quadros,BA,Nordeste,1208.566
292575,Presidente Tancredo Neves,BA,Nordeste,441.82
292580,Queimadas,BA,Nordeste,2011.06
292590,Quijingue,BA,Nordeste,1380.798
292593,Quixabeira,BA,Nordeste,366.387
292595,Rafael Jambeiro,BA,Nordeste,1090.552
292600,Remanso,BA,Nordeste,4571.634
292610,Retirolândia,BA,Nordeste,242.331
292620,Riachão das Neves,BA,Nordeste,5969.305
292630,Riachão do Jacuípe,BA,Nordeste,1155.417
292640,Riacho de Santana,BA,Nordeste,3183.361
292650,Ribeira do Amparo,BA,Nordeste,666.036
292660,Ribeira do Pombal,BA,Nordeste,1228.125
292665,Ribeirão do Largo,BA,Nordeste,1363.7
292670,Rio de Contas,BA,Nordeste,1115.252
292680,Rio do Antônio,BA,Nordeste,779.046
292690,Rio do Pires,BA,Nordeste,656.223
292700,Rio Real,BA,Nordeste,739.776
292710,Rodelas,BA,Nordeste,2207.159
292720,Ruy Barbosa,BA,Nordeste,1991.772
292730,Salinas da Margarida,BA,Nordeste,150.569
292740,Salvador,BA,Nordeste,692.589
292750,Santa Bárbara,BA,Nordeste,347.021
292760,Santa Brígida,BA,Nordeste,934.46
292770,Santa Cruz Cabrália,BA,Nordeste,1462.958
292780,Santa Cruz da Vitória,BA,Nordeste,284.083
292790,Santa Inês,BA,Nordeste,374.526
292800,Santaluz,BA,Nordeste,1623.445
292805,Santa Luzia,BA,Nordeste,824.473
292810,Santa Maria da Vitória,BA,Nordeste,1984.91
292820,Santana,BA,Nordeste,1909.353
292830,Santanópolis,BA,Nordeste,222.686
292840,Santa Rita de Cássia,BA,Nordeste,6030.491
292850,Santa Terezinha,BA,Nordeste,719.258
292860,Santo Amaro,BA,Nordeste,494.502
292870,Santo Antônio de Jesus,BA,Nordeste,261.74
292880,Santo Estêvão,BA,Nordeste,360.334
292890,São Desidério,BA,Nordeste,15158.737
292895,São Domingos,BA,Nordeste,289.963
292900,São Félix,BA,Nordeste,103.226
292905,São Félix do Coribe,BA,Nordeste,1751.671
292910,São Felipe,BA,Nordeste,222.407
292920,São Francisco do Conde,BA,Nordeste,269.737
292925,São Gabriel,BA,Nordeste,1146.054
292930,São Gonçalo dos Campos,BA,Nordeste,294.768
292935,São José da Vitória,BA,Nordeste,127.925
292937,São José do Jacuípe,BA,Nordeste,362.365
292940,São Miguel das Matas,BA,Nordeste,230.906
292950,São Sebastião do Passé,BA,Nordeste,536.678
292960,Sapeaçu,BA,Nordeste,131.218
292970,Sátiro Dias,BA,Nordeste,949.223
292975,Saubara,BA,Nordeste,166.428
292980,Saúde,BA,Nordeste,509.098
292990,Seabra,BA,Nordeste,2402.17
293000,Sebastião Laranjeiras,BA,Nordeste,1982.037
293010,Senhor do Bonfim,BA,Nordeste,789.36
293015,Serra do Ramalho,BA,Nordeste,2341.701
293020,Sento Sé,BA,Nordeste,11980.158
293030,Serra Dourada,BA,Nordeste,1592.249
293040,Serra Preta,BA,Nordeste,595.294
293050,Serrinha,BA,Nordeste,583.311
293060,Serrolândia,BA,Nordeste,322.021
293070,Simões Filho,BA,Nordeste,201.529
293075,Sítio do Mato,BA,Nordeste,1627.804
293076,Sítio do Quinto,BA,Nordeste,656.837
293077,Sobradinho,BA,Nordeste,1359.08
293080,Souto Soares,BA,Nordeste,1026.638
293090,Tabocas do Brejo Velho,BA,Nordeste,1437.188
293100,Tanhaçu,BA,Nordeste,1277.514
293105,Tanque Novo,BA,Nordeste,729.516
293110,Tanquinho,BA,Nordeste,243.838
293120,Taperoá,BA,Nordeste,454.081
293130,Tapiramutá,BA,Nordeste,714.691
293135,Teixeira de Freitas,BA,Nordeste,1165.618
293140,Teodoro Sampaio,BA,Nordeste,244.613
293150,Teofilândia,BA,Nordeste,351.892
293160,Teolândia,BA,Nordeste,289.782
293170,Terra Nova,BA,Nordeste,193.241
293180,Tremedal,BA,Nordeste,2017.644
293190,Tucano,BA,Nordeste,2198.237
293200,Uauá,BA,Nordeste,3060.865
293210,Ubaíra,BA,Nordeste,663.892
293220,Ubaitaba,BA,Nordeste,181.102
293230,Ubatã,BA,Nordeste,177.643
293240,Uibaí,BA,Nordeste,545.297
293245,Umburanas,BA,Nordeste,1775.633
293250,Una,BA,Nordeste,1126.733
293260,Urandi,BA,Nordeste,902.402
293270,Uruçuca,BA,Nordeste,510.097
293280,Utinga,BA,Nordeste,633.761
293290,Valença,BA,Nordeste,1123.975
293300,Valente,BA,Nordeste,394.877
293305,Várzea da Roça,BA,Nordeste,468.407
293310,Várzea do Poço,BA,Nordeste,206.478
293315,Várzea Nova,BA,Nordeste,1225.088
293317,Varzedo,BA,Nordeste,221.399
293320,Vera Cruz,BA,Nordeste,297.537
293325,Vereda,BA,Nordeste,782.159
293330,Vitória da Conquista,BA,Nordeste,3254.186
293340,Wagner,BA,Nordeste,522.37
293345,Wanderley,BA,Nordeste,2920.579
293350,Wenceslau Guimarães,BA,Nordeste,655.056
293360,Xique-Xique,BA,Nordeste,5079.659
310010,Abadia dos Dourados,MG,Sudeste,880.461
310020,Abaeté,MG,Sudeste,1817.067
310030,Abre Campo,MG,Sudeste,470.551
310040,Acaiaca,MG,Sudeste,101.886
310050,Açucena,MG,Sudeste,815.422
310060,Água Boa,MG,Sudeste,1320.344
310070,Água Comprida,MG,Sudeste,492.167
310080,Aguanil,MG,Sudeste,232.091
310090,Águas Formosas,MG,Sudeste,820.079
310100,Águas Vermelhas,MG,Sudeste,1256.607
310110,Aimorés,MG,Sudeste,1348.913
310120,Aiuruoca,MG,Sudeste,649.68
310130,Alagoa,MG,Sudeste,161.356
310140,Albertina,MG,Sudeste,58.01
310150,Além Paraíba,MG,Sudeste,510.25
310160,Alfenas,MG,Sudeste,850.446
310163,Alfredo Vasconcelos,MG,Sudeste,130.815
310170,Almenara,MG,Sudeste,2294.426
310180,Alpercata,MG,Sudeste,166.972
310190,Alpinópolis,MG,Sudeste,460.685
310200,Alterosa,MG,Sudeste,362.01
310205,Alto Caparaó,MG,Sudeste,103.69
310210,Alto Rio Doce,MG,Sudeste,518.053
310220,Alvarenga,MG,Sudeste,295.691
310230,Alvinópolis,MG,Sudeste,599.443
310240,Alvorada de Minas,MG,Sudeste,374.008
310250,Amparo do Serra,MG,Sudeste,136.186
310260,Andradas,MG,Sudeste,469.396
310270,Cachoeira de Pajeú,MG,Sudeste,695.672
310280,Andrelândia,MG,Sudeste,1005.285
310285,Angelândia,MG,Sudeste,185.211
310290,Antônio Carlos,MG,Sudeste,529.915
310300,Antônio Dias,MG,Sudeste,787.061
310310,Antônio Prado de Minas,MG,Sudeste,83.802
310320,Araçaí,MG,Sudeste,187.53
310330,Aracitaba,MG,Sudeste,106.608
310340,Araçuaí,MG,Sudeste,2236.279
310350,Araguari,MG,Sudeste,2729.777
310360,Arantina,MG,Sudeste,89.42
310370,Araponga,MG,Sudeste,303.793
310375,Araporã,MG,Sudeste,294.354
310380,Arapuá,MG,Sudeste,173.894
310390,Araújos,MG,Sudeste,245.522
310400,Araxá,MG,Sudeste,1164.062
310410,Arceburgo,MG,Sudeste,162.875
310420,Arcos,MG,Sudeste,509.873
310430,Areado,MG,Sudeste,283.124
310440,Argirita,MG,Sudeste,159.378
310445,Aricanduva,MG,Sudeste,243.329
310450,Arinos,MG,Sudeste,5279.419
310460,Astolfo Dutra,MG,Sudeste,158.891
310470,Ataléia,MG,Sudeste,1836.933
310480,Augusto de Lima,MG,Sudeste,1254.832
310490,Baependi,MG,Sudeste,750.554
310500,Baldim,MG,Sudeste,556.266
310510,Bambuí,MG,Sudeste,1455.819
310520,Bandeira,MG,Sudeste,483.789
310530,Bandeira do Sul,MG,Sudeste,47.266
310540,Barão de Cocais,MG,Sudeste,340.14
310550,Barão do Monte Alto,MG,Sudeste,198.313
310560,Barbacena,MG,Sudeste,759.186
310570,Barra Longa,MG,Sudeste,383.628
310590,Barroso,MG,Sudeste,82.07
310600,Bela Vista de Minas,MG,Sudeste,109.25
310610,Belmiro Braga,MG,Sudeste,393.086
310620,Belo Horizonte,MG,Sudeste,331.337
310630,Belo Oriente,MG,Sudeste,334.909
310640,Belo Vale,MG,Sudeste,364.94
310650,Berilo,MG,Sudeste,587.106
310660,Bertópolis,MG,Sudeste,427.803
310665,Berizal,MG,Sudeste,488.756
310670,Betim,MG,Sudeste,344.076
310680,Bias Fortes,MG,Sudeste,283.535
310690,Bicas,MG,Sudeste,140.082
310700,Biquinhas,MG,Sudeste,458.948
310710,Boa Esperança,MG,Sudeste,860.669
310720,Bocaina de Minas,MG,Sudeste,503.77
310730,Bocaiúva,MG,Sudeste,3206.757
310740,Bom Despacho,MG,Sudeste,1213.546
310750,Bom Jardim de Minas,MG,Sudeste,412.021
310760,Bom Jesus da Penha,MG,Sudeste,208.349
310770,Bom Jesus do Amparo,MG,Sudeste,195.611
310780,Bom Jesus do Galho,MG,Sudeste,592.289
310790,Bom Repouso,MG,Sudeste,229.845
310800,Bom Sucesso,MG,Sudeste,705.046
310810,Bonfim,MG,Sudeste,300.471
310820,Bonfinópolis de Minas,MG,Sudeste,1850.487
310825,Bonito de Minas,MG,Sudeste,3936.455
310830,Borda da Mata,MG,Sudeste,301.108
310840,Botelhos,MG,Sudeste,334.089
310850,Botumirim,MG,Sudeste,1568.884
310855,Brasilândia de Minas,MG,Sudeste,2509.694
310860,Brasília de Minas,MG,Sudeste,1399.484
310870,Brás Pires,MG,Sudeste,223.351
310880,Braúnas,MG,Sudeste,378.318
310890,Brazópolis,MG,Sudeste,367.688
310900,Brumadinho,MG,Sudeste,640.63
310910,Bueno Brandão,MG,Sudeste,356.15
310920,Buenópolis,MG,Sudeste,1599.881
310925,Bugre,MG,Sudeste,161.491
310930,Buritis,MG,Sudeste,5225.186
310940,Buritizeiro,MG,Sudeste,7218.401
310945,Cabeceira Grande,MG,Sudeste,1033.055
310950,Cabo Verde,MG,Sudeste,368.206
310960,Cachoeira da Prata,MG,Sudeste,61.425
310970,Cachoeira de Minas,MG,Sudeste,304.243
310980,Cachoeira Dourada,MG,Sudeste,203.07
310990,Caetanópolis,MG,Sudeste,156.039
311000,Caeté,MG,Sudeste,542.531
311010,Caiana,MG,Sudeste,106.465
311020,Cajuri,MG,Sudeste,83.038
311030,Caldas,MG,Sudeste,711.414
311040,Camacho,MG,Sudeste,223.001
311050,Camanducaia,MG,Sudeste,528.688
311060,Cambuí,MG,Sudeste,244.567
311070,Cambuquira,MG,Sudeste,246.38
311080,Campanário,MG,Sudeste,442.398
311090,Campanha,MG,Sudeste,335.587
311100,Campestre,MG,Sudeste,577.843
311110,Campina Verde,MG,Sudeste,3650.749
311115,Campo Azul,MG,Sudeste,505.914
311120,Campo Belo,MG,Sudeste,528.225
311130,Campo do Meio,MG,Sudeste,275.426
311140,Campo Florido,MG,Sudeste,1264.245
311150,Campos Altos,MG,Sudeste,710.645
311160,Campos Gerais,MG,Sudeste,769.504
311170,Canaã,MG,Sudeste,174.9
311180,Canápolis,MG,Sudeste,843.599
311190,Cana Verde,MG,Sudeste,212.721
311200,Candeias,MG,Sudeste,720.512
311205,Cantagalo,MG,Sudeste,141.855
311210,Caparaó,MG,Sudeste,130.694
311220,Capela Nova,MG,Sudeste,111.073
311230,Capelinha,MG,Sudeste,965.292
311240,Capetinga,MG,Sudeste,297.937
311250,Capim Branco,MG,Sudeste,95.333
311260,Capinópolis,MG,Sudeste,620.716
311265,Capitão Andrade,MG,Sudeste,279.088
311270,Capitão Enéas,MG,Sudeste,971.576
311280,Capitólio,MG,Sudeste,521.802
311290,Caputira,MG,Sudeste,187.704
311300,Caraí,MG,Sudeste,1242.345
311310,Caranaíba,MG,Sudeste,159.95
311320,Carandaí,MG,Sudeste,487.28
311330,Carangola,MG,Sudeste,353.404
311340,Caratinga,MG,Sudeste,1258.748
311350,Carbonita,MG,Sudeste,1456.095
311360,Careaçu,MG,Sudeste,181.009
311370,Carlos Chagas,MG,Sudeste,3202.984
311380,Carmésia,MG,Sudeste,259.103
311390,Carmo da Cachoeira,MG,Sudeste,506.333
311400,Carmo da Mata,MG,Sudeste,357.178
311410,Carmo de Minas,MG,Sudeste,322.285
311420,Carmo do Cajuru,MG,Sudeste,455.807
311430,Carmo do Paranaíba,MG,Sudeste,1307.862
311440,Carmo do Rio Claro,MG,Sudeste,1065.685
311450,Carmópolis de Minas,MG,Sudeste,400.01
311455,Carneirinho,MG,Sudeste,2063.462
311460,Carrancas,MG,Sudeste,727.894
311470,Carvalhópolis,MG,Sudeste,81.101
311480,Carvalhos,MG,Sudeste,282.254
311490,Casa Grande,MG,Sudeste,157.727
311500,Cascalho Rico,MG,Sudeste,367.308
311510,Cássia,MG,Sudeste,665.802
311520,Conceição da Barra de Minas,MG,Sudeste,273.014
311530,Cataguases,MG,Sudeste,491.767
311535,Catas Altas,MG,Sudeste,240.042
311540,Catas Altas da Noruega,MG,Sudeste,141.622
311545,Catuji,MG,Sudeste,419.38
311547,Catuti,MG,Sudeste,287.812
311550,Caxambu,MG,Sudeste,100.483
311560,Cedro do Abaeté,MG,Sudeste,283.211
311570,Central de Minas,MG,Sudeste,204.328
311580,Centralina,MG,Sudeste,322.385
311590,Chácara,MG,Sudeste,152.807
311600,Chalé,MG,Sudeste,212.674
311610,Chapada do Norte,MG,Sudeste,830.833
311615,Chapada Gaúcha,MG,Sudeste,3255.189
311620,Chiador,MG,Sudeste,252.852
311630,Cipotânea,MG,Sudeste,153.479
311640,Claraval,MG,Sudeste,227.627
311650,Claro dos Poções,MG,Sudeste,720.424
311660,Cláudio,MG,Sudeste,630.706
311670,Coimbra,MG,Sudeste,106.875
311680,Coluna,MG,Sudeste,347.716
311690,Comendador Gomes,MG,Sudeste,1041.047
311700,Comercinho,MG,Sudeste,654.961
311710,Conceição da Aparecida,MG,Sudeste,352.521
311720,Conceição das Pedras,MG,Sudeste,102.206
311730,Conceição das Alagoas,MG,Sudeste,1340.25
311740,Conceição de Ipanema,MG,Sudeste,253.935
311750,Conceição do Mato Dentro,MG,Sudeste,1720.04
311760,Conceição do Pará,MG,Sudeste,250.306
311770,Conceição do Rio Verde,MG,Sudeste,369.681
311780,Conceição dos Ouros,MG,Sudeste,180.236
311783,Cônego Marinho,MG,Sudeste,1610.469
311787,Confins,MG,Sudeste,42.462
311790,Congonhal,MG,Sudeste,205.125
311800,Congonhas,MG,Sudeste,304.067
311810,Congonhas do Norte,MG,Sudeste,405.671
311820,Conquista,MG,Sudeste,618.363
311830,Conselheiro Lafaiete,MG,Sudeste,370.246
311840,Conselheiro Pena,MG,Sudeste,1466.367
311850,Consolação,MG,Sudeste,89.122
311860,Contagem,MG,Sudeste,194.732
311870,Coqueiral,MG,Sudeste,296.163
311880,Coração de Jesus,MG,Sudeste,2225.216
311890,Cordisburgo,MG,Sudeste,823.654
311900,Cordislândia,MG,Sudeste,179.543
311910,Corinto,MG,Sudeste,2525.397
311920,Coroaci,MG,Sudeste,576.274
311930,Coromandel,MG,Sudeste,3313.313
311940,Coronel Fabriciano,MG,Sudeste,221.881
311950,Coronel Murta,MG,Sudeste,815.413
311960,Coronel Pacheco,MG,Sudeste,131.511
311970,Coronel Xavier Chaves,MG,Sudeste,140.954
311980,Córrego Danta,MG,Sudeste,657.425
311990,Córrego do Bom Jesus,MG,Sudeste,123.651
311995,Córrego Fundo,MG,Sudeste,101.112
312000,Córrego Novo,MG,Sudeste,205.385
312010,Couto de Magalhães de Minas,MG,Sudeste,485.654
312015,Crisólita,MG,Sudeste,966.202
312020,Cristais,MG,Sudeste,628.434
312030,Cristália,MG,Sudeste,840.702
312040,Cristiano Otoni,MG,Sudeste,132.872
312050,Cristina,MG,Sudeste,311.33
312060,Crucilândia,MG,Sudeste,167.164
312070,Cruzeiro da Fortaleza,MG,Sudeste,187.446
312080,Cruzília,MG,Sudeste,522.419
312083,Cuparaque,MG,Sudeste,226.75
312087,Curral de Dentro,MG,Sudeste,570.95
312090,Curvelo,MG,Sudeste,3296.2
312100,Datas,MG,Sudeste,310.099
312110,Delfim Moreira,MG,Sudeste,408.473
312120,Delfinópolis,MG,Sudeste,1378.423
312125,Delta,MG,Sudeste,102.784
312130,Descoberto,MG,Sudeste,213.168
312140,Desterro de Entre Rios,MG,Sudeste,377.165
312150,Desterro do Melo,MG,Sudeste,142.279
312160,Diamantina,MG,Sudeste,3891.659
312170,Diogo de Vasconcelos,MG,Sudeste,165.091
312180,Dionísio,MG,Sudeste,339.375
312190,Divinésia,MG,Sudeste,116.97
312200,Divino,MG,Sudeste,337.776
312210,Divino das Laranjeiras,MG,Sudeste,342.249
312220,Divinolândia de Minas,MG,Sudeste,133.12
312230,Divinópolis,MG,Sudeste,708.115
312235,Divisa Alegre,MG,Sudeste,117.802
312240,Divisa Nova,MG,Sudeste,216.955
312245,Divisópolis,MG,Sudeste,572.926
312247,Dom Bosco,MG,Sudeste,817.383
312250,Dom Cavati,MG,Sudeste,59.52
312260,Dom Joaquim,MG,Sudeste,398.793
312270,Dom Silvério,MG,Sudeste,194.972
312280,Dom Viçoso,MG,Sudeste,113.921
312290,Dona Euzébia,MG,Sudeste,70.231
312300,Dores de Campos,MG,Sudeste,124.842
312310,Dores de Guanhães,MG,Sudeste,382.124
312320,Dores do Indaiá,MG,Sudeste,1111.202
312330,Dores do Turvo,MG,Sudeste,231.169
312340,Doresópolis,MG,Sudeste,152.912
312350,Douradoquara,MG,Sudeste,312.878
312352,Durandé,MG,Sudeste,217.461
312360,Elói Mendes,MG,Sudeste,499.537
312370,Engenheiro Caldas,MG,Sudeste,187.058
312380,Engenheiro Navarro,MG,Sudeste,608.306
312385,Entre Folhas,MG,Sudeste,85.39
312390,Entre Rios de Minas,MG,Sudeste,456.796
312400,Ervália,MG,Sudeste,357.489
312410,Esmeraldas,MG,Sudeste,909.727
312420,Espera Feliz,MG,Sudeste,317.638
312430,Espinosa,MG,Sudeste,1868.97
312440,Espírito Santo do Dourado,MG,Sudeste,263.879
312450,Estiva,MG,Sudeste,243.872
312460,Estrela Dalva,MG,Sudeste,131.365
312470,Estrela do Indaiá,MG,Sudeste,635.981
312480,Estrela do Sul,MG,Sudeste,822.454
312490,Eugenópolis,MG,Sudeste,309.395
312500,Ewbank da Câmara,MG,Sudeste,103.834
312510,Extrema,MG,Sudeste,244.575
312520,Fama,MG,Sudeste,86.024
312530,Faria Lemos,MG,Sudeste,165.224
312540,Felício dos Santos,MG,Sudeste,357.622
312550,São Gonçalo do Rio Preto,MG,Sudeste,314.458
312560,Felisburgo,MG,Sudeste,596.215
312570,Felixlândia,MG,Sudeste,1554.627
312580,Fernandes Tourinho,MG,Sudeste,151.875
312590,Ferros,MG,Sudeste,1088.791
312595,Fervedouro,MG,Sudeste,357.683
312600,Florestal,MG,Sudeste,194.965
312610,Formiga,MG,Sudeste,1501.915
312620,Formoso,MG,Sudeste,3686.004
312630,Fortaleza de Minas,MG,Sudeste,218.792
312640,Fortuna de Minas,MG,Sudeste,198.665
312650,Francisco Badaró,MG,Sudeste,461.481
312660,Francisco Dumont,MG,Sudeste,1576.128
312670,Francisco Sá,MG,Sudeste,2747.295
312675,Franciscópolis,MG,Sudeste,717.087
312680,Frei Gaspar,MG,Sudeste,626.672
312690,Frei Inocêncio,MG,Sudeste,469.557
312695,Frei Lagonegro,MG,Sudeste,167.474
312700,Fronteira,MG,Sudeste,199.987
312705,Fronteira dos Vales,MG,Sudeste,320.757
312707,Fruta de Leite,MG,Sudeste,762.837
312710,Frutal,MG,Sudeste,2426.965
312720,Funilândia,MG,Sudeste,199.797
312730,Galiléia,MG,Sudeste,720.303
312733,Gameleiras,MG,Sudeste,1733.203
312735,Glaucilândia,MG,Sudeste,145.861
312737,Goiabeira,MG,Sudeste,112.443
312738,Goianá,MG,Sudeste,152.039
312740,Gonçalves,MG,Sudeste,187.353
312750,Gonzaga,MG,Sudeste,209.348
312760,Gouveia,MG,Sudeste,866.601
312770,Governador Valadares,MG,Sudeste,2342.376
312780,Grão Mogol,MG,Sudeste,3885.294
312790,Grupiara,MG,Sudeste,193.141
312800,Guanhães,MG,Sudeste,1075.124
312810,Guapé,MG,Sudeste,934.345
312820,Guaraciaba,MG,Sudeste,348.596
312825,Guaraciama,MG,Sudeste,390.263
312830,Guaranésia,MG,Sudeste,294.828
312840,Guarani,MG,Sudeste,264.194
312850,Guarará,MG,Sudeste,88.655
312860,Guarda-Mor,MG,Sudeste,2068.808
312870,Guaxupé,MG,Sudeste,286.398
312880,Guidoval,MG,Sudeste,158.375
312890,Guimarânia,MG,Sudeste,366.833
312900,Guiricema,MG,Sudeste,293.578
312910,Gurinhatã,MG,Sudeste,1849.137
312920,Heliodora,MG,Sudeste,153.95
312930,Iapu,MG,Sudeste,340.994
312940,Ibertioga,MG,Sudeste,346.24
312950,Ibiá,MG,Sudeste,2704.132
312960,Ibiaí,MG,Sudeste,874.76
312965,Ibiracatu,MG,Sudeste,353.257
312970,Ibiraci,MG,Sudeste,562.095
312980,Ibirité,MG,Sudeste,72.389
312990,Ibitiúra de Minas,MG,Sudeste,68.316
313000,Ibituruna,MG,Sudeste,153.106
313005,Icaraí de Minas,MG,Sudeste,625.664
313010,Igarapé,MG,Sudeste,110.894
313020,Igaratinga,MG,Sudeste,218.343
313030,Iguatama,MG,Sudeste,628.2
313040,Ijaci,MG,Sudeste,105.246
313050,Ilicínea,MG,Sudeste,376.341
313055,Imbé de Minas,MG,Sudeste,196.735
313060,Inconfidentes,MG,Sudeste,149.611
313065,Indaiabira,MG,Sudeste,1004.149
313070,Indianópolis,MG,Sudeste,830.03
313080,Ingaí,MG,Sudeste,305.591
313090,Inhapim,MG,Sudeste,858.024
313100,Inhaúma,MG,Sudeste,244.996
313110,Inimutaba,MG,Sudeste,527.06
313115,Ipaba,MG,Sudeste,113.246
313120,Ipanema,MG,Sudeste,456.641
313130,Ipatinga,MG,Sudeste,164.482
313140,Ipiaçu,MG,Sudeste,466.02
313150,Ipuiúna,MG,Sudeste,298.195
313160,Iraí de Minas,MG,Sudeste,356.264
313170,Itabira,MG,Sudeste,1254.607
313180,Itabirinha,MG,Sudeste,209.034
313190,Itabirito,MG,Sudeste,544.535
313200,Itacambira,MG,Sudeste,1788.445
313210,Itacarambi,MG,Sudeste,1225.273
313220,Itaguara,MG,Sudeste,410.468
313230,Itaipé,MG,Sudeste,480.829
313240,Itajubá,MG,Sudeste,294.835
313250,Itamarandiba,MG,Sudeste,2735.665
313260,Itamarati de Minas,MG,Sudeste,94.568
313270,Itambacuri,MG,Sudeste,1419.209
313280,Itambé do Mato Dentro,MG,Sudeste,380.34
313290,Itamogi,MG,Sudeste,243.714
313300,Itamonte,MG,Sudeste,431.792
313310,Itanhandu,MG,Sudeste,143.363
313320,Itanhomi,MG,Sudeste,488.843
313330,Itaobim,MG,Sudeste,679.024
313340,Itapagipe,MG,Sudeste,1802.438
313350,Itapecerica,MG,Sudeste,1040.519
313360,Itapeva,MG,Sudeste,177.312
313370,Itatiaiuçu,MG,Sudeste,294.181
313375,Itaú de Minas,MG,Sudeste,153.421
313380,Itaúna,MG,Sudeste,494.559
313390,Itaverava,MG,Sudeste,284.22
313400,Itinga,MG,Sudeste,1649.622
313410,Itueta,MG,Sudeste,452.676
313420,Ituiutaba,MG,Sudeste,2598.046
313430,Itumirim,MG,Sudeste,234.802
313440,Iturama,MG,Sudeste,1404.663
313450,Itutinga,MG,Sudeste,372.018
313460,Jaboticatubas,MG,Sudeste,1114.972
313470,Jacinto,MG,Sudeste,1393.609
313480,Jacuí,MG,Sudeste,409.229
313490,Jacutinga,MG,Sudeste,347.667
313500,Jaguaraçu,MG,Sudeste,163.76
313505,Jaíba,MG,Sudeste,2635.467
313507,Jampruca,MG,Sudeste,517.095
313510,Janaúba,MG,Sudeste,2181.319
313520,Januária,MG,Sudeste,6661.588
313530,Japaraíba,MG,Sudeste,172.141
313535,Japonvar,MG,Sudeste,375.181
313540,Jeceaba,MG,Sudeste,236.25
313545,Jenipapo de Minas,MG,Sudeste,284.453
313550,Jequeri,MG,Sudeste,547.897
313560,Jequitaí,MG,Sudeste,1268.443
313570,Jequitibá,MG,Sudeste,445.03
313580,Jequitinhonha,MG,Sudeste,3514.216
313590,Jesuânia,MG,Sudeste,153.852
313600,Joaíma,MG,Sudeste,1664.19
313610,Joanésia,MG,Sudeste,233.292
313620,João Monlevade,MG,Sudeste,98.231
313630,João Pinheiro,MG,Sudeste,10727.097
313640,Joaquim Felício,MG,Sudeste,790.935
313650,Jordânia,MG,Sudeste,546.705
313652,José Gonçalves de Minas,MG,Sudeste,381.332
313655,José Raydan,MG,Sudeste,180.822
313657,Josenópolis,MG,Sudeste,541.393
313660,Nova União,MG,Sudeste,172.131
313665,Juatuba,MG,Sudeste,97.66
313670,Juiz de Fora,MG,Sudeste,1435.749
313680,Juramento,MG,Sudeste,431.63
313690,Juruaia,MG,Sudeste,220.353
313695,Juvenília,MG,Sudeste,1064.692
313700,Ladainha,MG,Sudeste,866.29
313710,Lagamar,MG,Sudeste,1474.562
313720,Lagoa da Prata,MG,Sudeste,439.984
313730,Lagoa dos Patos,MG,Sudeste,600.547
313740,Lagoa Dourada,MG,Sudeste,476.693
313750,Lagoa Formosa,MG,Sudeste,840.92
313753,Lagoa Grande,MG,Sudeste,1236.301
313760,Lagoa Santa,MG,Sudeste,229.741
313770,Lajinha,MG,Sudeste,431.92
313780,Lambari,MG,Sudeste,213.11
313790,Lamim,MG,Sudeste,118.602
313800,Laranjal,MG,Sudeste,204.882
313810,Lassance,MG,Sudeste,3204.217
313820,Lavras,MG,Sudeste,564.744
313830,Leandro Ferreira,MG,Sudeste,352.005
313835,Leme do Prado,MG,Sudeste,280.036
313840,Leopoldina,MG,Sudeste,943.077
313850,Liberdade,MG,Sudeste,401.337
313860,Lima Duarte,MG,Sudeste,848.564
313862,Limeira do Oeste,MG,Sudeste,1317.153
313865,Lontra,MG,Sudeste,258.925
313867,Luisburgo,MG,Sudeste,145.418
313868,Luislândia,MG,Sudeste,411.714
313870,Luminárias,MG,Sudeste,500.143
313880,Luz,MG,Sudeste,1171.659
313890,Machacalis,MG,Sudeste,332.378
313900,Machado,MG,Sudeste,585.958
313910,Madre de Deus de Minas,MG,Sudeste,492.909
313920,Malacacheta,MG,Sudeste,727.886
313925,Mamonas,MG,Sudeste,284.365
313930,Manga,MG,Sudeste,1950.184
313940,Manhuaçu,MG,Sudeste,628.318
313950,Manhumirim,MG,Sudeste,182.9
313960,Mantena,MG,Sudeste,685.208
313970,Maravilhas,MG,Sudeste,261.604
313980,Mar de Espanha,MG,Sudeste,371.6
313990,Maria da Fé,MG,Sudeste,202.898
314000,Mariana,MG,Sudeste,1194.208
314010,Marilac,MG,Sudeste,158.809
314015,Mário Campos,MG,Sudeste,35.196
314020,Maripá de Minas,MG,Sudeste,77.338
314030,Marliéria,MG,Sudeste,545.813
314040,Marmelópolis,MG,Sudeste,107.902
314050,Martinho Campos,MG,Sudeste,1058.418
314053,Martins Soares,MG,Sudeste,113.268
314055,Mata Verde,MG,Sudeste,227.539
314060,Materlândia,MG,Sudeste,280.53
314070,Mateus Leme,MG,Sudeste,302.312
314080,Matias Barbosa,MG,Sudeste,157.066
314085,Matias Cardoso,MG,Sudeste,1940.597
314090,Matipó,MG,Sudeste,266.99
314100,Mato Verde,MG,Sudeste,472.245
314110,Matozinhos,MG,Sudeste,252.453
314120,Matutina,MG,Sudeste,260.957
314130,Medeiros,MG,Sudeste,946.437
314140,Medina,MG,Sudeste,1435.903
314150,Mendes Pimentel,MG,Sudeste,305.507
314160,Mercês,MG,Sudeste,348.271
314170,Mesquita,MG,Sudeste,274.938
314180,Minas Novas,MG,Sudeste,1812.398
314190,Minduri,MG,Sudeste,219.774
314200,Mirabela,MG,Sudeste,723.278
314210,Miradouro,MG,Sudeste,301.672
314220,Miraí,MG,Sudeste,320.695
314225,Miravânia,MG,Sudeste,602.128
314230,Moeda,MG,Sudeste,154.129
314240,Moema,MG,Sudeste,202.705
314250,Monjolos,MG,Sudeste,650.911
314260,Monsenhor Paulo,MG,Sudeste,216.54
314270,Montalvânia,MG,Sudeste,1503.755
314280,Monte Alegre de Minas,MG,Sudeste,2595.957
314290,Monte Azul,MG,Sudeste,1001.296
314300,Monte Belo,MG,Sudeste,421.283
314310,Monte Carmelo,MG,Sudeste,1343.035
314315,Monte Formoso,MG,Sudeste,385.553
314320,Monte Santo de Minas,MG,Sudeste,594.632
314330,Montes Claros,MG,Sudeste,3589.811
314340,Monte Sião,MG,Sudeste,291.594
314345,Montezuma,MG,Sudeste,1130.419
314350,Morada Nova de Minas,MG,Sudeste,2084.275
314360,Morro da Garça,MG,Sudeste,414.772
314370,Morro do Pilar,MG,Sudeste,477.548
314380,Munhoz,MG,Sudeste,191.599
314390,Muriaé,MG,Sudeste,841.693
314400,Mutum,MG,Sudeste,1250.823
314410,Muzambinho,MG,Sudeste,409.948
314420,Nacip Raydan,MG,Sudeste,233.493
314430,Nanuque,MG,Sudeste,1518.166
314435,Naque,MG,Sudeste,127.173
314437,Natalândia,MG,Sudeste,468.66
314440,Natércia,MG,Sudeste,188.719
314450,Nazareno,MG,Sudeste,341.453
314460,Nepomuceno,MG,Sudeste,582.553
314465,Ninheira,MG,Sudeste,1108.27
314467,Nova Belém,MG,Sudeste,146.776
314470,Nova Era,MG,Sudeste,361.852
314480,Nova Lima,MG,Sudeste,430.115
314490,Nova Módica,MG,Sudeste,375.973
314500,Nova Ponte,MG,Sudeste,1111.011
314505,Nova Porteirinha,MG,Sudeste,120.944
314510,Nova Resende,MG,Sudeste,390.152
314520,Nova Serrana,MG,Sudeste,282.472
314530,Novo Cruzeiro,MG,Sudeste,1702.981
314535,Novo Oriente de Minas,MG,Sudeste,755.151
314537,Novorizonte,MG,Sudeste,271.61
314540,Olaria,MG,Sudeste,178.242
314545,Olhos-d'Água,MG,Sudeste,2092.078
314550,Olímpio Noronha,MG,Sudeste,54.633
314560,Oliveira,MG,Sudeste,897.294
314570,Oliveira Fortes,MG,Sudeste,111.13
314580,Onça de Pitangui,MG,Sudeste,246.976
314585,Oratórios,MG,Sudeste,89.068
314587,Orizânia,MG,Sudeste,121.8
314590,Ouro Branco,MG,Sudeste,258.726
314600,Ouro Fino,MG,Sudeste,533.714
314610,Ouro Preto,MG,Sudeste,1246.068
314620,Ouro Verde de Minas,MG,Sudeste,175.482
314625,Padre Carvalho,MG,Sudeste,446.275
314630,Padre Paraíso,MG,Sudeste,544.375
314640,Paineiras,MG,Sudeste,637.309
314650,Pains,MG,Sudeste,421.862
314655,Pai Pedro,MG,Sudeste,839.805
314660,Paiva,MG,Sudeste,58.419
314670,Palma,MG,Sudeste,316.476
314675,Palmópolis,MG,Sudeste,433.154
314690,Papagaios,MG,Sudeste,553.577
314700,Paracatu,MG,Sudeste,8231.029
314710,Pará de Minas,MG,Sudeste,551.105
314720,Paraguaçu,MG,Sudeste,424.296
314730,Paraisópolis,MG,Sudeste,331.238
314740,Paraopeba,MG,Sudeste,625.631
314750,Passabém,MG,Sudeste,94.183
314760,Passa Quatro,MG,Sudeste,277.221
314770,Passa Tempo,MG,Sudeste,429.172
314780,Passa Vinte,MG,Sudeste,246.565
314790,Passos,MG,Sudeste,1338.07
314795,Patis,MG,Sudeste,444.196
314800,Patos de Minas,MG,Sudeste,3190.456
314810,Patrocínio,MG,Sudeste,2874.344
314820,Patrocínio do Muriaé,MG,Sudeste,108.246
314830,Paula Cândido,MG,Sudeste,268.321
314840,Paulistas,MG,Sudeste,220.564
314850,Pavão,MG,Sudeste,601.19
314860,Peçanha,MG,Sudeste,996.646
314870,Pedra Azul,MG,Sudeste,1594.651
314875,Pedra Bonita,MG,Sudeste,173.928
314880,Pedra do Anta,MG,Sudeste,173.168
314890,Pedra do Indaiá,MG,Sudeste,347.92
314900,Pedra Dourada,MG,Sudeste,69.99
314910,Pedralva,MG,Sudeste,217.99
314915,Pedras de Maria da Cruz,MG,Sudeste,1525.648
314920,Pedrinópolis,MG,Sudeste,357.891
314930,Pedro Leopoldo,MG,Sudeste,292.81
314940,Pedro Teixeira,MG,Sudeste,112.959
314950,Pequeri,MG,Sudeste,90.833
314960,Pequi,MG,Sudeste,203.991
314970,Perdigão,MG,Sudeste,249.322
314980,Perdizes,MG,Sudeste,2451.112
314990,Perdões,MG,Sudeste,270.657
314995,Periquito,MG,Sudeste,228.907
315000,Pescador,MG,Sudeste,317.463
315010,Piau,MG,Sudeste,192.196
315015,Piedade de Caratinga,MG,Sudeste,109.345
315020,Piedade de Ponte Nova,MG,Sudeste,83.733
315030,Piedade do Rio Grande,MG,Sudeste,322.814
315040,Piedade dos Gerais,MG,Sudeste,259.638
315050,Pimenta,MG,Sudeste,414.969
315053,Pingo-d'Água,MG,Sudeste,66.57
315057,Pintópolis,MG,Sudeste,1228.736
315060,Piracema,MG,Sudeste,280.335
315070,Pirajuba,MG,Sudeste,337.98
315080,Piranga,MG,Sudeste,658.812
315090,Piranguçu,MG,Sudeste,203.619
315100,Piranguinho,MG,Sudeste,124.803
315110,Pirapetinga,MG,Sudeste,190.681
315120,Pirapora,MG,Sudeste,549.514
315130,Piraúba,MG,Sudeste,144.289
315140,Pitangui,MG,Sudeste,569.636
315150,Piumhi,MG,Sudeste,902.468
315160,Planura,MG,Sudeste,317.52
315170,Poço Fundo,MG,Sudeste,474.244
315180,Poços de Caldas,MG,Sudeste,546.958
315190,Pocrane,MG,Sudeste,691.066
315200,Pompéu,MG,Sudeste,2551.074
315210,Ponte Nova,MG,Sudeste,470.643
315213,Ponto Chique,MG,Sudeste,602.799
315217,Ponto dos Volantes,MG,Sudeste,1212.413
315220,Porteirinha,MG,Sudeste,1749.683
315230,Porto Firme,MG,Sudeste,284.777
315240,Poté,MG,Sudeste,625.111
315250,Pouso Alegre,MG,Sudeste,542.797
315260,Pouso Alto,MG,Sudeste,263.034
315270,Prados,MG,Sudeste,264.115
315280,Prata,MG,Sudeste,4847.544
315290,Pratápolis,MG,Sudeste,215.516
315300,Pratinha,MG,Sudeste,622.478
315310,Presidente Bernardes,MG,Sudeste,236.798
315320,Presidente Juscelino,MG,Sudeste,695.882
315330,Presidente Kubitschek,MG,Sudeste,189.235
315340,Presidente Olegário,MG,Sudeste,3503.848
315350,Alto Jequitibá,MG,Sudeste,152.272
315360,Prudente de Morais,MG,Sudeste,124.189
315370,Quartel Geral,MG,Sudeste,556.436
315380,Queluzito,MG,Sudeste,153.56
315390,Raposos,MG,Sudeste,72.228
315400,Raul Soares,MG,Sudeste,763.364
315410,Recreio,MG,Sudeste,234.296
315415,Reduto,MG,Sudeste,151.859
315420,Resende Costa,MG,Sudeste,618.312
315430,Resplendor,MG,Sudeste,1081.796
315440,Ressaquinha,MG,Sudeste,183.062
315445,Riachinho,MG,Sudeste,1719.266
315450,Riacho dos Machados,MG,Sudeste,1315.54
315460,Ribeirão das Neves,MG,Sudeste,155.105
315470,Ribeirão Vermelho,MG,Sudeste,49.251
315480,Rio Acima,MG,Sudeste,228.899
315490,Rio Casca,MG,Sudeste,384.381
315500,Rio Doce,MG,Sudeste,112.094
315510,Rio do Prado,MG,Sudeste,479.815
315520,Rio Espera,MG,Sudeste,238.602
315530,Rio Manso,MG,Sudeste,231.54
315540,Rio Novo,MG,Sudeste,209.31
315550,Rio Paranaíba,MG,Sudeste,1352.353
315560,Rio Pardo de Minas,MG,Sudeste,3117.675
315570,Rio Piracicaba,MG,Sudeste,373.037
315580,Rio Pomba,MG,Sudeste,252.418
315590,Rio Preto,MG,Sudeste,348.046
315600,Rio Vermelho,MG,Sudeste,987.246
315610,Ritápolis,MG,Sudeste,404.805
315620,Rochedo de Minas,MG,Sudeste,79.402
315630,Rodeiro,MG,Sudeste,72.673
315640,Romaria,MG,Sudeste,407.557
315645,Rosário da Limeira,MG,Sudeste,111.156
315650,Rubelita,MG,Sudeste,1110.295
315660,Rubim,MG,Sudeste,965.174
315670,Sabará,MG,Sudeste,302.453
315680,Sabinópolis,MG,Sudeste,919.811
315690,Sacramento,MG,Sudeste,3073.268
315700,Salinas,MG,Sudeste,1862.117
315710,Salto da Divisa,MG,Sudeste,938.008
315720,Santa Bárbara,MG,Sudeste,684.505
315725,Santa Bárbara do Leste,MG,Sudeste,107.402
315727,Santa Bárbara do Monte Verde,MG,Sudeste,417.925
315730,Santa Bárbara do Tugúrio,MG,Sudeste,194.564
315733,Santa Cruz de Minas,MG,Sudeste,3.565
315737,Santa Cruz de Salinas,MG,Sudeste,589.607
315740,Santa Cruz do Escalvado,MG,Sudeste,258.726
315750,Santa Efigênia de Minas,MG,Sudeste,131.965
315760,Santa Fé de Minas,MG,Sudeste,2917.448
315765,Santa Helena de Minas,MG,Sudeste,276.433
315770,Santa Juliana,MG,Sudeste,723.784
315780,Santa Luzia,MG,Sudeste,235.166
315790,Santa Margarida,MG,Sudeste,255.73
315800,Santa Maria de Itabira,MG,Sudeste,597.441
315810,Santa Maria do Salto,MG,Sudeste,440.605
315820,Santa Maria do Suaçuí,MG,Sudeste,624.047
315830,Santana da Vargem,MG,Sudeste,172.444
315840,Santana de Cataguases,MG,Sudeste,161.486
315850,Santana de Pirapama,MG,Sudeste,1255.832
315860,Santana do Deserto,MG,Sudeste,182.655
315870,Santana do Garambéu,MG,Sudeste,203.074
315880,Santana do Jacaré,MG,Sudeste,106.169
315890,Santana do Manhuaçu,MG,Sudeste,347.362
315895,Santana do Paraíso,MG,Sudeste,275.575
315900,Santana do Riacho,MG,Sudeste,677.207
315910,Santana dos Montes,MG,Sudeste,196.565
315920,Santa Rita de Caldas,MG,Sudeste,503.011
315930,Santa Rita de Jacutinga,MG,Sudeste,420.94
315935,Santa Rita de Minas,MG,Sudeste,68.153
315940,Santa Rita de Ibitipoca,MG,Sudeste,324.234
315950,Santa Rita do Itueto,MG,Sudeste,485.081
315960,Santa Rita do Sapucaí,MG,Sudeste,352.969
315970,Santa Rosa da Serra,MG,Sudeste,284.334
315980,Santa Vitória,MG,Sudeste,2998.364
315990,Santo Antônio do Amparo,MG,Sudeste,488.885
316000,Santo Antônio do Aventureiro,MG,Sudeste,202.032
316010,Santo Antônio do Grama,MG,Sudeste,130.213
316020,Santo Antônio do Itambé,MG,Sudeste,305.737
316030,Santo Antônio do Jacinto,MG,Sudeste,503.706
316040,Santo Antônio do Monte,MG,Sudeste,1125.78
316045,Santo Antônio do Retiro,MG,Sudeste,796.29
316050,Santo Antônio do Rio Abaixo,MG,Sudeste,107.269
316060,Santo Hipólito,MG,Sudeste,430.656
316070,Santos Dumont,MG,Sudeste,637.373
316080,São Bento Abade,MG,Sudeste,80.403
316090,São Brás do Suaçuí,MG,Sudeste,110.019
316095,São Domingos das Dores,MG,Sudeste,60.865
316100,São Domingos do Prata,MG,Sudeste,743.768
316105,São Félix de Minas,MG,Sudeste,162.56
316110,São Francisco,MG,Sudeste,3308.1
316120,São Francisco de Paula,MG,Sudeste,316.822
316130,São Francisco de Sales,MG,Sudeste,1128.864
316140,São Francisco do Glória,MG,Sudeste,164.613
316150,São Geraldo,MG,Sudeste,185.578
316160,São Geraldo da Piedade,MG,Sudeste,152.336
316165,São Geraldo do Baixio,MG,Sudeste,280.954
316170,São Gonçalo do Abaeté,MG,Sudeste,2692.545
316180,São Gonçalo do Pará,MG,Sudeste,265.73
316190,São Gonçalo do Rio Abaixo,MG,Sudeste,363.818
316200,São Gonçalo do Sapucaí,MG,Sudeste,516.683
316210,São Gotardo,MG,Sudeste,866.087
316220,São João Batista do Glória,MG,Sudeste,547.908
316225,São João da Lagoa,MG,Sudeste,998.015
316230,São João da Mata,MG,Sudeste,120.536
316240,São João da Ponte,MG,Sudeste,1851.102
316245,São João das Missões,MG,Sudeste,678.274
316250,São João del Rei,MG,Sudeste,1452.002
316255,São João do Manhuaçu,MG,Sudeste,143.096
316257,São João do Manteninha,MG,Sudeste,137.928
316260,São João do Oriente,MG,Sudeste,120.122
316265,São João do Pacuí,MG,Sudeste,415.922
316270,São João do Paraíso,MG,Sudeste,1925.575
316280,São João Evangelista,MG,Sudeste,478.183
316290,São João Nepomuceno,MG,Sudeste,407.427
316292,São Joaquim de Bicas,MG,Sudeste,71.995
316294,São José da Barra,MG,Sudeste,308.319
316295,São José da Lapa,MG,Sudeste,48.135
316300,São José da Safira,MG,Sudeste,213.881
316310,São José da Varginha,MG,Sudeste,205.501
316320,São José do Alegre,MG,Sudeste,88.794
316330,São José do Divino,MG,Sudeste,328.704
316340,São José do Goiabal,MG,Sudeste,189.578
316350,São José do Jacuri,MG,Sudeste,345.146
316360,São José do Mantimento,MG,Sudeste,54.701
316370,São Lourenço,MG,Sudeste,58.019
316380,São Miguel do Anta,MG,Sudeste,152.111
316390,São Pedro da União,MG,Sudeste,260.827
316400,São Pedro dos Ferros,MG,Sudeste,402.739
316410,São Pedro do Suaçuí,MG,Sudeste,308.106
316420,São Romão,MG,Sudeste,2434.004
316430,São Roque de Minas,MG,Sudeste,2098.867
316440,São Sebastião da Bela Vista,MG,Sudeste,167.428
316443,São Sebastião da Vargem Alegre,MG,Sudeste,73.629
316447,São Sebastião do Anta,MG,Sudeste,80.618
316450,São Sebastião do Maranhão,MG,Sudeste,517.83
316460,São Sebastião do Oeste,MG,Sudeste,408.09
316470,São Sebastião do Paraíso,MG,Sudeste,814.925
316480,São Sebastião do Rio Preto,MG,Sudeste,128.002
316490,São Sebastião do Rio Verde,MG,Sudeste,90.848
316500,São Tiago,MG,Sudeste,572.4
316510,São Tomás de Aquino,MG,Sudeste,277.928
316520,São Tomé das Letras,MG,Sudeste,369.747
316530,São Vicente de Minas,MG,Sudeste,392.651
316540,Sapucaí-Mirim,MG,Sudeste,285.073
316550,Sardoá,MG,Sudeste,141.904
316553,Sarzedo,MG,Sudeste,62.134
316555,Setubinha,MG,Sudeste,534.655
316556,Sem-Peixe,MG,Sudeste,176.634
316557,Senador Amaral,MG,Sudeste,151.097
316560,Senador Cortes,MG,Sudeste,98.336
316570,Senador Firmino,MG,Sudeste,166.495
316580,Senador José Bento,MG,Sudeste,93.892
316590,Senador Modestino Gonçalves,MG,Sudeste,952.055
316600,Senhora de Oliveira,MG,Sudeste,170.749
316610,Senhora do Porto,MG,Sudeste,381.328
316620,Senhora dos Remédios,MG,Sudeste,237.815
316630,Sericita,MG,Sudeste,166.012
316640,Seritinga,MG,Sudeste,114.769
316650,Serra Azul de Minas,MG,Sudeste,218.595
316660,Serra da Saudade,MG,Sudeste,335.659
316670,Serra dos Aimorés,MG,Sudeste,213.574
316680,Serra do Salitre,MG,Sudeste,1295.272
316690,Serrania,MG,Sudeste,209.27
316695,Serranópolis de Minas,MG,Sudeste,551.954
316700,Serranos,MG,Sudeste,213.173
316710,Serro,MG,Sudeste,1217.813
316720,Sete Lagoas,MG,Sudeste,536.928
316730,Silveirânia,MG,Sudeste,157.456
316740,Silvianópolis,MG,Sudeste,312.166
316750,Simão Pereira,MG,Sudeste,135.689
316760,Simonésia,MG,Sudeste,486.543
316770,Sobrália,MG,Sudeste,206.787
316780,Soledade de Minas,MG,Sudeste,196.866
316790,Tabuleiro,MG,Sudeste,211.084
316800,Taiobeiras,MG,Sudeste,1220.045
316805,Taparuba,MG,Sudeste,193.082
316810,Tapira,MG,Sudeste,1179.248
316820,Tapiraí,MG,Sudeste,407.92
316830,Taquaraçu de Minas,MG,Sudeste,329.287
316840,Tarumirim,MG,Sudeste,731.753
316850,Teixeiras,MG,Sudeste,166.735
316860,Teófilo Otoni,MG,Sudeste,3242.27
316870,Timóteo,MG,Sudeste,144.377
316880,Tiradentes,MG,Sudeste,83.047
316890,Tiros,MG,Sudeste,2091.774
316900,Tocantins,MG,Sudeste,173.866
316905,Tocos do Moji,MG,Sudeste,114.705
316910,Toledo,MG,Sudeste,136.776
316920,Tombos,MG,Sudeste,285.124
316930,Três Corações,MG,Sudeste,828.038
316935,Três Marias,MG,Sudeste,2678.254
316940,Três Pontas,MG,Sudeste,689.794
316950,Tumiritinga,MG,Sudeste,500.073
316960,Tupaciguara,MG,Sudeste,1822.53
316970,Turmalina,MG,Sudeste,1153.111
316980,Turvolândia,MG,Sudeste,221.0
316990,Ubá,MG,Sudeste,407.452
317000,Ubaí,MG,Sudeste,820.524
317005,Ubaporanga,MG,Sudeste,189.045
317010,Uberaba,MG,Sudeste,4523.957
317020,Uberlândia,MG,Sudeste,4115.206
317030,Umburatiba,MG,Sudeste,405.834
317040,Unaí,MG,Sudeste,8445.432
317043,União de Minas,MG,Sudeste,1147.407
317047,Uruana de Minas,MG,Sudeste,598.221
317050,Urucânia,MG,Sudeste,138.792
317052,Urucuia,MG,Sudeste,2076.942
317057,Vargem Alegre,MG,Sudeste,116.664
317060,Vargem Bonita,MG,Sudeste,409.888
317065,Vargem Grande do Rio Pardo,MG,Sudeste,491.512
317070,Varginha,MG,Sudeste,395.396
317075,Varjão de Minas,MG,Sudeste,651.505
317080,Várzea da Palma,MG,Sudeste,2220.279
317090,Varzelândia,MG,Sudeste,814.994
317100,Vazante,MG,Sudeste,1913.396
317103,Verdelândia,MG,Sudeste,1570.582
317107,Veredinha,MG,Sudeste,631.691
317110,Veríssimo,MG,Sudeste,1031.823
317115,Vermelho Novo,MG,Sudeste,115.242
317120,Vespasiano,MG,Sudeste,70.456
317130,Viçosa,MG,Sudeste,299.418
317140,Vieiras,MG,Sudeste,112.691
317150,Mathias Lobato,MG,Sudeste,172.297
317160,Virgem da Lapa,MG,Sudeste,868.914
317170,Virgínia,MG,Sudeste,326.515
317180,Virginópolis,MG,Sudeste,439.878
317190,Virgolândia,MG,Sudeste,281.022
317200,Visconde do Rio Branco,MG,Sudeste,243.351
317210,Volta Grande,MG,Sudeste,205.552
317220,Wenceslau Braz,MG,Sudeste,102.487
320010,Afonso Cláudio,ES,Sudeste,941.188
320013,Águia Branca,ES,Sudeste,454.448
320016,Água Doce do Norte,ES,Sudeste,473.728
320020,Alegre,ES,Sudeste,756.86
320030,Alfredo Chaves,ES,Sudeste,615.677
320035,Alto Rio Novo,ES,Sudeste,227.617
320040,Anchieta,ES,Sudeste,409.691
320050,Apiacá,ES,Sudeste,193.984
320060,Aracruz,ES,Sudeste,1420.286
320070,Atílio Vivácqua,ES,Sudeste,232.868
320080,Baixo Guandu,ES,Sudeste,909.039
320090,Barra de São Francisco,ES,Sudeste,944.521
320100,Boa Esperança,ES,Sudeste,428.717
320110,Bom Jesus do Norte,ES,Sudeste,89.084
320115,Brejetuba,ES,Sudeste,354.404
320120,Cachoeiro de Itapemirim,ES,Sudeste,864.583
320130,Cariacica,ES,Sudeste,279.718
320140,Castelo,ES,Sudeste,663.515
320150,Colatina,ES,Sudeste,1398.219
320160,Conceição da Barra,ES,Sudeste,1182.587
320170,Conceição do Castelo,ES,Sudeste,369.778
320180,Divino de São Lourenço,ES,Sudeste,174.039
320190,Domingos Martins,ES,Sudeste,1229.21
320200,Dores do Rio Preto,ES,Sudeste,159.298
320210,Ecoporanga,ES,Sudeste,2285.361
320220,Fundão,ES,Sudeste,286.854
320225,Governador Lindenberg,ES,Sudeste,360.016
320230,Guaçuí,ES,Sudeste,468.185
320240,Guarapari,ES,Sudeste,589.826
320245,Ibatiba,ES,Sudeste,240.278
320250,Ibiraçu,ES,Sudeste,201.248
320255,Ibitirama,ES,Sudeste,330.874
320260,Iconha,ES,Sudeste,203.528
320265,Irupi,ES,Sudeste,184.807
320270,Itaguaçu,ES,Sudeste,535.021
320280,Itapemirim,ES,Sudeste,551.133
320290,Itarana,ES,Sudeste,295.189
320300,Iúna,ES,Sudeste,460.586
320305,Jaguaré,ES,Sudeste,659.751
320310,Jerônimo Monteiro,ES,Sudeste,177.342
320313,João Neiva,ES,Sudeste,284.734
320316,Laranja da Terra,ES,Sudeste,458.37
320320,Linhares,ES,Sudeste,3496.263
320330,Mantenópolis,ES,Sudeste,321.417
320332,Marataízes,ES,Sudeste,130.268
320334,Marechal Floriano,ES,Sudeste,285.495
320335,Marilândia,ES,Sudeste,327.642
320340,Mimoso do Sul,ES,Sudeste,869.439
320350,Montanha,ES,Sudeste,1099.06
320360,Mucurici,ES,Sudeste,540.529
320370,Muniz Freire,ES,Sudeste,678.804
320380,Muqui,ES,Sudeste,327.268
320390,Nova Venécia,ES,Sudeste,1439.57
320400,Pancas,ES,Sudeste,837.842
320405,Pedro Canário,ES,Sudeste,433.453
320410,Pinheiros,ES,Sudeste,973.136
320420,Piúma,ES,Sudeste,73.623
320425,Ponto Belo,ES,Sudeste,360.11
320430,Presidente Kennedy,ES,Sudeste,594.897
320435,Rio Bananal,ES,Sudeste,641.929
320440,Rio Novo do Sul,ES,Sudeste,204.464
320450,Santa Leopoldina,ES,Sudeste,718.326
320455,Santa Maria de Jetibá,ES,Sudeste,735.198
320460,Santa Teresa,ES,Sudeste,683.032
320465,São Domingos do Norte,ES,Sudeste,298.58
320470,São Gabriel da Palha,ES,Sudeste,434.887
320480,São José do Calçado,ES,Sudeste,273.489
320490,São Mateus,ES,Sudeste,2346.048
320495,São Roque do Canaã,ES,Sudeste,341.944
320500,Serra,ES,Sudeste,547.631
320501,Sooretama,ES,Sudeste,587.037
320503,Vargem Alta,ES,Sudeste,417.76
320506,Venda Nova do Imigrante,ES,Sudeste,185.909
320510,Viana,ES,Sudeste,312.278
320515,Vila Pavão,ES,Sudeste,433.257
320517,Vila Valério,ES,Sudeste,470.342
320520,Vila Velha,ES,Sudeste,210.225
320530,Vitória,ES,Sudeste,97.124
330010,Angra dos Reis,RJ,Sudeste,813.419
330015,Aperibé,RJ,Sudeste,94.542
330020,Araruama,RJ,Sudeste,638.276
330022,Areal,RJ,Sudeste,110.724
330023,Armação dos Búzios,RJ,Sudeste,70.977
330025,Arraial do Cabo,RJ,Sudeste,152.106
330030,Barra do Piraí,RJ,Sudeste,584.61
330040,Barra Mansa,RJ,Sudeste,547.133
330045,Belford Roxo,RJ,Sudeste,78.985
330050,Bom Jardim,RJ,Sudeste,382.43
330060,Bom Jesus do Itabapoana,RJ,Sudeste,596.659
330070,Cabo Frio,RJ,Sudeste,413.449
330080,Cachoeiras de Macacu,RJ,Sudeste,954.749
330090,Cambuci,RJ,Sudeste,558.281
330093,Carapebus,RJ,Sudeste,304.884
330095,Comendador Levy Gasparian,RJ,Sudeste,108.639
330100,Campos dos Goytacazes,RJ,Sudeste,4032.487
330110,Cantagalo,RJ,Sudeste,747.21
330115,Cardoso Moreira,RJ,Sudeste,522.596
330120,Carmo,RJ,Sudeste,305.749
330130,Casimiro de Abreu,RJ,Sudeste,462.918
330140,Conceição de Macabu,RJ,Sudeste,338.26
330150,Cordeiro,RJ,Sudeste,113.048
330160,Duas Barras,RJ,Sudeste,379.619
330170,Duque de Caxias,RJ,Sudeste,467.319
330180,Engenheiro Paulo de Frontin,RJ,Sudeste,139.381
330185,Guapimirim,RJ,Sudeste,358.443
330187,Iguaba Grande,RJ,Sudeste,50.977
330190,Itaboraí,RJ,Sudeste,429.961
330200,Itaguaí,RJ,Sudeste,282.607
330205,Italva,RJ,Sudeste,291.193
330210,Itaocara,RJ,Sudeste,433.182
330220,Itaperuna,RJ,Sudeste,1106.694
330225,Itatiaia,RJ,Sudeste,241.035
330227,Japeri,RJ,Sudeste,81.697
330230,Laje do Muriaé,RJ,Sudeste,253.53
330240,Macaé,RJ,Sudeste,1216.989
330245,Macuco,RJ,Sudeste,78.364
330250,Magé,RJ,Sudeste,390.775
330260,Mangaratiba,RJ,Sudeste,367.606
330270,Maricá,RJ,Sudeste,361.572
330280,Mendes,RJ,Sudeste,95.324
330285,Mesquita,RJ,Sudeste,41.169
330290,Miguel Pereira,RJ,Sudeste,287.933
330300,Miracema,RJ,Sudeste,303.27
330310,Natividade,RJ,Sudeste,387.073
330320,Nilópolis,RJ,Sudeste,19.393
330330,Niterói,RJ,Sudeste,133.757
330340,Nova Friburgo,RJ,Sudeste,935.429
330350,Nova Iguaçu,RJ,Sudeste,520.581
330360,Paracambi,RJ,Sudeste,190.949
330370,Paraíba do Sul,RJ,Sudeste,571.118
330380,Paraty,RJ,Sudeste,924.295
330385,Paty do Alferes,RJ,Sudeste,314.341
330390,Petrópolis,RJ,Sudeste,791.144
330395,Pinheiral,RJ,Sudeste,82.254
330400,Piraí,RJ,Sudeste,490.255
330410,Porciúncula,RJ,Sudeste,291.847
330411,Porto Real,RJ,Sudeste,50.892
330412,Quatis,RJ,Sudeste,284.826
330414,Queimados,RJ,Sudeste,75.927
330415,Quissamã,RJ,Sudeste,719.643
330420,Resende,RJ,Sudeste,1099.336
330430,Rio Bonito,RJ,Sudeste,459.458
330440,Rio Claro,RJ,Sudeste,846.797
330450,Rio das Flores,RJ,Sudeste,478.783
330452,Rio das Ostras,RJ,Sudeste,228.044
330455,Rio de Janeiro,RJ,Sudeste,1200.329
330460,Santa Maria Madalena,RJ,Sudeste,810.962
330470,Santo Antônio de Pádua,RJ,Sudeste,603.633
330475,São Francisco de Itabapoana,RJ,Sudeste,1118.037
330480,São Fidélis,RJ,Sudeste,1034.833
330490,São Gonçalo,RJ,Sudeste,248.159
330500,São João da Barra,RJ,Sudeste,452.396
330510,São João de Meriti,RJ,Sudeste,35.216
330513,São José de Ubá,RJ,Sudeste,249.688
330515,São José do Vale do Rio Preto,RJ,Sudeste,220.178
330520,São Pedro da Aldeia,RJ,Sudeste,332.488
330530,São Sebastião do Alto,RJ,Sudeste,397.214
330540,Sapucaia,RJ,Sudeste,540.673
330550,Saquarema,RJ,Sudeste,352.129
330555,Seropédica,RJ,Sudeste,265.189
330560,Silva Jardim,RJ,Sudeste,937.755
330570,Sumidouro,RJ,Sudeste,413.407
330575,Tanguá,RJ,Sudeste,143.007
330580,Teresópolis,RJ,Sudeste,773.338
330590,Trajano de Moraes,RJ,Sudeste,591.152
330600,Três Rios,RJ,Sudeste,322.843
330610,Valença,RJ,Sudeste,1300.767
330615,Varre-Sai,RJ,Sudeste,201.938
330620,Vassouras,RJ,Sudeste,536.073
330630,Volta Redonda,RJ,Sudeste,182.105
350010,Adamantina,SP,Sudeste,411.987
350020,Adolfo,SP,Sudeste,211.055
350030,Aguaí,SP,Sudeste,474.554
350040,Águas da Prata,SP,Sudeste,142.673
350050,Águas de Lindóia,SP,Sudeste,59.872
350055,Águas de Santa Bárbara,SP,Sudeste,404.463
350060,Águas de São Pedro,SP,Sudeste,3.38
350070,Agudos,SP,Sudeste,966.708
350075,Alambari,SP,Sudeste,159.6
350080,Alfredo Marcondes,SP,Sudeste,118.915
350090,Altair,SP,Sudeste,313.007
350100,Altinópolis,SP,Sudeste,928.956
350110,Alto Alegre,SP,Sudeste,318.574
350115,Alumínio,SP,Sudeste,83.619
350120,Álvares Florence,SP,Sudeste,362.411
350130,Álvares Machado,SP,Sudeste,347.647
350140,Álvaro de Carvalho,SP,Sudeste,153.662
350150,Alvinlândia,SP,Sudeste,84.879
350160,Americana,SP,Sudeste,133.912
350170,Américo Brasiliense,SP,Sudeste,122.958
350180,Américo de Campos,SP,Sudeste,252.876
350190,Amparo,SP,Sudeste,445.323
350200,Analândia,SP,Sudeste,325.953
350210,Andradina,SP,Sudeste,964.226
350220,Angatuba,SP,Sudeste,1028.104
350230,Anhembi,SP,Sudeste,736.09
350240,Anhumas,SP,Sudeste,320.84
350250,Aparecida,SP,Sudeste,120.89
350260,Aparecida d'Oeste,SP,Sudeste,179.004
350270,Apiaí,SP,Sudeste,974.322
350275,Araçariguama,SP,Sudeste,145.247
350280,Araçatuba,SP,Sudeste,1167.126
350290,Araçoiaba da Serra,SP,Sudeste,255.305
350300,Aramina,SP,Sudeste,202.829
350310,Arandu,SP,Sudeste,285.908
350315,Arapeí,SP,Sudeste,156.479
350320,Araraquara,SP,Sudeste,1003.626
350330,Araras,SP,Sudeste,644.805
350335,Arco-Íris,SP,Sudeste,264.904
350340,Arealva,SP,Sudeste,506.226
350350,Areias,SP,Sudeste,303.98
350360,Areiópolis,SP,Sudeste,85.907
350370,Ariranha,SP,Sudeste,132.624
350380,Artur Nogueira,SP,Sudeste,181.786
350390,Arujá,SP,Sudeste,96.369
350395,Aspásia,SP,Sudeste,69.373
350400,Assis,SP,Sudeste,460.609
350410,Atibaia,SP,Sudeste,478.52
350420,Auriflama,SP,Sudeste,434.117
350430,Avaí,SP,Sudeste,540.689
350440,Avanhandava,SP,Sudeste,338.37
350450,Avaré,SP,Sudeste,1213.055
350460,Bady Bassitt,SP,Sudeste,110.372
350470,Balbinos,SP,Sudeste,91.635
350480,Bálsamo,SP,Sudeste,149.881
350490,Bananal,SP,Sudeste,616.934
350500,Barão de Antonina,SP,Sudeste,153.142
350510,Barbosa,SP,Sudeste,205.212
350520,Bariri,SP,Sudeste,444.405
350530,Barra Bonita,SP,Sudeste,150.121
350535,Barra do Chapéu,SP,Sudeste,405.681
350540,Barra do Turvo,SP,Sudeste,1007.684
350550,Barretos,SP,Sudeste,1566.161
350560,Barrinha,SP,Sudeste,148.756
350570,Barueri,SP,Sudeste,66.364
350580,Bastos,SP,Sudeste,170.912
350590,Batatais,SP,Sudeste,849.526
350600,Bauru,SP,Sudeste,667.684
350610,Bebedouro,SP,Sudeste,683.192
350620,Bento de Abreu,SP,Sudeste,301.687
350630,Bernardino de Campos,SP,Sudeste,244.158
350635,Bertioga,SP,Sudeste,491.546
350640,Bilac,SP,Sudeste,158.025
350650,Birigui,SP,Sudeste,530.031
350660,Biritiba Mirim,SP,Sudeste,317.406
350670,Boa Esperança do Sul,SP,Sudeste,690.748
350680,Bocaina,SP,Sudeste,363.926
350690,Bofete,SP,Sudeste,654.546
350700,Boituva,SP,Sudeste,248.954
350710,Bom Jesus dos Perdões,SP,Sudeste,108.366
350715,Bom Sucesso de Itararé,SP,Sudeste,133.578
350720,Borá,SP,Sudeste,118.951
350730,Boracéia,SP,Sudeste,122.11
350740,Borborema,SP,Sudeste,552.256
350745,Borebi,SP,Sudeste,347.989
350750,Botucatu,SP,Sudeste,1481.772
350760,Bragança Paulista,SP,Sudeste,512.584
350770,Braúna,SP,Sudeste,195.176
350775,Brejo Alegre,SP,Sudeste,105.689
350780,Brodowski,SP,Sudeste,278.458
350790,Brotas,SP,Sudeste,1101.373
350800,Buri,SP,Sudeste,1196.463
350810,Buritama,SP,Sudeste,327.344
350820,Buritizal,SP,Sudeste,266.42
350830,Cabrália Paulista,SP,Sudeste,239.974
350840,Cabreúva,SP,Sudeste,260.234
350850,Caçapava,SP,Sudeste,369.558
350860,Cachoeira Paulista,SP,Sudeste,288.747
350870,Caconde,SP,Sudeste,468.998
350880,Cafelândia,SP,Sudeste,920.28
350890,Caiabu,SP,Sudeste,252.704
350900,Caieiras,SP,Sudeste,97.745
350910,Caiuá,SP,Sudeste,551.159
350920,Cajamar,SP,Sudeste,131.521
350925,Cajati,SP,Sudeste,454.489
350930,Cajobi,SP,Sudeste,176.929
350940,Cajuru,SP,Sudeste,660.088
350945,Campina do Monte Alegre,SP,Sudeste,184.479
350950,Campinas,SP,Sudeste,794.57
350960,Campo Limpo Paulista,SP,Sudeste,79.504
350970,Campos do Jordão,SP,Sudeste,289.981
350980,Campos Novos Paulista,SP,Sudeste,484.199
350990,Cananéia,SP,Sudeste,1237.354
350995,Canas,SP,Sudeste,53.261
351000,Cândido Mota,SP,Sudeste,595.811
351010,Cândido Rodrigues,SP,Sudeste,70.892
351015,Canitar,SP,Sudeste,57.459
351020,Capão Bonito,SP,Sudeste,1640.229
351030,Capela do Alto,SP,Sudeste,169.89
351040,Capivari,SP,Sudeste,322.878
351050,Caraguatatuba,SP,Sudeste,484.947
351060,Carapicuíba,SP,Sudeste,34.234
351070,Cardoso,SP,Sudeste,639.248
351080,Casa Branca,SP,Sudeste,864.225
351090,Cássia dos Coqueiros,SP,Sudeste,191.683
351100,Castilho,SP,Sudeste,1065.318
351110,Catanduva,SP,Sudeste,291.926
351120,Catiguá,SP,Sudeste,146.568
351130,Cedral,SP,Sudeste,197.099
351140,Cerqueira César,SP,Sudeste,511.621
351150,Cerquilho,SP,Sudeste,127.803
351160,Cesário Lange,SP,Sudeste,190.392
351170,Charqueada,SP,Sudeste,175.846
351190,Clementina,SP,Sudeste,168.59
351200,Colina,SP,Sudeste,422.303
351210,Colômbia,SP,Sudeste,728.648
351220,Conchal,SP,Sudeste,182.793
351230,Conchas,SP,Sudeste,467.327
351240,Cordeirópolis,SP,Sudeste,137.678
351250,Coroados,SP,Sudeste,246.826
351260,Coronel Macedo,SP,Sudeste,303.83
351270,Corumbataí,SP,Sudeste,278.622
351280,Cosmópolis,SP,Sudeste,151.645
351290,Cosmorama,SP,Sudeste,441.68
351300,Cotia,SP,Sudeste,324.0
351310,Cravinhos,SP,Sudeste,311.423
351320,Cristais Paulista,SP,Sudeste,385.23
351330,Cruzália,SP,Sudeste,149.33
351340,Cruzeiro,SP,Sudeste,305.669
351350,Cubatão,SP,Sudeste,143.649
351360,Cunha,SP,Sudeste,1407.098
351370,Descalvado,SP,Sudeste,753.926
351380,Diadema,SP,Sudeste,30.806
351385,Dirce Reis,SP,Sudeste,88.152
351390,Divinolândia,SP,Sudeste,223.749
351400,Dobrada,SP,Sudeste,149.729
351410,Dois Córregos,SP,Sudeste,632.972
351420,Dolcinópolis,SP,Sudeste,77.939
351430,Dourado,SP,Sudeste,205.874
351440,Dracena,SP,Sudeste,487.271
351450,Duartina,SP,Sudeste,264.557
351460,Dumont,SP,Sudeste,111.361
351470,Echaporã,SP,Sudeste,515.258
351480,Eldorado,SP,Sudeste,1654.256
351490,Elias Fausto,SP,Sudeste,202.36
351492,Elisiário,SP,Sudeste,93.314
351495,Embaúba,SP,Sudeste,83.129
351500,Embu das Artes,SP,Sudeste,70.264
351510,Embu-Guaçu,SP,Sudeste,155.285
351512,Emilianópolis,SP,Sudeste,225.177
351515,Engenheiro Coelho,SP,Sudeste,109.574
351518,Espírito Santo do Pinhal,SP,Sudeste,389.235
351519,Espírito Santo do Turvo,SP,Sudeste,193.666
351520,Estrela d'Oeste,SP,Sudeste,296.281
351530,Estrela do Norte,SP,Sudeste,264.987
351535,Euclides da Cunha Paulista,SP,Sudeste,571.169
351540,Fartura,SP,Sudeste,429.171
351550,Fernandópolis,SP,Sudeste,549.797
351560,Fernando Prestes,SP,Sudeste,169.99
351565,Fernão,SP,Sudeste,100.504
351570,Ferraz de Vasconcelos,SP,Sudeste,29.58
351580,Flora Rica,SP,Sudeste,224.619
351590,Floreal,SP,Sudeste,204.236
351600,Flórida Paulista,SP,Sudeste,524.138
351610,Florínea,SP,Sudeste,225.886
351620,Franca,SP,Sudeste,605.679
351630,Francisco Morato,SP,Sudeste,49.001
351640,Franco da Rocha,SP,Sudeste,132.775
351650,Gabriel Monteiro,SP,Sudeste,138.681
351660,Gália,SP,Sudeste,355.914
351670,Garça,SP,Sudeste,555.807
351680,Gastão Vidigal,SP,Sudeste,180.569
351685,Gavião Peixoto,SP,Sudeste,243.766
351690,General Salgado,SP,Sudeste,493.88
351700,Getulina,SP,Sudeste,676.755
351710,Glicério,SP,Sudeste,272.8
351720,Guaiçara,SP,Sudeste,277.154
351730,Guaimbê,SP,Sudeste,217.811
351740,Guaíra,SP,Sudeste,1258.465
351750,Guapiaçu,SP,Sudeste,324.752
351760,Guapiara,SP,Sudeste,408.292
351770,Guará,SP,Sudeste,362.183
351780,Guaraçaí,SP,Sudeste,569.222
351790,Guaraci,SP,Sudeste,641.501
351800,Guarani d'Oeste,SP,Sudeste,85.7
351810,Guarantã,SP,Sudeste,461.746
351820,Guararapes,SP,Sudeste,955.637
351830,Guararema,SP,Sudeste,270.816
351840,Guaratinguetá,SP,Sudeste,752.636
351850,Guareí,SP,Sudeste,567.719
351860,Guariba,SP,Sudeste,270.408
351870,Guarujá,SP,Sudeste,144.794
351880,Guarulhos,SP,Sudeste,318.838
351885,Guatapará,SP,Sudeste,413.653
351890,Guzolândia,SP,Sudeste,252.722
351900,Herculândia,SP,Sudeste,364.252
351905,Holambra,SP,Sudeste,65.337
351907,Hortolândia,SP,Sudeste,62.416
351910,Iacanga,SP,Sudeste,547.393
351920,Iacri,SP,Sudeste,321.948
351925,Iaras,SP,Sudeste,401.381
351930,Ibaté,SP,Sudeste,290.977
351940,Ibirá,SP,Sudeste,268.9
351950,Ibirarema,SP,Sudeste,228.23
351960,Ibitinga,SP,Sudeste,689.391
351970,Ibiúna,SP,Sudeste,1058.01
351980,Icém,SP,Sudeste,362.355
351990,Iepê,SP,Sudeste,594.985
352000,Igaraçu do Tietê,SP,Sudeste,97.747
352010,Igarapava,SP,Sudeste,468.355
352020,Igaratá,SP,Sudeste,293.002
352030,Iguape,SP,Sudeste,1978.329
352040,Ilhabela,SP,Sudeste,346.389
352042,Ilha Comprida,SP,Sudeste,196.567
352044,Ilha Solteira,SP,Sudeste,652.641
352050,Indaiatuba,SP,Sudeste,311.545
352060,Indiana,SP,Sudeste,129.019
352070,Indiaporã,SP,Sudeste,279.606
352080,Inúbia Paulista,SP,Sudeste,87.119
352090,Ipaussu,SP,Sudeste,209.554
352100,Iperó,SP,Sudeste,170.289
352110,Ipeúna,SP,Sudeste,190.01
352115,Ipiguá,SP,Sudeste,136.028
352120,Iporanga,SP,Sudeste,1152.059
352130,Ipuã,SP,Sudeste,466.461
352140,Iracemápolis,SP,Sudeste,115.31
352150,Irapuã,SP,Sudeste,257.611
352160,Irapuru,SP,Sudeste,214.078
352170,Itaberá,SP,Sudeste,1100.247
352180,Itaí,SP,Sudeste,1092.884
352190,Itajobi,SP,Sudeste,502.066
352200,Itaju,SP,Sudeste,230.355
352210,Itanhaém,SP,Sudeste,601.018
352215,Itaoca,SP,Sudeste,183.015
352220,Itapecerica da Serra,SP,Sudeste,151.012
352230,Itapetininga,SP,Sudeste,1789.35
352240,Itapeva,SP,Sudeste,1826.258
352250,Itapevi,SP,Sudeste,82.583
352260,Itapira,SP,Sudeste,518.431
352265,Itapirapuã Paulista,SP,Sudeste,406.478
352270,Itápolis,SP,Sudeste,996.747
352280,Itaporanga,SP,Sudeste,507.997
352290,Itapuí,SP,Sudeste,140.023
352300,Itapura,SP,Sudeste,301.653
352310,Itaquaquecetuba,SP,Sudeste,82.575
352320,Itararé,SP,Sudeste,1003.86
352330,Itariri,SP,Sudeste,273.956
352340,Itatiba,SP,Sudeste,322.253
352350,Itatinga,SP,Sudeste,979.526
352360,Itirapina,SP,Sudeste,564.603
352370,Itirapuã,SP,Sudeste,161.118
352380,Itobi,SP,Sudeste,138.986
352390,Itu,SP,Sudeste,640.719
352400,Itupeva,SP,Sudeste,201.214
352410,Ituverava,SP,Sudeste,704.659
352420,Jaborandi,SP,Sudeste,273.438
352430,Jaboticabal,SP,Sudeste,706.722
352440,Jacareí,SP,Sudeste,464.252
352450,Jaci,SP,Sudeste,145.133
352460,Jacupiranga,SP,Sudeste,704.136
352470,Jaguariúna,SP,Sudeste,141.391
352480,Jales,SP,Sudeste,368.574
352490,Jambeiro,SP,Sudeste,184.413
352500,Jandira,SP,Sudeste,17.122
352510,Jardinópolis,SP,Sudeste,501.87
352520,Jarinu,SP,Sudeste,207.549
352530,Jaú,SP,Sudeste,687.103
352540,Jeriquara,SP,Sudeste,141.971
352550,Joanópolis,SP,Sudeste,374.346
352560,João Ramalho,SP,Sudeste,415.452
352570,José Bonifácio,SP,Sudeste,860.2
352580,Júlio Mesquita,SP,Sudeste,128.183
352585,Jumirim,SP,Sudeste,56.685
352590,Jundiaí,SP,Sudeste,431.162
352600,Junqueirópolis,SP,Sudeste,583.273
352610,Juquiá,SP,Sudeste,812.799
352620,Juquitiba,SP,Sudeste,523.074
352630,Lagoinha,SP,Sudeste,254.454
352640,Laranjal Paulista,SP,Sudeste,384.274
352650,Lavínia,SP,Sudeste,537.675
352660,Lavrinhas,SP,Sudeste,166.948
352670,Leme,SP,Sudeste,402.871
352680,Lençóis Paulista,SP,Sudeste,809.541
352690,Limeira,SP,Sudeste,580.577
352700,Lindóia,SP,Sudeste,48.321
352710,Lins,SP,Sudeste,570.058
352720,Lorena,SP,Sudeste,414.16
352725,Lourdes,SP,Sudeste,113.808
352730,Louveira,SP,Sudeste,55.989
352740,Lucélia,SP,Sudeste,314.81
352750,Lucianópolis,SP,Sudeste,189.536
352760,Luís Antônio,SP,Sudeste,598.257
352770,Luiziânia,SP,Sudeste,166.576
352780,Lupércio,SP,Sudeste,155.171
352790,Lutécia,SP,Sudeste,475.226
352800,Macatuba,SP,Sudeste,224.514
352810,Macaubal,SP,Sudeste,248.087
352820,Macedônia,SP,Sudeste,327.567
352830,Magda,SP,Sudeste,312.282
352840,Mairinque,SP,Sudeste,210.149
352850,Mairiporã,SP,Sudeste,320.492
352860,Manduri,SP,Sudeste,229.046
352870,Marabá Paulista,SP,Sudeste,919.519
352880,Maracaí,SP,Sudeste,533.498
352885,Marapoama,SP,Sudeste,111.267
352890,Mariápolis,SP,Sudeste,186.432
352900,Marília,SP,Sudeste,1170.515
352910,Marinópolis,SP,Sudeste,77.827
352920,Martinópolis,SP,Sudeste,1251.492
352930,Matão,SP,Sudeste,524.899
352940,Mauá,SP,Sudeste,62.034
352950,Mendonça,SP,Sudeste,195.151
352960,Meridiano,SP,Sudeste,228.199
352965,Mesópolis,SP,Sudeste,148.636
352970,Miguelópolis,SP,Sudeste,820.849
352980,Mineiros do Tietê,SP,Sudeste,213.242
352990,Miracatu,SP,Sudeste,1002.2
353000,Mira Estrela,SP,Sudeste,216.825
353010,Mirandópolis,SP,Sudeste,917.692
353020,Mirante do Paranapanema,SP,Sudeste,1238.931
353030,Mirassol,SP,Sudeste,243.228
353040,Mirassolândia,SP,Sudeste,166.125
353050,Mococa,SP,Sudeste,855.701
353060,Mogi das Cruzes,SP,Sudeste,712.532
353070,Mogi Guaçu,SP,Sudeste,812.753
353080,Mogi Mirim,SP,Sudeste,497.709
353090,Mombuca,SP,Sudeste,133.698
353100,Monções,SP,Sudeste,104.352
353110,Mongaguá,SP,Sudeste,142.521
353120,Monte Alegre do Sul,SP,Sudeste,110.308
353130,Monte Alto,SP,Sudeste,346.95
353140,Monte Aprazível,SP,Sudeste,495.559
353150,Monte Azul Paulista,SP,Sudeste,263.463
353160,Monte Castelo,SP,Sudeste,233.289
353170,Monteiro Lobato,SP,Sudeste,332.408
353180,Monte Mor,SP,Sudeste,240.566
353190,Morro Agudo,SP,Sudeste,1388.127
353200,Morungaba,SP,Sudeste,146.752
353205,Motuca,SP,Sudeste,228.651
353210,Murutinga do Sul,SP,Sudeste,250.873
353215,Nantes,SP,Sudeste,286.444
353220,Narandiba,SP,Sudeste,357.325
353230,Natividade da Serra,SP,Sudeste,834.281
353240,Nazaré Paulista,SP,Sudeste,326.392
353250,Neves Paulista,SP,Sudeste,219.05
353260,Nhandeara,SP,Sudeste,436.159
353270,Nipoã,SP,Sudeste,137.609
353280,Nova Aliança,SP,Sudeste,217.515
353282,Nova Campina,SP,Sudeste,385.375
353284,Nova Canaã Paulista,SP,Sudeste,124.473
353286,Nova Castilho,SP,Sudeste,183.396
353290,Nova Europa,SP,Sudeste,160.25
353300,Nova Granada,SP,Sudeste,531.796
353310,Nova Guataporanga,SP,Sudeste,34.675
353320,Nova Independência,SP,Sudeste,265.028
353325,Novais,SP,Sudeste,117.772
353330,Nova Luzitânia,SP,Sudeste,73.69
353340,Nova Odessa,SP,Sudeste,73.788
353350,Novo Horizonte,SP,Sudeste,931.743
353360,Nuporanga,SP,Sudeste,348.265
353370,Ocauçu,SP,Sudeste,301.036
353380,Óleo,SP,Sudeste,198.938
353390,Olímpia,SP,Sudeste,802.393
353400,Onda Verde,SP,Sudeste,242.946
353410,Oriente,SP,Sudeste,218.668
353420,Orindiúva,SP,Sudeste,247.378
353430,Orlândia,SP,Sudeste,291.765
353440,Osasco,SP,Sudeste,64.999
353450,Oscar Bressane,SP,Sudeste,222.13
353460,Osvaldo Cruz,SP,Sudeste,248.038
353470,Ourinhos,SP,Sudeste,295.818
353475,Ouroeste,SP,Sudeste,288.648
353480,Ouro Verde,SP,Sudeste,266.778
353490,Pacaembu,SP,Sudeste,339.375
353500,Palestina,SP,Sudeste,697.701
353510,Palmares Paulista,SP,Sudeste,82.125
353520,Palmeira d'Oeste,SP,Sudeste,318.696
353530,Palmital,SP,Sudeste,548.407
353540,Panorama,SP,Sudeste,356.05
353550,Paraguaçu Paulista,SP,Sudeste,1001.492
353560,Paraibuna,SP,Sudeste,809.576
353570,Paraíso,SP,Sudeste,155.186
353580,Paranapanema,SP,Sudeste,1018.724
353590,Paranapuã,SP,Sudeste,140.354
353600,Parapuã,SP,Sudeste,366.676
353610,Pardinho,SP,Sudeste,208.223
353620,Pariquera-Açu,SP,Sudeste,359.414
353625,Parisi,SP,Sudeste,84.737
353630,Patrocínio Paulista,SP,Sudeste,602.848
353640,Paulicéia,SP,Sudeste,374.091
353650,Paulínia,SP,Sudeste,138.777
353657,Paulistânia,SP,Sudeste,256.178
353660,Paulo de Faria,SP,Sudeste,737.986
353670,Pederneiras,SP,Sudeste,727.482
353680,Pedra Bela,SP,Sudeste,158.588
353690,Pedranópolis,SP,Sudeste,260.101
353700,Pedregulho,SP,Sudeste,712.604
353710,Pedreira,SP,Sudeste,108.817
353715,Pedrinhas Paulista,SP,Sudeste,152.309
353720,Pedro de Toledo,SP,Sudeste,672.83
353730,Penápolis,SP,Sudeste,711.315
353740,Pereira Barreto,SP,Sudeste,974.248
353750,Pereiras,SP,Sudeste,223.136
353760,Peruíbe,SP,Sudeste,323.331
353770,Piacatu,SP,Sudeste,232.488
353780,Piedade,SP,Sudeste,746.903
353790,Pilar do Sul,SP,Sudeste,681.248
353800,Pindamonhangaba,SP,Sudeste,731.356
353810,Pindorama,SP,Sudeste,184.825
353820,Pinhalzinho,SP,Sudeste,154.529
353830,Piquerobi,SP,Sudeste,482.769
353850,Piquete,SP,Sudeste,175.996
353860,Piracaia,SP,Sudeste,385.64
353870,Piracicaba,SP,Sudeste,1377.173
353880,Piraju,SP,Sudeste,504.591
353890,Pirajuí,SP,Sudeste,823.758
353900,Pirangi,SP,Sudeste,215.809
353910,Pirapora do Bom Jesus,SP,Sudeste,108.304
353920,Pirapozinho,SP,Sudeste,477.673
353930,Pirassununga,SP,Sudeste,727.714
353940,Piratininga,SP,Sudeste,402.409
353950,Pitangueiras,SP,Sudeste,430.638
353960,Planalto,SP,Sudeste,289.825
353970,Platina,SP,Sudeste,327.48
353980,Poá,SP,Sudeste,17.264
353990,Poloni,SP,Sudeste,135.119
354000,Pompéia,SP,Sudeste,784.674
354010,Pongaí,SP,Sudeste,183.399
354020,Pontal,SP,Sudeste,356.371
354025,Pontalinda,SP,Sudeste,209.504
354030,Pontes Gestal,SP,Sudeste,217.505
354040,Populina,SP,Sudeste,315.938
354050,Porangaba,SP,Sudeste,265.968
354060,Porto Feliz,SP,Sudeste,556.706
354070,Porto Ferreira,SP,Sudeste,245.327
354075,Potim,SP,Sudeste,44.644
354080,Potirendaba,SP,Sudeste,342.492
354085,Pracinha,SP,Sudeste,63.141
354090,Pradópolis,SP,Sudeste,164.386
354100,Praia Grande,SP,Sudeste,149.652
354105,Pratânia,SP,Sudeste,175.1
354110,Presidente Alves,SP,Sudeste,286.642
354120,Presidente Bernardes,SP,Sudeste,749.234
354130,Presidente Epitácio,SP,Sudeste,1260.281
354140,Presidente Prudente,SP,Sudeste,560.637
354150,Presidente Venceslau,SP,Sudeste,755.203
354160,Promissão,SP,Sudeste,779.2
354165,Quadra,SP,Sudeste,205.672
354170,Quatá,SP,Sudeste,651.341
354180,Queiroz,SP,Sudeste,234.914
354190,Queluz,SP,Sudeste,249.356
354200,Quintana,SP,Sudeste,318.937
354210,Rafard,SP,Sudeste,121.645
354220,Rancharia,SP,Sudeste,1591.148
354230,Redenção da Serra,SP,Sudeste,309.322
354240,Regente Feijó,SP,Sudeste,263.426
354250,Reginópolis,SP,Sudeste,410.406
354260,Registro,SP,Sudeste,722.201
354270,Restinga,SP,Sudeste,245.746
354280,Ribeira,SP,Sudeste,335.759
354290,Ribeirão Bonito,SP,Sudeste,471.553
354300,Ribeirão Branco,SP,Sudeste,697.5
354310,Ribeirão Corrente,SP,Sudeste,148.332
354320,Ribeirão do Sul,SP,Sudeste,203.208
354323,Ribeirão dos Índios,SP,Sudeste,196.467
354325,Ribeirão Grande,SP,Sudeste,333.363
354330,Ribeirão Pires,SP,Sudeste,98.972
354340,Ribeirão Preto,SP,Sudeste,650.916
354350,Riversul,SP,Sudeste,385.878
354360,Rifaina,SP,Sudeste,162.508
354370,Rincão,SP,Sudeste,316.639
354380,Rinópolis,SP,Sudeste,358.481
354390,Rio Claro,SP,Sudeste,498.403
354400,Rio das Pedras,SP,Sudeste,226.729
354410,Rio Grande da Serra,SP,Sudeste,36.341
354420,Riolândia,SP,Sudeste,631.897
354425,Rosana,SP,Sudeste,742.762
354430,Roseira,SP,Sudeste,129.847
354440,Rubiácea,SP,Sudeste,236.484
354450,Rubinéia,SP,Sudeste,242.877
354460,Sabino,SP,Sudeste,305.285
354470,Sagres,SP,Sudeste,147.923
354480,Sales,SP,Sudeste,308.555
354490,Sales Oliveira,SP,Sudeste,305.776
354500,Salesópolis,SP,Sudeste,424.997
354510,Salmourão,SP,Sudeste,172.934
354515,Saltinho,SP,Sudeste,99.924
354520,Salto,SP,Sudeste,133.057
354530,Salto de Pirapora,SP,Sudeste,280.412
354540,Salto Grande,SP,Sudeste,188.441
354550,Sandovalina,SP,Sudeste,455.856
354560,Santa Adélia,SP,Sudeste,330.269
354570,Santa Albertina,SP,Sudeste,272.692
354580,Santa Bárbara d'Oeste,SP,Sudeste,271.03
354600,Santa Branca,SP,Sudeste,272.238
354610,Santa Clara d'Oeste,SP,Sudeste,183.458
354620,Santa Cruz da Conceição,SP,Sudeste,150.13
354625,Santa Cruz da Esperança,SP,Sudeste,148.062
354630,Santa Cruz das Palmeiras,SP,Sudeste,295.33
354640,Santa Cruz do Rio Pardo,SP,Sudeste,1114.747
354650,Santa Ernestina,SP,Sudeste,134.421
354660,Santa Fé do Sul,SP,Sudeste,206.537
354670,Santa Gertrudes,SP,Sudeste,98.045
354680,Santa Isabel,SP,Sudeste,362.875
354690,Santa Lúcia,SP,Sudeste,153.86
354700,Santa Maria da Serra,SP,Sudeste,252.621
354710,Santa Mercedes,SP,Sudeste,166.884
354720,Santana da Ponte Pensa,SP,Sudeste,129.888
354730,Santana de Parnaíba,SP,Sudeste,179.89
354740,Santa Rita d'Oeste,SP,Sudeste,209.8
354750,Santa Rita do Passa Quatro,SP,Sudeste,752.911
354760,Santa Rosa de Viterbo,SP,Sudeste,288.576
354765,Santa Salete,SP,Sudeste,79.192
354770,Santo Anastácio,SP,Sudeste,552.876
354780,Santo André,SP,Sudeste,175.801
354790,Santo Antônio da Alegria,SP,Sudeste,310.311
354800,Santo Antônio de Posse,SP,Sudeste,154.133
354805,Santo Antônio do Aracanguá,SP,Sudeste,1308.889
354810,Santo Antônio do Jardim,SP,Sudeste,109.956
354820,Santo Antônio do Pinhal,SP,Sudeste,132.966
354830,Santo Expedito,SP,Sudeste,94.465
354840,Santópolis do Aguapeí,SP,Sudeste,128.026
354850,Santos,SP,Sudeste,281.033
354860,São Bento do Sapucaí,SP,Sudeste,252.579
354870,São Bernardo do Campo,SP,Sudeste,408.234
354880,São Caetano do Sul,SP,Sudeste,15.421
354890,São Carlos,SP,Sudeste,1136.907
354900,São Francisco,SP,Sudeste,75.579
354910,São João da Boa Vista,SP,Sudeste,516.399
354920,São João das Duas Pontes,SP,Sudeste,129.462
354925,São João de Iracema,SP,Sudeste,178.396
354930,São João do Pau d'Alho,SP,Sudeste,117.514
354940,São Joaquim da Barra,SP,Sudeste,410.863
354950,São José da Bela Vista,SP,Sudeste,276.952
354960,São José do Barreiro,SP,Sudeste,570.604
354970,São José do Rio Pardo,SP,Sudeste,419.729
354980,São José do Rio Preto,SP,Sudeste,431.944
354990,São José dos Campos,SP,Sudeste,1099.494
354995,São Lourenço da Serra,SP,Sudeste,186.353
355000,São Luiz do Paraitinga,SP,Sudeste,618.126
355010,São Manuel,SP,Sudeste,650.734
355020,São Miguel Arcanjo,SP,Sudeste,930.339
355030,São Paulo,SP,Sudeste,1522.683
355040,São Pedro,SP,Sudeste,611.51
355050,São Pedro do Turvo,SP,Sudeste,731.221
355060,São Roque,SP,Sudeste,306.899
355070,São Sebastião,SP,Sudeste,402.395
355080,São Sebastião da Grama,SP,Sudeste,252.41
355090,São Simão,SP,Sudeste,617.252
355100,São Vicente,SP,Sudeste,147.774
355110,Sarapuí,SP,Sudeste,352.592
355120,Sarutaiá,SP,Sudeste,141.608
355130,Sebastianópolis do Sul,SP,Sudeste,167.848
355140,Serra Azul,SP,Sudeste,283.144
355150,Serrana,SP,Sudeste,126.046
355160,Serra Negra,SP,Sudeste,204.542
355170,Sertãozinho,SP,Sudeste,403.089
355180,Sete Barras,SP,Sudeste,1062.699
355190,Severínia,SP,Sudeste,140.46
355200,Silveiras,SP,Sudeste,415.038
355210,Socorro,SP,Sudeste,448.894
355220,Sorocaba,SP,Sudeste,449.872
355230,Sud Mennucci,SP,Sudeste,594.543
355240,Sumaré,SP,Sudeste,153.465
355250,Suzano,SP,Sudeste,206.236
355255,Suzanápolis,SP,Sudeste,330.587
355260,Tabapuã,SP,Sudeste,346.692
355270,Tabatinga,SP,Sudeste,368.604
355280,Taboão da Serra,SP,Sudeste,20.371
355290,Taciba,SP,Sudeste,606.755
355300,Taguaí,SP,Sudeste,145.332
355310,Taiaçu,SP,Sudeste,107.059
355320,Taiúva,SP,Sudeste,132.459
355330,Tambaú,SP,Sudeste,561.788
355340,Tanabi,SP,Sudeste,747.218
355350,Tapiraí,SP,Sudeste,754.421
355360,Tapiratiba,SP,Sudeste,220.518
355365,Taquaral,SP,Sudeste,53.892
355370,Taquaritinga,SP,Sudeste,594.335
355380,Taquarituba,SP,Sudeste,448.515
355385,Taquarivaí,SP,Sudeste,231.792
355390,Tarabai,SP,Sudeste,201.385
355395,Tarumã,SP,Sudeste,302.913
355400,Tatuí,SP,Sudeste,523.749
355410,Taubaté,SP,Sudeste,624.924
355420,Tejupá,SP,Sudeste,296.189
355430,Teodoro Sampaio,SP,Sudeste,1559.776
355440,Terra Roxa,SP,Sudeste,221.54
355450,Tietê,SP,Sudeste,405.034
355460,Timburi,SP,Sudeste,196.79
355465,Torre de Pedra,SP,Sudeste,71.506
355470,Torrinha,SP,Sudeste,315.267
355475,Trabiju,SP,Sudeste,63.421
355480,Tremembé,SP,Sudeste,190.93
355490,Três Fronteiras,SP,Sudeste,151.594
355495,Tuiuti,SP,Sudeste,126.731
355500,Tupã,SP,Sudeste,627.986
355510,Tupi Paulista,SP,Sudeste,244.663
355520,Turiúba,SP,Sudeste,153.492
355530,Turmalina,SP,Sudeste,147.797
355535,Ubarana,SP,Sudeste,209.861
355540,Ubatuba,SP,Sudeste,708.246
355550,Ubirajara,SP,Sudeste,282.179
355560,Uchoa,SP,Sudeste,256.982
355570,União Paulista,SP,Sudeste,79.056
355580,Urânia,SP,Sudeste,209.262
355590,Uru,SP,Sudeste,146.901
355600,Urupês,SP,Sudeste,323.916
355610,Valentim Gentil,SP,Sudeste,149.741
355620,Valinhos,SP,Sudeste,148.72
355630,Valparaíso,SP,Sudeste,857.661
355635,Vargem,SP,Sudeste,142.595
355640,Vargem Grande do Sul,SP,Sudeste,267.178
355645,Vargem Grande Paulista,SP,Sudeste,42.489
355650,Várzea Paulista,SP,Sudeste,35.048
355660,Vera Cruz,SP,Sudeste,247.716
355670,Vinhedo,SP,Sudeste,80.208
355680,Viradouro,SP,Sudeste,217.726
355690,Vista Alegre do Alto,SP,Sudeste,95.429
355695,Vitória Brasil,SP,Sudeste,49.832
355700,Votorantim,SP,Sudeste,184.186
355710,Votuporanga,SP,Sudeste,420.703
355715,Zacarias,SP,Sudeste,319.056
355720,Chavantes,SP,Sudeste,188.727
355730,Estiva Gerbi,SP,Sudeste,74.144
410010,Abatiá,PR,Sul,227.923
410020,Adrianópolis,PR,Sul,1343.898
410030,Agudos do Sul,PR,Sul,191.336
410040,Almirante Tamandaré,PR,Sul,193.736
410045,Altamira do Paraná,PR,Sul,386.952
410050,Altônia,PR,Sul,663.955
410060,Alto Paraná,PR,Sul,409.014
410070,Alto Piquiri,PR,Sul,448.373
410080,Alvorada do Sul,PR,Sul,424.25
410090,Amaporã,PR,Sul,384.91
410100,Ampére,PR,Sul,297.174
410105,Anahy,PR,Sul,104.09
410110,Andirá,PR,Sul,234.635
410115,Ângulo,PR,Sul,106.021
410120,Antonina,PR,Sul,890.065
410130,Antônio Olinto,PR,Sul,463.694
410140,Apucarana,PR,Sul,556.771
410150,Arapongas,PR,Sul,383.37
410160,Arapoti,PR,Sul,1363.843
410165,Arapuã,PR,Sul,217.599
410170,Araruna,PR,Sul,492.521
410180,Araucária,PR,Sul,469.549
410185,Ariranha do Ivaí,PR,Sul,236.039
410190,Assaí,PR,Sul,440.347
410200,Assis Chateaubriand,PR,Sul,980.816
410210,Astorga,PR,Sul,435.21
410220,Atalaia,PR,Sul,137.075
410230,Balsa Nova,PR,Sul,347.588
410240,Bandeirantes,PR,Sul,445.192
410250,Barbosa Ferraz,PR,Sul,536.101
410260,Barracão,PR,Sul,161.806
410270,Barra do Jacaré,PR,Sul,115.855
410275,Bela Vista da Caroba,PR,Sul,148.859
410280,Bela Vista do Paraíso,PR,Sul,246.225
410290,Bituruna,PR,Sul,1280.76
410300,Boa Esperança,PR,Sul,301.131
410302,Boa Esperança do Iguaçu,PR,Sul,152.252
410304,Boa Ventura de São Roque,PR,Sul,606.94
410305,Boa Vista da Aparecida,PR,Sul,265.636
410310,Bocaiúva do Sul,PR,Sul,809.682
410315,Bom Jesus do Sul,PR,Sul,175.536
410320,Bom Sucesso,PR,Sul,321.56
410322,Bom Sucesso do Sul,PR,Sul,198.58
410330,Borrazópolis,PR,Sul,338.354
410335,Braganey,PR,Sul,343.26
410337,Brasilândia do Sul,PR,Sul,291.036
410340,Cafeara,PR,Sul,184.255
410345,Cafelândia,PR,Sul,275.17
410347,Cafezal do Sul,PR,Sul,335.728
410350,Califórnia,PR,Sul,141.817
410360,Cambará,PR,Sul,367.462
410370,Cambé,PR,Sul,499.583
410380,Cambira,PR,Sul,166.274
410390,Campina da Lagoa,PR,Sul,798.991
410395,Campina do Simão,PR,Sul,448.033
410400,Campina Grande do Sul,PR,Sul,542.239
410405,Campo Bonito,PR,Sul,434.124
410410,Campo do Tenente,PR,Sul,303.956
410420,Campo Largo,PR,Sul,1239.801
410425,Campo Magro,PR,Sul,275.423
410430,Campo Mourão,PR,Sul,748.054
410440,Cândido de Abreu,PR,Sul,1506.15
410442,Candói,PR,Sul,1509.719
410445,Cantagalo,PR,Sul,568.929
410450,Capanema,PR,Sul,415.961
410460,Capitão Leônidas Marques,PR,Sul,280.109
410465,Carambeí,PR,Sul,647.021
410470,Carlópolis,PR,Sul,454.169
410480,Cascavel,PR,Sul,2094.263
410490,Castro,PR,Sul,2526.498
410500,Catanduvas,PR,Sul,578.494
410510,Centenário do Sul,PR,Sul,370.629
410520,Cerro Azul,PR,Sul,1353.255
410530,Céu Azul,PR,Sul,1176.523
410540,Chopinzinho,PR,Sul,961.682
410550,Cianorte,PR,Sul,807.796
410560,Cidade Gaúcha,PR,Sul,402.241
410570,Clevelândia,PR,Sul,703.973
410580,Colombo,PR,Sul,197.369
410590,Colorado,PR,Sul,408.533
410600,Congonhinhas,PR,Sul,535.963
410610,Conselheiro Mairinck,PR,Sul,204.443
410620,Contenda,PR,Sul,296.488
410630,Corbélia,PR,Sul,527.607
410640,Cornélio Procópio,PR,Sul,636.59
410645,Coronel Domingos Soares,PR,Sul,1511.972
410650,Coronel Vivida,PR,Sul,683.799
410655,Corumbataí do Sul,PR,Sul,167.921
410657,Cruzeiro do Iguaçu,PR,Sul,161.293
410660,Cruzeiro do Oeste,PR,Sul,776.101
410670,Cruzeiro do Sul,PR,Sul,259.115
410680,Cruz Machado,PR,Sul,1474.202
410685,Cruzmaltina,PR,Sul,306.237
410690,Curitiba,PR,Sul,435.406
410700,Curiúva,PR,Sul,576.263
410710,Diamante do Norte,PR,Sul,242.887
410712,Diamante do Sul,PR,Sul,347.233
410715,Diamante D'Oeste,PR,Sul,310.624
410720,Dois Vizinhos,PR,Sul,418.162
410725,Douradina,PR,Sul,420.525
410730,Doutor Camargo,PR,Sul,118.286
410740,Enéas Marques,PR,Sul,196.238
410750,Engenheiro Beltrão,PR,Sul,470.825
410752,Esperança Nova,PR,Sul,141.317
410753,Entre Rios do Oeste,PR,Sul,120.294
410754,Espigão Alto do Iguaçu,PR,Sul,325.584
410755,Farol,PR,Sul,289.232
410760,Faxinal,PR,Sul,716.804
410765,Fazenda Rio Grande,PR,Sul,116.41
410770,Fênix,PR,Sul,232.209
410773,Fernandes Pinheiro,PR,Sul,405.489
410775,Figueira,PR,Sul,129.769
410780,Floraí,PR,Sul,190.812
410785,Flor da Serra do Sul,PR,Sul,256.157
410790,Floresta,PR,Sul,158.334
410800,Florestópolis,PR,Sul,246.853
410810,Flórida,PR,Sul,83.046
410820,Formosa do Oeste,PR,Sul,275.651
410830,Foz do Iguaçu,PR,Sul,606.501
410832,Francisco Alves,PR,Sul,320.119
410840,Francisco Beltrão,PR,Sul,731.379
410845,Foz do Jordão,PR,Sul,230.716
410850,General Carneiro,PR,Sul,1068.369
410855,Godoy Moreira,PR,Sul,126.956
410860,Goioerê,PR,Sul,563.954
410865,Goioxim,PR,Sul,702.284
410870,Grandes Rios,PR,Sul,311.512
410880,Guaíra,PR,Sul,563.414
410890,Guairaçá,PR,Sul,496.289
410895,Guamiranga,PR,Sul,244.592
410900,Guapirama,PR,Sul,189.372
410910,Guaporema,PR,Sul,200.407
410920,Guaraci,PR,Sul,213.067
410930,Guaraniaçu,PR,Sul,1237.77
410940,Guarapuava,PR,Sul,3163.893
410950,Guaraqueçaba,PR,Sul,2011.256
410960,Guaratuba,PR,Sul,1320.951
410965,Honório Serpa,PR,Sul,503.896
410970,Ibaiti,PR,Sul,902.797
410975,Ibema,PR,Sul,146.547
410980,Ibiporã,PR,Sul,298.998
410990,Icaraíma,PR,Sul,675.24
411000,Iguaraçu,PR,Sul,164.54
411005,Iguatu,PR,Sul,106.937
411007,Imbaú,PR,Sul,331.94
411010,Imbituva,PR,Sul,758.099
411020,Inácio Martins,PR,Sul,938.126
411030,Inajá,PR,Sul,194.704
411040,Indianópolis,PR,Sul,122.392
411050,Ipiranga,PR,Sul,902.385
411060,Iporã,PR,Sul,648.624
411065,Iracema do Oeste,PR,Sul,81.538
411070,Irati,PR,Sul,1000.188
411080,Iretama,PR,Sul,570.716
411090,Itaguajé,PR,Sul,195.493
411095,Itaipulândia,PR,Sul,328.207
411100,Itambaracá,PR,Sul,207.342
411110,Itambé,PR,Sul,244.495
411120,Itapejara d'Oeste,PR,Sul,251.364
411125,Itaperuçu,PR,Sul,322.553
411130,Itaúna do Sul,PR,Sul,127.002
411140,Ivaí,PR,Sul,600.209
411150,Ivaiporã,PR,Sul,436.378
411155,Ivaté,PR,Sul,410.221
411160,Ivatuba,PR,Sul,96.427
411170,Jaboti,PR,Sul,139.217
411180,Jacarezinho,PR,Sul,603.383
411190,Jaguapitã,PR,Sul,475.004
411200,Jaguariaíva,PR,Sul,1443.264
411210,Jandaia do Sul,PR,Sul,188.103
411220,Janiópolis,PR,Sul,337.91
411230,Japira,PR,Sul,189.291
411240,Japurá,PR,Sul,165.185
411250,Jardim Alegre,PR,Sul,425.371
411260,Jardim Olinda,PR,Sul,128.515
411270,Jataizinho,PR,Sul,161.132
411275,Jesuítas,PR,Sul,246.606
411280,Joaquim Távora,PR,Sul,288.922
411290,Jundiaí do Sul,PR,Sul,316.748
411295,Juranda,PR,Sul,354.522
411300,Jussara,PR,Sul,207.013
411310,Kaloré,PR,Sul,194.081
411320,Lapa,PR,Sul,2100.392
411325,Laranjal,PR,Sul,559.439
411330,Laranjeiras do Sul,PR,Sul,677.933
411340,Leópolis,PR,Sul,344.918
411342,Lidianópolis,PR,Sul,151.779
411345,Lindoeste,PR,Sul,344.691
411350,Loanda,PR,Sul,722.091
411360,Lobato,PR,Sul,240.904
411370,Londrina,PR,Sul,1647.796
411373,Luiziana,PR,Sul,915.604
411375,Lunardelli,PR,Sul,191.062
411380,Lupionópolis,PR,Sul,121.661
411390,Mallet,PR,Sul,758.509
411400,Mamborê,PR,Sul,787.33
411410,Mandaguaçu,PR,Sul,293.792
411420,Mandaguari,PR,Sul,335.912
411430,Mandirituba,PR,Sul,378.818
411435,Manfrinópolis,PR,Sul,214.758
411440,Mangueirinha,PR,Sul,1058.357
411450,Manoel Ribas,PR,Sul,571.451
411460,Marechal Cândido Rondon,PR,Sul,743.593
411470,Maria Helena,PR,Sul,486.539
411480,Marialva,PR,Sul,474.954
411490,Marilândia do Sul,PR,Sul,384.42
411500,Marilena,PR,Sul,231.349
411510,Mariluz,PR,Sul,430.432
411520,Maringá,PR,Sul,487.912
411530,Mariópolis,PR,Sul,229.894
411535,Maripá,PR,Sul,283.794
411540,Marmeleiro,PR,Sul,388.538
411545,Marquinho,PR,Sul,518.147
411550,Marumbi,PR,Sul,207.687
411560,Matelândia,PR,Sul,642.123
411570,Matinhos,PR,Sul,117.479
411573,Mato Rico,PR,Sul,402.533
411575,Mauá da Serra,PR,Sul,107.535
411580,Medianeira,PR,Sul,326.67
411585,Mercedes,PR,Sul,197.136
411590,Mirador,PR,Sul,222.016
411600,Miraselva,PR,Sul,90.572
411605,Missal,PR,Sul,326.214
411610,Moreira Sales,PR,Sul,356.711
411620,Morretes,PR,Sul,686.489
411630,Munhoz de Melo,PR,Sul,137.03
411640,Nossa Senhora das Graças,PR,Sul,186.259
411650,Nova Aliança do Ivaí,PR,Sul,130.614
411660,Nova América da Colina,PR,Sul,129.476
411670,Nova Aurora,PR,Sul,471.176
411680,Nova Cantu,PR,Sul,552.873
411690,Nova Esperança,PR,Sul,402.051
411695,Nova Esperança do Sudoeste,PR,Sul,207.849
411700,Nova Fátima,PR,Sul,283.423
411705,Nova Laranjeiras,PR,Sul,1201.246
411710,Nova Londrina,PR,Sul,272.27
411720,Nova Olímpia,PR,Sul,136.347
411721,Nova Santa Bárbara,PR,Sul,80.783
411722,Nova Santa Rosa,PR,Sul,204.665
411725,Nova Prata do Iguaçu,PR,Sul,352.055
411727,Nova Tebas,PR,Sul,545.662
411729,Novo Itacolomi,PR,Sul,159.639
411730,Ortigueira,PR,Sul,2431.67
411740,Ourizona,PR,Sul,176.457
411745,Ouro Verde do Oeste,PR,Sul,293.042
411750,Paiçandu,PR,Sul,170.824
411760,Palmas,PR,Sul,1561.474
411770,Palmeira,PR,Sul,1473.233
411780,Palmital,PR,Sul,821.733
411790,Palotina,PR,Sul,651.237
411800,Paraíso do Norte,PR,Sul,205.222
411810,Paranacity,PR,Sul,348.152
411820,Paranaguá,PR,Sul,821.427
411830,Paranapoema,PR,Sul,175.875
411840,Paranavaí,PR,Sul,1197.394
411845,Pato Bragado,PR,Sul,136.483
411850,Pato Branco,PR,Sul,539.154
411860,Paula Freitas,PR,Sul,417.829
411870,Paulo Frontin,PR,Sul,363.169
411880,Peabiru,PR,Sul,467.542
411885,Perobal,PR,Sul,409.062
411890,Pérola,PR,Sul,236.07
411900,Pérola d'Oeste,PR,Sul,204.331
411910,Piên,PR,Sul,256.501
411915,Pinhais,PR,Sul,61.008
411920,Pinhalão,PR,Sul,220.049
411925,Pinhal de São Bento,PR,Sul,98.062
411930,Pinhão,PR,Sul,2003.799
411940,Piraí do Sul,PR,Sul,1349.154
411950,Piraquara,PR,Sul,225.065
411960,Pitanga,PR,Sul,1687.454
411965,Pitangueiras,PR,Sul,123.081
411970,Planaltina do Paraná,PR,Sul,356.276
411980,Planalto,PR,Sul,347.974
411990,Ponta Grossa,PR,Sul,2044.902
411995,Pontal do Paraná,PR,Sul,202.242
412000,Porecatu,PR,Sul,291.663
412010,Porto Amazonas,PR,Sul,186.581
412015,Porto Barreiro,PR,Sul,363.547
412020,Porto Rico,PR,Sul,219.242
412030,Porto Vitória,PR,Sul,210.236
412033,Prado Ferreira,PR,Sul,152.876
412035,Pranchita,PR,Sul,226.089
412040,Presidente Castelo Branco,PR,Sul,155.631
412050,Primeiro de Maio,PR,Sul,410.378
412060,Prudentópolis,PR,Sul,2257.861
412065,Quarto Centenário,PR,Sul,320.779
412070,Quatiguá,PR,Sul,112.567
412080,Quatro Barras,PR,Sul,181.565
412085,Quatro Pontes,PR,Sul,115.665
412090,Quedas do Iguaçu,PR,Sul,822.345
412100,Querência do Norte,PR,Sul,911.72
412110,Quinta do Sol,PR,Sul,326.137
412120,Quitandinha,PR,Sul,446.597
412125,Ramilândia,PR,Sul,235.418
412130,Rancho Alegre,PR,Sul,167.646
412135,Rancho Alegre D'Oeste,PR,Sul,241.185
412140,Realeza,PR,Sul,353.922
412150,Rebouças,PR,Sul,485.184
412160,Renascença,PR,Sul,425.947
412170,Reserva,PR,Sul,1646.103
412175,Reserva do Iguaçu,PR,Sul,833.085
412180,Ribeirão Claro,PR,Sul,625.874
412190,Ribeirão do Pinhal,PR,Sul,374.754
412200,Rio Azul,PR,Sul,596.17
412210,Rio Bom,PR,Sul,177.836
412215,Rio Bonito do Iguaçu,PR,Sul,684.695
412217,Rio Branco do Ivaí,PR,Sul,378.04
412220,Rio Branco do Sul,PR,Sul,820.071
412230,Rio Negro,PR,Sul,604.477
412240,Rolândia,PR,Sul,456.228
412250,Roncador,PR,Sul,741.709
412260,Rondon,PR,Sul,557.257
412265,Rosário do Ivaí,PR,Sul,377.625
412270,Sabáudia,PR,Sul,191.252
412280,Salgado Filho,PR,Sul,182.616
412290,Salto do Itararé,PR,Sul,200.897
412300,Salto do Lontra,PR,Sul,311.974
412310,Santa Amélia,PR,Sul,77.849
412320,Santa Cecília do Pavão,PR,Sul,105.076
412330,Santa Cruz de Monte Castelo,PR,Sul,444.966
412340,Santa Fé,PR,Sul,276.262
412350,Santa Helena,PR,Sul,753.997
412360,Santa Inês,PR,Sul,156.422
412370,Santa Isabel do Ivaí,PR,Sul,349.425
412380,Santa Izabel do Oeste,PR,Sul,321.003
412382,Santa Lúcia,PR,Sul,126.813
412385,Santa Maria do Oeste,PR,Sul,815.151
412390,Santa Mariana,PR,Sul,425.703
412395,Santa Mônica,PR,Sul,260.488
412400,Santana do Itararé,PR,Sul,251.831
412402,Santa Tereza do Oeste,PR,Sul,327.737
412405,Santa Terezinha de Itaipu,PR,Sul,270.949
412410,Santo Antônio da Platina,PR,Sul,720.385
412420,Santo Antônio do Caiuá,PR,Sul,221.391
412430,Santo Antônio do Paraíso,PR,Sul,162.647
412440,Santo Antônio do Sudoeste,PR,Sul,327.008
412450,Santo Inácio,PR,Sul,278.541
412460,São Carlos do Ivaí,PR,Sul,225.079
412470,São Jerônimo da Serra,PR,Sul,824.268
412480,São João,PR,Sul,387.15
412490,São João do Caiuá,PR,Sul,305.388
412500,São João do Ivaí,PR,Sul,351.885
412510,São João do Triunfo,PR,Sul,718.68
412520,São Jorge d'Oeste,PR,Sul,379.442
412530,São Jorge do Ivaí,PR,Sul,315.088
412535,São Jorge do Patrocínio,PR,Sul,404.018
412540,São José da Boa Vista,PR,Sul,399.886
412545,São José das Palmeiras,PR,Sul,182.627
412550,São José dos Pinhais,PR,Sul,945.509
412555,São Manoel do Paraná,PR,Sul,95.381
412560,São Mateus do Sul,PR,Sul,1344.742
412570,São Miguel do Iguaçu,PR,Sul,852.133
412575,São Pedro do Iguaçu,PR,Sul,309.1
412580,São Pedro do Ivaí,PR,Sul,323.213
412590,São Pedro do Paraná,PR,Sul,248.865
412600,São Sebastião da Amoreira,PR,Sul,226.872
412610,São Tomé,PR,Sul,218.623
412620,Sapopema,PR,Sul,677.588
412625,Sarandi,PR,Sul,103.942
412627,Saudade do Iguaçu,PR,Sul,152.084
412630,Sengés,PR,Sul,1438.17
412635,Serranópolis do Iguaçu,PR,Sul,482.987
412640,Sertaneja,PR,Sul,444.492
412650,Sertanópolis,PR,Sul,505.489
412660,Siqueira Campos,PR,Sul,277.112
412665,Sulina,PR,Sul,170.759
412667,Tamarana,PR,Sul,473.283
412670,Tamboara,PR,Sul,193.316
412680,Tapejara,PR,Sul,590.927
412690,Tapira,PR,Sul,434.371
412700,Teixeira Soares,PR,Sul,902.334
412710,Telêmaco Borba,PR,Sul,1379.02
412720,Terra Boa,PR,Sul,323.63
412730,Terra Rica,PR,Sul,698.25
412740,Terra Roxa,PR,Sul,801.135
412750,Tibagi,PR,Sul,2996.47
412760,Tijucas do Sul,PR,Sul,672.599
412770,Toledo,PR,Sul,1197.223
412780,Tomazina,PR,Sul,591.939
412785,Três Barras do Paraná,PR,Sul,506.963
412788,Tunas do Paraná,PR,Sul,670.899
412790,Tuneiras do Oeste,PR,Sul,705.229
412795,Tupãssi,PR,Sul,299.093
412796,Turvo,PR,Sul,936.038
412800,Ubiratã,PR,Sul,653.097
412810,Umuarama,PR,Sul,1233.997
412820,União da Vitória,PR,Sul,727.443
412830,Uniflor,PR,Sul,95.731
412840,Uraí,PR,Sul,235.855
412850,Wenceslau Braz,PR,Sul,397.685
412853,Ventania,PR,Sul,819.334
412855,Vera Cruz do Oeste,PR,Sul,330.602
412860,Verê,PR,Sul,312.744
412862,Alto Paraíso,PR,Sul,967.763
412863,Doutor Ulysses,PR,Sul,779.628
412865,Virmond,PR,Sul,248.583
412870,Vitorino,PR,Sul,308.08
412880,Xambrê,PR,Sul,360.044
420005,Abdon Batista,SC,Sul,237.517
420010,Abelardo Luz,SC,Sul,953.991
420020,Agrolândia,SC,Sul,206.815
420030,Agronômica,SC,Sul,129.774
420040,Água Doce,SC,Sul,1327.921
420050,Águas de Chapecó,SC,Sul,139.511
420055,Águas Frias,SC,Sul,76.631
420060,Águas Mornas,SC,Sul,326.66
420070,Alfredo Wagner,SC,Sul,733.489
420075,Alto Bela Vista,SC,Sul,103.433
420080,Anchieta,SC,Sul,232.348
420090,Angelina,SC,Sul,499.998
420100,Anita Garibaldi,SC,Sul,589.812
420110,Anitápolis,SC,Sul,540.636
420120,Antônio Carlos,SC,Sul,234.422
420125,Apiúna,SC,Sul,493.49
420127,Arabutã,SC,Sul,132.585
420130,Araquari,SC,Sul,386.693
420140,Araranguá,SC,Sul,302.003
420150,Armazém,SC,Sul,173.958
420160,Arroio Trinta,SC,Sul,93.53
420165,Arvoredo,SC,Sul,90.503
420170,Ascurra,SC,Sul,112.884
420180,Atalanta,SC,Sul,94.383
420190,Aurora,SC,Sul,207.045
420195,Balneário Arroio do Silva,SC,Sul,94.662
420200,Balneário Camboriú,SC,Sul,45.214
420205,Balneário Barra do Sul,SC,Sul,108.914
420207,Balneário Gaivota,SC,Sul,146.486
420208,Bandeirante,SC,Sul,148.074
420209,Barra Bonita,SC,Sul,92.934
420210,Barra Velha,SC,Sul,138.947
420213,Bela Vista do Toldo,SC,Sul,535.682
420215,Belmonte,SC,Sul,93.852
420220,Benedito Novo,SC,Sul,388.291
420230,Biguaçu,SC,Sul,365.755
420240,Blumenau,SC,Sul,518.635
420243,Bocaina do Sul,SC,Sul,510.673
420245,Bombinhas,SC,Sul,35.143
420250,Bom Jardim da Serra,SC,Sul,938.524
420253,Bom Jesus,SC,Sul,63.883
420257,Bom Jesus do Oeste,SC,Sul,67.777
420260,Bom Retiro,SC,Sul,1057.034
420270,Botuverá,SC,Sul,296.256
420280,Braço do Norte,SC,Sul,212.045
420285,Braço do Trombudo,SC,Sul,89.411
420287,Brunópolis,SC,Sul,336.439
420290,Brusque,SC,Sul,284.675
420300,Caçador,SC,Sul,983.424
420310,Caibi,SC,Sul,173.079
420315,Calmon,SC,Sul,636.208
420320,Camboriú,SC,Sul,210.568
420325,Capão Alto,SC,Sul,1331.962
420330,Campo Alegre,SC,Sul,500.174
420340,Campo Belo do Sul,SC,Sul,1025.638
420350,Campo Erê,SC,Sul,479.161
420360,Campos Novos,SC,Sul,1717.579
420370,Canelinha,SC,Sul,150.904
420380,Canoinhas,SC,Sul,1148.036
420390,Capinzal,SC,Sul,244.326
420395,Capivari de Baixo,SC,Sul,53.222
420400,Catanduvas,SC,Sul,199.166
420410,Caxambu do Sul,SC,Sul,140.873
420415,Celso Ramos,SC,Sul,208.391
420417,Cerro Negro,SC,Sul,418.544
420419,Chapadão do Lageado,SC,Sul,124.866
420420,Chapecó,SC,Sul,624.673
420425,Cocal do Sul,SC,Sul,70.965
420430,Concórdia,SC,Sul,799.195
420435,Cordilheira Alta,SC,Sul,85.276
420440,Coronel Freitas,SC,Sul,232.47
420445,Coronel Martins,SC,Sul,107.502
420450,Corupá,SC,Sul,405.761
420455,Correia Pinto,SC,Sul,647.388
420460,Criciúma,SC,Sul,234.794
420470,Cunha Porã,SC,Sul,220.099
420475,Cunhataí,SC,Sul,54.811
420480,Curitibanos,SC,Sul,949.994
420490,Descanso,SC,Sul,287.057
420500,Dionísio Cerqueira,SC,Sul,378.843
420510,Dona Emma,SC,Sul,178.157
420515,Doutor Pedrinho,SC,Sul,374.205
420517,Entre Rios,SC,Sul,103.838
420519,Ermo,SC,Sul,65.144
420520,Erval Velho,SC,Sul,208.841
420530,Faxinal dos Guedes,SC,Sul,340.07
420535,Flor do Sertão,SC,Sul,58.457
420540,Florianópolis,SC,Sul,674.844
420543,Formosa do Sul,SC,Sul,100.408
420545,Forquilhinha,SC,Sul,183.351
420550,Fraiburgo,SC,Sul,549.188
420555,Frei Rogério,SC,Sul,158.775
420560,Galvão,SC,Sul,139.836
420570,Garopaba,SC,Sul,114.773
420580,Garuva,SC,Sul,508.635
420590,Gaspar,SC,Sul,386.599
420600,Governador Celso Ramos,SC,Sul,127.556
420610,Grão-Pará,SC,Sul,334.362
420620,Gravatal,SC,Sul,165.718
420630,Guabiruba,SC,Sul,172.173
420640,Guaraciaba,SC,Sul,331.766
420650,Guaramirim,SC,Sul,267.514
420660,Guarujá do Sul,SC,Sul,100.63
420665,Guatambú,SC,Sul,206.196
420670,Herval d'Oeste,SC,Sul,216.581
420675,Ibiam,SC,Sul,146.009
420680,Ibicaré,SC,Sul,156.226
420690,Ibirama,SC,Sul,247.102
420700,Içara,SC,Sul,230.487
420710,Ilhota,SC,Sul,253.024
420720,Imaruí,SC,Sul,542.238
420730,Imbituba,SC,Sul,181.577
420740,Imbuia,SC,Sul,119.113
420750,Indaial,SC,Sul,430.799
420757,Iomerê,SC,Sul,113.986
420760,Ipira,SC,Sul,156.187
420765,Iporã do Oeste,SC,Sul,201.118
420768,Ipuaçu,SC,Sul,261.13
420770,Ipumirim,SC,Sul,246.115
420775,Iraceminha,SC,Sul,165.147
420780,Irani,SC,Sul,325.862
420785,Irati,SC,Sul,77.912
420790,Irineópolis,SC,Sul,589.698
420800,Itá,SC,Sul,166.265
420810,Itaiópolis,SC,Sul,1297.543
420820,Itajaí,SC,Sul,289.215
420830,Itapema,SC,Sul,58.21
420840,Itapiranga,SC,Sul,281.782
420845,Itapoá,SC,Sul,245.529
420850,Ituporanga,SC,Sul,336.588
420860,Jaborá,SC,Sul,182.483
420870,Jacinto Machado,SC,Sul,430.704
420880,Jaguaruna,SC,Sul,326.362
420890,Jaraguá do Sul,SC,Sul,530.825
420895,Jardinópolis,SC,Sul,68.499
420900,Joaçaba,SC,Sul,241.637
420910,Joinville,SC,Sul,1127.837
420915,José Boiteux,SC,Sul,405.552
420917,Jupiá,SC,Sul,91.448
420920,Lacerdópolis,SC,Sul,69.036
420930,Lages,SC,Sul,2637.66
420940,Laguna,SC,Sul,333.259
420945,Lajeado Grande,SC,Sul,65.348
420950,Laurentino,SC,Sul,79.333
420960,Lauro Müller,SC,Sul,271.852
420970,Lebon Régis,SC,Sul,941.641
420980,Leoberto Leal,SC,Sul,293.6
420985,Lindóia do Sul,SC,Sul,190.171
420990,Lontras,SC,Sul,197.586
421000,Luiz Alves,SC,Sul,260.106
421003,Luzerna,SC,Sul,117.099
421005,Macieira,SC,Sul,261.208
421010,Mafra,SC,Sul,1404.084
421020,Major Gercino,SC,Sul,306.058
421030,Major Vieira,SC,Sul,520.816
421040,Maracajá,SC,Sul,62.901
421050,Maravilha,SC,Sul,170.339
421055,Marema,SC,Sul,104.184
421060,Massaranduba,SC,Sul,374.452
421070,Matos Costa,SC,Sul,435.391
421080,Meleiro,SC,Sul,186.439
421085,Mirim Doce,SC,Sul,337.991
421090,Modelo,SC,Sul,92.346
421100,Mondaí,SC,Sul,200.275
421105,Monte Carlo,SC,Sul,191.278
421110,Monte Castelo,SC,Sul,560.743
421120,Morro da Fumaça,SC,Sul,82.878
421125,Morro Grande,SC,Sul,260.143
421130,Navegantes,SC,Sul,111.377
421140,Nova Erechim,SC,Sul,65.087
421145,Nova Itaberaba,SC,Sul,137.069
421150,Nova Trento,SC,Sul,402.852
421160,Nova Veneza,SC,Sul,295.063
421165,Novo Horizonte,SC,Sul,151.722
421170,Orleans,SC,Sul,549.859
421175,Otacílio Costa,SC,Sul,847.253
421180,Ouro,SC,Sul,213.543
421185,Ouro Verde,SC,Sul,188.568
421187,Paial,SC,Sul,86.049
421189,Painel,SC,Sul,738.331
421190,Palhoça,SC,Sul,394.85
421200,Palma Sola,SC,Sul,330.878
421205,Palmeira,SC,Sul,289.097
421210,Palmitos,SC,Sul,351.051
421220,Papanduva,SC,Sul,764.737
421223,Paraíso,SC,Sul,180.338
421225,Passo de Torres,SC,Sul,92.638
421227,Passos Maia,SC,Sul,617.092
421230,Paulo Lopes,SC,Sul,446.165
421240,Pedras Grandes,SC,Sul,159.892
421250,Penha,SC,Sul,57.997
421260,Peritiba,SC,Sul,95.632
421265,Pescaria Brava,SC,Sul,106.853
421270,Petrolândia,SC,Sul,306.76
421280,Balneário Piçarras,SC,Sul,99.11
421290,Pinhalzinho,SC,Sul,128.726
421300,Pinheiro Preto,SC,Sul,61.012
421310,Piratuba,SC,Sul,146.088
421315,Planalto Alegre,SC,Sul,63.1
421320,Pomerode,SC,Sul,214.299
421330,Ponte Alta,SC,Sul,575.17
421335,Ponte Alta do Norte,SC,Sul,396.882
421340,Ponte Serrada,SC,Sul,560.731
421350,Porto Belo,SC,Sul,93.674
421360,Porto União,SC,Sul,849.014
421370,Pouso Redondo,SC,Sul,356.539
421380,Praia Grande,SC,Sul,284.36
421390,Presidente Castello Branco,SC,Sul,65.433
421400,Presidente Getúlio,SC,Sul,297.16
421410,Presidente Nereu,SC,Sul,224.748
421415,Princesa,SC,Sul,85.598
421420,Quilombo,SC,Sul,278.983
421430,Rancho Queimado,SC,Sul,286.461
421440,Rio das Antas,SC,Sul,314.913
421450,Rio do Campo,SC,Sul,502.095
421460,Rio do Oeste,SC,Sul,245.057
421470,Rio dos Cedros,SC,Sul,555.473
421480,Rio do Sul,SC,Sul,260.817
421490,Rio Fortuna,SC,Sul,302.39
421500,Rio Negrinho,SC,Sul,907.42
421505,Rio Rufino,SC,Sul,282.571
421507,Riqueza,SC,Sul,191.061
421510,Rodeio,SC,Sul,129.001
421520,Romelândia,SC,Sul,223.333
421530,Salete,SC,Sul,177.887
421535,Saltinho,SC,Sul,156.568
421540,Salto Veloso,SC,Sul,104.974
421545,Sangão,SC,Sul,82.984
421550,Santa Cecília,SC,Sul,1145.716
421555,Santa Helena,SC,Sul,81.004
421560,Santa Rosa de Lima,SC,Sul,203.218
421565,Santa Rosa do Sul,SC,Sul,150.299
421567,Santa Terezinha,SC,Sul,715.551
421568,Santa Terezinha do Progresso,SC,Sul,119.653
421569,Santiago do Sul,SC,Sul,73.335
421570,Santo Amaro da Imperatriz,SC,Sul,344.236
421575,São Bernardino,SC,Sul,149.891
421580,São Bento do Sul,SC,Sul,495.001
421590,São Bonifácio,SC,Sul,461.438
421600,São Carlos,SC,Sul,162.12
421605,São Cristóvão do Sul,SC,Sul,345.902
421610,São Domingos,SC,Sul,367.525
421620,São Francisco do Sul,SC,Sul,493.266
421625,São João do Oeste,SC,Sul,163.589
421630,São João Batista,SC,Sul,200.765
421635,São João do Itaperiú,SC,Sul,151.885
421640,São João do Sul,SC,Sul,184.375
421650,São Joaquim,SC,Sul,1888.627
421660,São José,SC,Sul,150.499
421670,São José do Cedro,SC,Sul,280.76
421680,São José do Cerrito,SC,Sul,948.714
421690,São Lourenço do Oeste,SC,Sul,356.193
421700,São Ludgero,SC,Sul,106.765
421710,São Martinho,SC,Sul,224.566
421715,São Miguel da Boa Vista,SC,Sul,72.755
421720,São Miguel do Oeste,SC,Sul,233.83
421725,São Pedro de Alcântara,SC,Sul,139.196
421730,Saudades,SC,Sul,205.78
421740,Schroeder,SC,Sul,165.237
421750,Seara,SC,Sul,309.627
421755,Serra Alta,SC,Sul,90.564
421760,Siderópolis,SC,Sul,262.002
421770,Sombrio,SC,Sul,143.428
421775,Sul Brasil,SC,Sul,113.125
421780,Taió,SC,Sul,693.847
421790,Tangará,SC,Sul,390.044
421795,Tigrinhos,SC,Sul,56.962
421800,Tijucas,SC,Sul,279.262
421810,Timbé do Sul,SC,Sul,328.507
421820,Timbó,SC,Sul,128.313
421825,Timbó Grande,SC,Sul,596.343
421830,Três Barras,SC,Sul,436.496
421835,Treviso,SC,Sul,156.61
421840,Treze de Maio,SC,Sul,159.833
421850,Treze Tílias,SC,Sul,176.922
421860,Trombudo Central,SC,Sul,109.648
421870,Tubarão,SC,Sul,301.485
421875,Tunápolis,SC,Sul,132.939
421880,Turvo,SC,Sul,235.104
421885,União do Oeste,SC,Sul,92.857
421890,Urubici,SC,Sul,1021.371
421895,Urupema,SC,Sul,350.472
421900,Urussanga,SC,Sul,254.954
421910,Vargeão,SC,Sul,166.685
421915,Vargem,SC,Sul,350.606
421917,Vargem Bonita,SC,Sul,299.807
421920,Vidal Ramos,SC,Sul,346.932
421930,Videira,SC,Sul,384.127
421935,Vitor Meireles,SC,Sul,370.414
421940,Witmarsum,SC,Sul,153.776
421950,Xanxerê,SC,Sul,377.426
421960,Xavantina,SC,Sul,218.032
421970,Xaxim,SC,Sul,293.628
421985,Zortéa,SC,Sul,190.028
422000,Balneário Rincão,SC,Sul,63.512
430000,"Área Operacional ""Lagoa Mirim""",RS,Sul,2884.34
430003,Aceguá,RS,Sul,1551.339
430005,Água Santa,RS,Sul,291.526
430010,Agudo,RS,Sul,534.624
430020,Ajuricaba,RS,Sul,322.674
430030,Alecrim,RS,Sul,316.394
430040,Alegrete,RS,Sul,7800.552
430045,Alegria,RS,Sul,172.686
430047,Almirante Tamandaré do Sul,RS,Sul,265.042
430050,Alpestre,RS,Sul,325.979
430055,Alto Alegre,RS,Sul,115.335
430057,Alto Feliz,RS,Sul,78.17
430060,Alvorada,RS,Sul,71.702
430063,Amaral Ferrador,RS,Sul,506.071
430064,Ametista do Sul,RS,Sul,93.605
430066,André da Rocha,RS,Sul,331.208
430070,Anta Gorda,RS,Sul,242.1
430080,Antônio Prado,RS,Sul,347.507
430085,Arambaré,RS,Sul,518.193
430087,Araricá,RS,Sul,35.195
430090,Aratiba,RS,Sul,342.279
430100,Arroio do Meio,RS,Sul,157.087
430105,Arroio do Sal,RS,Sul,119.161
430107,Arroio do Padre,RS,Sul,124.693
430110,Arroio dos Ratos,RS,Sul,425.791
430120,Arroio do Tigre,RS,Sul,315.132
430130,Arroio Grande,RS,Sul,2508.557
430140,Arvorezinha,RS,Sul,269.31
430150,Augusto Pestana,RS,Sul,348.219
430155,Áurea,RS,Sul,156.727
430160,Bagé,RS,Sul,4091.554
430163,Balneário Pinhal,RS,Sul,102.387
430165,Barão,RS,Sul,122.567
430170,Barão de Cotegipe,RS,Sul,260.505
430175,Barão do Triunfo,RS,Sul,436.101
430180,Barracão,RS,Sul,515.469
430185,Barra do Guarita,RS,Sul,62.801
430187,Barra do Quaraí,RS,Sul,1055.937
430190,Barra do Ribeiro,RS,Sul,729.316
430192,Barra do Rio Azul,RS,Sul,146.995
430195,Barra Funda,RS,Sul,60.437
430200,Barros Cassal,RS,Sul,647.994
430205,Benjamin Constant do Sul,RS,Sul,132.351
430210,Bento Gonçalves,RS,Sul,272.217
430215,Boa Vista das Missões,RS,Sul,196.064
430220,Boa Vista do Buricá,RS,Sul,109.498
430222,Boa Vista do Cadeado,RS,Sul,701.221
430223,Boa Vista do Incra,RS,Sul,504.114
430225,Boa Vista do Sul,RS,Sul,93.108
430230,Bom Jesus,RS,Sul,2622.847
430235,Bom Princípio,RS,Sul,90.023
430237,Bom Progresso,RS,Sul,89.206
430240,Bom Retiro do Sul,RS,Sul,102.54
430245,Boqueirão do Leão,RS,Sul,257.789
430250,Bossoroca,RS,Sul,1610.056
430258,Bozano,RS,Sul,200.497
430260,Braga,RS,Sul,132.044
430265,Brochier,RS,Sul,105.353
430270,Butiá,RS,Sul,752.187
430280,Caçapava do Sul,RS,Sul,3046.787
430290,Cacequi,RS,Sul,2373.513
430300,Cachoeira do Sul,RS,Sul,3736.064
430310,Cachoeirinha,RS,Sul,43.76
430320,Cacique Doble,RS,Sul,203.582
430330,Caibaté,RS,Sul,261.28
430340,Caiçara,RS,Sul,189.071
430350,Camaquã,RS,Sul,1678.991
430355,Camargo,RS,Sul,138.069
430360,Cambará do Sul,RS,Sul,1182.679
430367,Campestre da Serra,RS,Sul,538.436
430370,Campina das Missões,RS,Sul,224.792
430380,Campinas do Sul,RS,Sul,276.162
430390,Campo Bom,RS,Sul,60.562
430400,Campo Novo,RS,Sul,220.719
430410,Campos Borges,RS,Sul,226.202
430420,Candelária,RS,Sul,944.735
430430,Cândido Godói,RS,Sul,247.196
430435,Candiota,RS,Sul,933.628
430440,Canela,RS,Sul,253.05
430450,Canguçu,RS,Sul,3527.541
430460,Canoas,RS,Sul,130.774
430461,Canudos do Vale,RS,Sul,82.943
430462,Capão Bonito do Sul,RS,Sul,526.85
430463,Capão da Canoa,RS,Sul,98.383
430465,Capão do Cipó,RS,Sul,1007.796
430466,Capão do Leão,RS,Sul,783.197
430467,Capivari do Sul,RS,Sul,412.889
430468,Capela de Santana,RS,Sul,182.672
430469,Capitão,RS,Sul,73.967
430470,Carazinho,RS,Sul,666.694
430471,Caraá,RS,Sul,294.606
430480,Carlos Barbosa,RS,Sul,230.061
430485,Carlos Gomes,RS,Sul,83.196
430490,Casca,RS,Sul,272.041
430495,Caseiros,RS,Sul,235.649
430500,Catuípe,RS,Sul,583.18
430510,Caxias do Sul,RS,Sul,1651.336
430511,Centenário,RS,Sul,134.78
430512,Cerrito,RS,Sul,451.699
430513,Cerro Branco,RS,Sul,158.025
430515,Cerro Grande,RS,Sul,73.438
430517,Cerro Grande do Sul,RS,Sul,324.908
430520,Cerro Largo,RS,Sul,176.742
430530,Chapada,RS,Sul,684.247
430535,Charqueadas,RS,Sul,217.362
430537,Charrua,RS,Sul,198.748
430540,Chiapetta,RS,Sul,397.179
430543,Chuí,RS,Sul,202.387
430544,Chuvisca,RS,Sul,220.471
430545,Cidreira,RS,Sul,243.419
430550,Ciríaco,RS,Sul,274.35
430558,Colinas,RS,Sul,60.732
430560,Colorado,RS,Sul,286.295
430570,Condor,RS,Sul,463.568
430580,Constantina,RS,Sul,203.614
430583,Coqueiro Baixo,RS,Sul,112.638
430585,Coqueiros do Sul,RS,Sul,277.147
430587,Coronel Barros,RS,Sul,163.716
430590,Coronel Bicaco,RS,Sul,492.303
430593,Coronel Pilar,RS,Sul,105.668
430595,Cotiporã,RS,Sul,173.262
430597,Coxilha,RS,Sul,422.101
430600,Crissiumal,RS,Sul,362.032
430605,Cristal,RS,Sul,679.743
430607,Cristal do Sul,RS,Sul,97.073
430610,Cruz Alta,RS,Sul,1360.548
430613,Cruzaltense,RS,Sul,166.883
430620,Cruzeiro do Sul,RS,Sul,155.482
430630,David Canabarro,RS,Sul,174.172
430632,Derrubadas,RS,Sul,360.851
430635,Dezesseis de Novembro,RS,Sul,216.341
430637,Dilermando de Aguiar,RS,Sul,600.518
430640,Dois Irmãos,RS,Sul,67.509
430642,Dois Irmãos das Missões,RS,Sul,226.072
430645,Dois Lajeados,RS,Sul,133.535
430650,Dom Feliciano,RS,Sul,1355.195
430655,Dom Pedro de Alcântara,RS,Sul,78.216
430660,Dom Pedrito,RS,Sul,5194.051
430670,Dona Francisca,RS,Sul,114.149
430673,Doutor Maurício Cardoso,RS,Sul,255.799
430675,Doutor Ricardo,RS,Sul,107.96
430676,Eldorado do Sul,RS,Sul,509.632
430680,Encantado,RS,Sul,140.006
430690,Encruzilhada do Sul,RS,Sul,3345.675
430692,Engenho Velho,RS,Sul,71.191
430693,Entre-Ijuís,RS,Sul,553.915
430695,Entre Rios do Sul,RS,Sul,119.912
430697,Erebango,RS,Sul,152.793
430700,Erechim,RS,Sul,429.164
430705,Ernestina,RS,Sul,238.558
430710,Herval,RS,Sul,1759.717
430720,Erval Grande,RS,Sul,285.677
430730,Erval Seco,RS,Sul,357.181
430740,Esmeralda,RS,Sul,829.587
430745,Esperança do Sul,RS,Sul,148.909
430750,Espumoso,RS,Sul,783.642
430755,Estação,RS,Sul,99.757
430760,Estância Velha,RS,Sul,51.779
430770,Esteio,RS,Sul,27.676
430780,Estrela,RS,Sul,185.032
430781,Estrela Velha,RS,Sul,281.613
430783,Eugênio de Castro,RS,Sul,417.821
430786,Fagundes Varela,RS,Sul,134.476
430790,Farroupilha,RS,Sul,361.338
430800,Faxinal do Soturno,RS,Sul,169.514
430805,Faxinalzinho,RS,Sul,143.321
430807,Fazenda Vilanova,RS,Sul,84.794
430810,Feliz,RS,Sul,94.96
430820,Flores da Cunha,RS,Sul,276.255
430825,Floriano Peixoto,RS,Sul,168.521
430830,Fontoura Xavier,RS,Sul,583.239
430840,Formigueiro,RS,Sul,578.875
430843,Forquetinha,RS,Sul,93.278
430845,Fortaleza dos Valos,RS,Sul,650.512
430850,Frederico Westphalen,RS,Sul,264.876
430860,Garibaldi,RS,Sul,168.492
430865,Garruchos,RS,Sul,803.97
430870,Gaurama,RS,Sul,204.428
430880,General Câmara,RS,Sul,510.01
430885,Gentil,RS,Sul,184.715
430890,Getúlio Vargas,RS,Sul,287.466
430900,Giruá,RS,Sul,855.56
430905,Glorinha,RS,Sul,323.955
430910,Gramado,RS,Sul,239.433
430912,Gramado dos Loureiros,RS,Sul,131.396
430915,Gramado Xavier,RS,Sul,216.79
430920,Gravataí,RS,Sul,468.288
430925,Guabiju,RS,Sul,146.925
430930,Guaíba,RS,Sul,377.664
430940,Guaporé,RS,Sul,297.743
430950,Guarani das Missões,RS,Sul,289.515
430955,Harmonia,RS,Sul,48.547
430957,Herveiras,RS,Sul,117.981
430960,Horizontina,RS,Sul,229.798
430965,Hulha Negra,RS,Sul,822.608
430970,Humaitá,RS,Sul,135.01
430975,Ibarama,RS,Sul,195.426
430980,Ibiaçá,RS,Sul,348.778
430990,Ibiraiaras,RS,Sul,280.816
430995,Ibirapuitã,RS,Sul,307.164
431000,Ibirubá,RS,Sul,607.185
431010,Igrejinha,RS,Sul,138.116
431020,Ijuí,RS,Sul,688.982
431030,Ilópolis,RS,Sul,123.602
431033,Imbé,RS,Sul,39.766
431036,Imigrante,RS,Sul,71.718
431040,Independência,RS,Sul,358.397
431041,Inhacorá,RS,Sul,113.703
431043,Ipê,RS,Sul,599.032
431046,Ipiranga do Sul,RS,Sul,158.71
431050,Iraí,RS,Sul,181.85
431053,Itaara,RS,Sul,172.801
431055,Itacurubi,RS,Sul,1120.249
431057,Itapuca,RS,Sul,184.673
431060,Itaqui,RS,Sul,3405.999
431065,Itati,RS,Sul,205.06
431070,Itatiba do Sul,RS,Sul,212.669
431075,Ivorá,RS,Sul,122.93
431080,Ivoti,RS,Sul,63.092
431085,Jaboticaba,RS,Sul,127.589
431087,Jacuizinho,RS,Sul,339.399
431090,Jacutinga,RS,Sul,178.009
431100,Jaguarão,RS,Sul,2051.845
431110,Jaguari,RS,Sul,675.108
431112,Jaquirana,RS,Sul,908.842
431113,Jari,RS,Sul,853.08
431115,Jóia,RS,Sul,1238.709
431120,Júlio de Castilhos,RS,Sul,1929.544
431123,Lagoa Bonita do Sul,RS,Sul,109.758
431125,Lagoão,RS,Sul,387.453
431127,Lagoa dos Três Cantos,RS,Sul,138.602
431130,Lagoa Vermelha,RS,Sul,1272.725
431140,Lajeado,RS,Sul,90.801
431142,Lajeado do Bugre,RS,Sul,67.947
431150,Lavras do Sul,RS,Sul,2600.991
431160,Liberato Salzano,RS,Sul,245.627
431162,Lindolfo Collor,RS,Sul,33.348
431164,Linha Nova,RS,Sul,63.46
431170,Machadinho,RS,Sul,335.344
431171,Maçambará,RS,Sul,1682.676
431173,Mampituba,RS,Sul,156.653
431175,Manoel Viana,RS,Sul,1365.086
431177,Maquiné,RS,Sul,613.58
431179,Maratá,RS,Sul,82.063
431180,Marau,RS,Sul,649.77
431190,Marcelino Ramos,RS,Sul,229.551
431198,Mariana Pimentel,RS,Sul,338.45
431200,Mariano Moro,RS,Sul,98.727
431205,Marques de Souza,RS,Sul,125.714
431210,Mata,RS,Sul,316.121
431213,Mato Castelhano,RS,Sul,238.268
431215,Mato Leitão,RS,Sul,46.799
431217,Mato Queimado,RS,Sul,114.653
431220,Maximiliano de Almeida,RS,Sul,208.955
431225,Minas do Leão,RS,Sul,424.339
431230,Miraguaí,RS,Sul,131.236
431235,Montauri,RS,Sul,82.23
431237,Monte Alegre dos Campos,RS,Sul,549.031
431238,Monte Belo do Sul,RS,Sul,69.763
431240,Montenegro,RS,Sul,425.159
431242,Mormaço,RS,Sul,146.191
431244,Morrinhos do Sul,RS,Sul,166.224
431245,Morro Redondo,RS,Sul,244.644
431247,Morro Reuter,RS,Sul,87.032
431250,Mostardas,RS,Sul,1977.442
431260,Muçum,RS,Sul,111.247
431261,Muitos Capões,RS,Sul,1193.23
431262,Muliterno,RS,Sul,110.969
431265,Não-Me-Toque,RS,Sul,361.689
431267,Nicolau Vergueiro,RS,Sul,154.995
431270,Nonoai,RS,Sul,468.962
431275,Nova Alvorada,RS,Sul,148.861
431280,Nova Araçá,RS,Sul,74.623
431290,Nova Bassano,RS,Sul,211.727
431295,Nova Boa Vista,RS,Sul,93.733
431300,Nova Bréscia,RS,Sul,102.994
431301,Nova Candelária,RS,Sul,97.5
431303,Nova Esperança do Sul,RS,Sul,191.772
431306,Nova Hartz,RS,Sul,62.088
431308,Nova Pádua,RS,Sul,102.648
431310,Nova Palma,RS,Sul,314.613
431320,Nova Petrópolis,RS,Sul,291.538
431330,Nova Prata,RS,Sul,259.237
431333,Nova Ramada,RS,Sul,255.264
431335,Nova Roma do Sul,RS,Sul,149.753
431337,Nova Santa Rita,RS,Sul,217.636
431339,Novo Cabrais,RS,Sul,192.998
431340,Novo Hamburgo,RS,Sul,222.548
431342,Novo Machado,RS,Sul,218.836
431344,Novo Tiradentes,RS,Sul,75.428
431346,Novo Xingu,RS,Sul,79.851
431349,Novo Barreiro,RS,Sul,123.344
431350,Osório,RS,Sul,663.878
431360,Paim Filho,RS,Sul,181.998
431365,Palmares do Sul,RS,Sul,949.201
431370,Palmeira das Missões,RS,Sul,1421.101
431380,Palmitinho,RS,Sul,144.181
431390,Panambi,RS,Sul,491.57
431395,Pantano Grande,RS,Sul,841.225
431400,Paraí,RS,Sul,121.745
431402,Paraíso do Sul,RS,Sul,337.534
431403,Pareci Novo,RS,Sul,57.5
431405,Parobé,RS,Sul,108.56
431406,Passa Sete,RS,Sul,304.299
431407,Passo do Sobrado,RS,Sul,265.133
431410,Passo Fundo,RS,Sul,784.406
431413,Paulo Bento,RS,Sul,149.669
431415,Paverama,RS,Sul,171.863
431417,Pedras Altas,RS,Sul,1373.985
431420,Pedro Osório,RS,Sul,603.757
431430,Pejuçara,RS,Sul,414.106
431440,Pelotas,RS,Sul,1608.78
431442,Picada Café,RS,Sul,84.322
431445,Pinhal,RS,Sul,68.222
431446,Pinhal da Serra,RS,Sul,438.11
431447,Pinhal Grande,RS,Sul,478.11
431449,Pinheirinho do Vale,RS,Sul,105.385
431450,Pinheiro Machado,RS,Sul,2249.324
431454,Pinto Bandeira,RS,Sul,104.802
431455,Pirapó,RS,Sul,281.794
431460,Piratini,RS,Sul,3539.343
431470,Planalto,RS,Sul,228.552
431475,Poço das Antas,RS,Sul,67.618
431477,Pontão,RS,Sul,502.709
431478,Ponte Preta,RS,Sul,99.504
431480,Portão,RS,Sul,159.307
431490,Porto Alegre,RS,Sul,495.977
431500,Porto Lucena,RS,Sul,250.809
431505,Porto Mauá,RS,Sul,105.811
431507,Porto Vera Cruz,RS,Sul,114.349
431510,Porto Xavier,RS,Sul,281.497
431513,Pouso Novo,RS,Sul,105.338
431514,Presidente Lucena,RS,Sul,49.625
431515,Progresso,RS,Sul,256.039
431517,Protásio Alves,RS,Sul,171.994
431520,Putinga,RS,Sul,216.159
431530,Quaraí,RS,Sul,3139.995
431531,Quatro Irmãos,RS,Sul,268.971
431532,Quevedos,RS,Sul,543.359
431535,Quinze de Novembro,RS,Sul,223.072
431540,Redentora,RS,Sul,303.705
431545,Relvado,RS,Sul,108.188
431550,Restinga Sêca,RS,Sul,968.62
431555,Rio dos Índios,RS,Sul,235.854
431560,Rio Grande,RS,Sul,2682.85
431570,Rio Pardo,RS,Sul,2051.112
431575,Riozinho,RS,Sul,239.09
431580,Roca Sales,RS,Sul,208.108
431590,Rodeio Bonito,RS,Sul,83.278
431595,Rolador,RS,Sul,295.201
431600,Rolante,RS,Sul,296.09
431610,Ronda Alta,RS,Sul,418.675
431620,Rondinha,RS,Sul,252.454
431630,Roque Gonzales,RS,Sul,349.084
431640,Rosário do Sul,RS,Sul,4343.651
431642,Sagrada Família,RS,Sul,77.889
431643,Saldanha Marinho,RS,Sul,221.554
431645,Salto do Jacuí,RS,Sul,507.698
431647,Salvador das Missões,RS,Sul,95.952
431650,Salvador do Sul,RS,Sul,99.026
431660,Sananduva,RS,Sul,504.499
431670,Santa Bárbara do Sul,RS,Sul,975.799
431673,Santa Cecília do Sul,RS,Sul,200.056
431675,Santa Clara do Sul,RS,Sul,86.491
431680,Santa Cruz do Sul,RS,Sul,734.516
431690,Santa Maria,RS,Sul,1780.194
431695,Santa Maria do Herval,RS,Sul,140.442
431697,Santa Margarida do Sul,RS,Sul,955.299
431700,Santana da Boa Vista,RS,Sul,1418.758
431710,Sant'Ana do Livramento,RS,Sul,6946.407
431720,Santa Rosa,RS,Sul,489.303
431725,Santa Tereza,RS,Sul,73.677
431730,Santa Vitória do Palmar,RS,Sul,5206.977
431740,Santiago,RS,Sul,2413.419
431750,Santo Ângelo,RS,Sul,678.501
431755,Santo Antônio do Palma,RS,Sul,126.094
431760,Santo Antônio da Patrulha,RS,Sul,1049.583
431770,Santo Antônio das Missões,RS,Sul,1710.466
431775,Santo Antônio do Planalto,RS,Sul,203.44
431780,Santo Augusto,RS,Sul,467.775
431790,Santo Cristo,RS,Sul,367.069
431795,Santo Expedito do Sul,RS,Sul,125.334
431800,São Borja,RS,Sul,3616.674
431805,São Domingos do Sul,RS,Sul,78.67
431810,São Francisco de Assis,RS,Sul,2534.789
431820,São Francisco de Paula,RS,Sul,3317.825
431830,São Gabriel,RS,Sul,5053.459
431840,São Jerônimo,RS,Sul,935.595
431842,São João da Urtiga,RS,Sul,171.504
431843,São João do Polêsine,RS,Sul,78.32
431844,São Jorge,RS,Sul,125.731
431845,São José das Missões,RS,Sul,98.125
431846,São José do Herval,RS,Sul,102.912
431848,São José do Hortêncio,RS,Sul,63.705
431849,São José do Inhacorá,RS,Sul,77.743
431850,São José do Norte,RS,Sul,1072.338
431860,São José do Ouro,RS,Sul,335.215
431861,São José do Sul,RS,Sul,54.764
431862,São José dos Ausentes,RS,Sul,1173.047
431870,São Leopoldo,RS,Sul,103.009
431880,São Lourenço do Sul,RS,Sul,2039.434
431890,São Luiz Gonzaga,RS,Sul,1296.773
431900,São Marcos,RS,Sul,256.225
431910,São Martinho,RS,Sul,171.245
431912,São Martinho da Serra,RS,Sul,669.547
431915,São Miguel das Missões,RS,Sul,1228.91
431920,São Nicolau,RS,Sul,497.446
431930,São Paulo das Missões,RS,Sul,222.504
431935,São Pedro da Serra,RS,Sul,37.631
431936,São Pedro das Missões,RS,Sul,79.894
431937,São Pedro do Butiá,RS,Sul,107.394
431940,São Pedro do Sul,RS,Sul,873.394
431950,São Sebastião do Caí,RS,Sul,113.067
431960,São Sepé,RS,Sul,2204.779
431970,São Valentim,RS,Sul,154.45
431971,São Valentim do Sul,RS,Sul,91.899
431973,São Valério do Sul,RS,Sul,107.402
431975,São Vendelino,RS,Sul,31.899
431980,São Vicente do Sul,RS,Sul,1174.225
431990,Sapiranga,RS,Sul,137.759
432000,Sapucaia do Sul,RS,Sul,58.247
432010,Sarandi,RS,Sul,351.718
432020,Seberi,RS,Sul,301.032
432023,Sede Nova,RS,Sul,119.312
432026,Segredo,RS,Sul,245.17
432030,Selbach,RS,Sul,176.47
432032,Senador Salgado Filho,RS,Sul,147.086
432035,Sentinela do Sul,RS,Sul,282.13
432040,Serafina Corrêa,RS,Sul,163.503
432045,Sério,RS,Sul,105.428
432050,Sertão,RS,Sul,440.631
432055,Sertão Santana,RS,Sul,252.013
432057,Sete de Setembro,RS,Sul,131.66
432060,Severiano de Almeida,RS,Sul,167.598
432065,Silveira Martins,RS,Sul,119.285
432067,Sinimbu,RS,Sul,509.778
432070,Sobradinho,RS,Sul,128.823
432080,Soledade,RS,Sul,1215.056
432085,Tabaí,RS,Sul,94.754
432090,Tapejara,RS,Sul,238.082
432100,Tapera,RS,Sul,179.935
432110,Tapes,RS,Sul,805.452
432120,Taquara,RS,Sul,450.195
432130,Taquari,RS,Sul,349.967
432132,Taquaruçu do Sul,RS,Sul,76.917
432135,Tavares,RS,Sul,610.107
432140,Tenente Portela,RS,Sul,337.495
432143,Terra de Areia,RS,Sul,142.304
432145,Teutônia,RS,Sul,175.875
432146,Tio Hugo,RS,Sul,113.944
432147,Tiradentes do Sul,RS,Sul,236.653
432149,Toropi,RS,Sul,198.316
432150,Torres,RS,Sul,161.63
432160,Tramandaí,RS,Sul,142.878
432162,Travesseiro,RS,Sul,80.681
432163,Três Arroios,RS,Sul,148.601
432166,Três Cachoeiras,RS,Sul,251.483
432170,Três Coroas,RS,Sul,168.124
432180,Três de Maio,RS,Sul,421.604
432183,Três Forquilhas,RS,Sul,217.386
432185,Três Palmeiras,RS,Sul,180.599
432190,Três Passos,RS,Sul,268.902
432195,Trindade do Sul,RS,Sul,268.417
432200,Triunfo,RS,Sul,818.221
432210,Tucunduva,RS,Sul,181.198
432215,Tunas,RS,Sul,217.302
432218,Tupanci do Sul,RS,Sul,135.664
432220,Tupanciretã,RS,Sul,2253.234
432225,Tupandi,RS,Sul,59.406
432230,Tuparendi,RS,Sul,307.71
432232,Turuçu,RS,Sul,253.635
432234,Ubiretama,RS,Sul,125.95
432235,União da Serra,RS,Sul,131.154
432237,Unistalda,RS,Sul,602.26
432240,Uruguaiana,RS,Sul,5702.098
432250,Vacaria,RS,Sul,2124.492
432252,Vale Verde,RS,Sul,329.727
432253,Vale do Sol,RS,Sul,329.389
432254,Vale Real,RS,Sul,44.688
432255,Vanini,RS,Sul,64.905
432260,Venâncio Aires,RS,Sul,772.701
432270,Vera Cruz,RS,Sul,309.994
432280,Veranópolis,RS,Sul,289.361
432285,Vespasiano Corrêa,RS,Sul,113.622
432290,Viadutos,RS,Sul,266.67
432300,Viamão,RS,Sul,1496.019
432310,Vicente Dutra,RS,Sul,193.023
432320,Victor Graeff,RS,Sul,238.133
432330,Vila Flores,RS,Sul,107.704
432335,Vila Lângaro,RS,Sul,151.673
432340,Vila Maria,RS,Sul,181.061
432345,Vila Nova do Sul,RS,Sul,508.278
432350,Vista Alegre,RS,Sul,77.656
432360,Vista Alegre do Prata,RS,Sul,120.234
432370,Vista Gaúcha,RS,Sul,90.022
432375,Vitória das Missões,RS,Sul,258.454
432377,Westfália,RS,Sul,66.875
432380,Xangri-lá,RS,Sul,60.756
500020,Água Clara,MS,Centro-Oeste,7781.558
500025,Alcinópolis,MS,Centro-Oeste,4397.518
500060,Amambai,MS,Centro-Oeste,4193.742
500070,Anastácio,MS,Centro-Oeste,2913.108
500080,Anaurilândia,MS,Centro-Oeste,3415.657
500085,Angélica,MS,Centro-Oeste,1283.629
500090,Antônio João,MS,Centro-Oeste,1095.9
500100,Aparecida do Taboado,MS,Centro-Oeste,2751.485
500110,Aquidauana,MS,Centro-Oeste,17087.976
500124,Aral Moreira,MS,Centro-Oeste,1653.86
500150,Bandeirantes,MS,Centro-Oeste,3363.487
500190,Bataguassu,MS,Centro-Oeste,2392.476
500200,Batayporã,MS,Centro-Oeste,1826.578
500210,Bela Vista,MS,Centro-Oeste,4956.473
500215,Bodoquena,MS,Centro-Oeste,2589.14
500220,Bonito,MS,Centro-Oeste,5378.723
500230,Brasilândia,MS,Centro-Oeste,5803.542
500240,Caarapó,MS,Centro-Oeste,2115.73
500260,Camapuã,MS,Centro-Oeste,6238.127
500270,Campo Grande,MS,Centro-Oeste,8082.327
500280,Caracol,MS,Centro-Oeste,2928.706
500290,Cassilândia,MS,Centro-Oeste,3711.715
500295,Chapadão do Sul,MS,Centro-Oeste,3252.327
500310,Corguinho,MS,Centro-Oeste,2638.923
500315,Coronel Sapucaia,MS,Centro-Oeste,1023.727
500320,Corumbá,MS,Centro-Oeste,64431.145
500325,Costa Rica,MS,Centro-Oeste,4159.384
500330,Coxim,MS,Centro-Oeste,6390.663
500345,Deodápolis,MS,Centro-Oeste,828.45
500348,Dois Irmãos do Buriti,MS,Centro-Oeste,2430.3
500350,Douradina,MS,Centro-Oeste,280.235
500370,Dourados,MS,Centro-Oeste,4062.889
500375,Eldorado,MS,Centro-Oeste,1012.796
500380,Fátima do Sul,MS,Centro-Oeste,325.631
500390,Figueirão,MS,Centro-Oeste,4880.736
500400,Glória de Dourados,MS,Centro-Oeste,493.105
500410,Guia Lopes da Laguna,MS,Centro-Oeste,1225.426
500430,Iguatemi,MS,Centro-Oeste,2957.41
500440,Inocência,MS,Centro-Oeste,5761.186
500450,Itaporã,MS,Centro-Oeste,1342.389
500460,Itaquiraí,MS,Centro-Oeste,2063.717
500470,Ivinhema,MS,Centro-Oeste,2003.43
500480,Japorã,MS,Centro-Oeste,416.605
500490,Jaraguari,MS,Centro-Oeste,2913.558
500500,Jardim,MS,Centro-Oeste,2130.068
500510,Jateí,MS,Centro-Oeste,1933.316
500515,Juti,MS,Centro-Oeste,1569.176
500520,Ladário,MS,Centro-Oeste,354.255
500525,Laguna Carapã,MS,Centro-Oeste,1725.78
500540,Maracaju,MS,Centro-Oeste,5396.905
500560,Miranda,MS,Centro-Oeste,5470.975
500568,Mundo Novo,MS,Centro-Oeste,478.38
500570,Naviraí,MS,Centro-Oeste,3189.667
500580,Nioaque,MS,Centro-Oeste,3909.738
500600,Nova Alvorada do Sul,MS,Centro-Oeste,4027.647
500620,Nova Andradina,MS,Centro-Oeste,4768.118
500625,Novo Horizonte do Sul,MS,Centro-Oeste,849.19
500627,Paraíso das Águas,MS,Centro-Oeste,5061.433
500630,Paranaíba,MS,Centro-Oeste,5352.02
500635,Paranhos,MS,Centro-Oeste,1307.092
500640,Pedro Gomes,MS,Centro-Oeste,3553.782
500660,Ponta Porã,MS,Centro-Oeste,5359.274
500690,Porto Murtinho,MS,Centro-Oeste,17502.994
500710,Ribas do Rio Pardo,MS,Centro-Oeste,17315.212
500720,Rio Brilhante,MS,Centro-Oeste,3983.507
500730,Rio Negro,MS,Centro-Oeste,1828.8
500740,Rio Verde de Mato Grosso,MS,Centro-Oeste,8174.784
500750,Rochedo,MS,Centro-Oeste,1304.755
500755,Santa Rita do Pardo,MS,Centro-Oeste,6142.001
500769,São Gabriel do Oeste,MS,Centro-Oeste,3850.674
500770,Sete Quedas,MS,Centro-Oeste,839.117
500780,Selvíria,MS,Centro-Oeste,3254.917
500790,Sidrolândia,MS,Centro-Oeste,5265.695
500793,Sonora,MS,Centro-Oeste,4185.542
500795,Tacuru,MS,Centro-Oeste,1784.207
500797,Taquarussu,MS,Centro-Oeste,1052.232
500800,Terenos,MS,Centro-Oeste,2845.653
500830,Três Lagoas,MS,Centro-Oeste,10217.071
500840,Vicentina,MS,Centro-Oeste,302.542
510010,Acorizal,MT,Centro-Oeste,850.763
510020,Água Boa,MT,Centro-Oeste,7549.308
510025,Alta Floresta,MT,Centro-Oeste,8955.409
510030,Alto Araguaia,MT,Centro-Oeste,5094.148
510035,Alto Boa Vista,MT,Centro-Oeste,2248.414
510040,Alto Garças,MT,Centro-Oeste,3857.559
510050,Alto Paraguai,MT,Centro-Oeste,1847.354
510060,Alto Taquari,MT,Centro-Oeste,1744.743
510080,Apiacás,MT,Centro-Oeste,20488.646
510100,Araguaiana,MT,Centro-Oeste,6380.7
510120,Araguainha,MT,Centro-Oeste,675.231
510125,Araputanga,MT,Centro-Oeste,1639.731
510130,Arenápolis,MT,Centro-Oeste,417.337
510140,Aripuanã,MT,Centro-Oeste,24678.135
510160,Barão de Melgaço,MT,Centro-Oeste,11374.872
510170,Barra do Bugres,MT,Centro-Oeste,5976.863
510180,Barra do Garças,MT,Centro-Oeste,8362.912
510183,Boa Esperança do Norte,MT,Centro-Oeste,4704.488
510185,Bom Jesus do Araguaia,MT,Centro-Oeste,4266.636
510190,Brasnorte,MT,Centro-Oeste,15968.355
510250,Cáceres,MT,Centro-Oeste,24499.922
510260,Campinápolis,MT,Centro-Oeste,5978.984
510263,Campo Novo do Parecis,MT,Centro-Oeste,9428.585
510267,Campo Verde,MT,Centro-Oeste,4771.091
510268,Campos de Júlio,MT,Centro-Oeste,6792.808
510269,Canabrava do Norte,MT,Centro-Oeste,3449.037
510270,Canarana,MT,Centro-Oeste,10855.181
510279,Carlinda,MT,Centro-Oeste,2421.788
510285,Castanheira,MT,Centro-Oeste,3713.465
510300,Chapada dos Guimarães,MT,Centro-Oeste,6603.253
510305,Cláudia,MT,Centro-Oeste,3843.562
510310,Cocalinho,MT,Centro-Oeste,16563.136
510320,Colíder,MT,Centro-Oeste,3112.091
510325,Colniza,MT,Centro-Oeste,27960.244
510330,Comodoro,MT,Centro-Oeste,21485.018
510335,Confresa,MT,Centro-Oeste,5802.302
510336,Conquista D'Oeste,MT,Centro-Oeste,2684.676
510337,Cotriguaçu,MT,Centro-Oeste,9469.956
510340,Cuiabá,MT,Centro-Oeste,4327.22
510343,Curvelândia,MT,Centro-Oeste,357.212
510345,Denise,MT,Centro-Oeste,1273.178
510350,Diamantino,MT,Centro-Oeste,8263.397
510360,Dom Aquino,MT,Centro-Oeste,2183.603
510370,Feliz Natal,MT,Centro-Oeste,11661.514
510380,Figueirópolis D'Oeste,MT,Centro-Oeste,891.448
510385,Gaúcha do Norte,MT,Centro-Oeste,16908.375
510390,General Carneiro,MT,Centro-Oeste,4514.917
510395,Glória D'Oeste,MT,Centro-Oeste,833.131
510410,Guarantã do Norte,MT,Centro-Oeste,4725.273
510420,Guiratinga,MT,Centro-Oeste,5044.493
510450,Indiavaí,MT,Centro-Oeste,592.495
510452,Ipiranga do Norte,MT,Centro-Oeste,3422.016
510454,Itanhangá,MT,Centro-Oeste,2909.745
510455,Itaúba,MT,Centro-Oeste,4521.79
510460,Itiquira,MT,Centro-Oeste,8698.814
510480,Jaciara,MT,Centro-Oeste,2429.678
510490,Jangada,MT,Centro-Oeste,1114.302
510500,Jauru,MT,Centro-Oeste,1345.411
510510,Juara,MT,Centro-Oeste,22632.713
510515,Juína,MT,Centro-Oeste,26397.173
510517,Juruena,MT,Centro-Oeste,3207.837
510520,Juscimeira,MT,Centro-Oeste,2291.301
510523,Lambari D'Oeste,MT,Centro-Oeste,1810.463
510525,Lucas do Rio Verde,MT,Centro-Oeste,3674.596
510530,Luciara,MT,Centro-Oeste,4282.733
510550,Vila Bela da Santíssima Trindade,MT,Centro-Oeste,13484.71
510558,Marcelândia,MT,Centro-Oeste,12285.486
510560,Matupá,MT,Centro-Oeste,5228.28
510562,Mirassol d'Oeste,MT,Centro-Oeste,1085.488
510590,Nobres,MT,Centro-Oeste,3908.739
510600,Nortelândia,MT,Centro-Oeste,1336.754
510610,Nossa Senhora do Livramento,MT,Centro-Oeste,5410.138
510615,Nova Bandeirantes,MT,Centro-Oeste,9556.661
510617,Nova Nazaré,MT,Centro-Oeste,4034.539
510618,Nova Lacerda,MT,Centro-Oeste,4780.426
510619,Nova Santa Helena,MT,Centro-Oeste,2385.611
510620,Nova Brasilândia,MT,Centro-Oeste,3289.572
510621,Nova Canaã do Norte,MT,Centro-Oeste,5953.099
510622,Nova Mutum,MT,Centro-Oeste,9536.814
510623,Nova Olímpia,MT,Centro-Oeste,1327.266
510624,Nova Ubiratã,MT,Centro-Oeste,8720.777
510625,Nova Xavantina,MT,Centro-Oeste,5492.21
510626,Novo Mundo,MT,Centro-Oeste,5800.758
510627,Novo Horizonte do Norte,MT,Centro-Oeste,920.048
510628,Novo São Joaquim,MT,Centro-Oeste,5225.595
510629,Paranaíta,MT,Centro-Oeste,4814.149
510630,Paranatinga,MT,Centro-Oeste,24127.429
510631,Novo Santo Antônio,MT,Centro-Oeste,4394.78
510637,Pedra Preta,MT,Centro-Oeste,3841.672
510642,Peixoto de Azevedo,MT,Centro-Oeste,14433.774
510645,Planalto da Serra,MT,Centro-Oeste,2437.59
510650,Poconé,MT,Centro-Oeste,17013.707
510665,Pontal do Araguaia,MT,Centro-Oeste,2742.482
510670,Ponte Branca,MT,Centro-Oeste,701.138
510675,Pontes e Lacerda,MT,Centro-Oeste,8545.292
510677,Porto Alegre do Norte,MT,Centro-Oeste,3971.733
510680,Porto dos Gaúchos,MT,Centro-Oeste,6846.668
510682,Porto Esperidião,MT,Centro-Oeste,5835.276
510685,Porto Estrela,MT,Centro-Oeste,2045.467
510700,Poxoréu,MT,Centro-Oeste,6915.298
510704,Primavera do Leste,MT,Centro-Oeste,5470.383
510706,Querência,MT,Centro-Oeste,17799.989
510710,São José dos Quatro Marcos,MT,Centro-Oeste,1282.762
510715,Reserva do Cabaçal,MT,Centro-Oeste,1331.677
510718,Ribeirão Cascalheira,MT,Centro-Oeste,11354.555
510719,Ribeirãozinho,MT,Centro-Oeste,624.997
510720,Rio Branco,MT,Centro-Oeste,539.287
510724,Santa Carmem,MT,Centro-Oeste,3812.09
510726,Santo Afonso,MT,Centro-Oeste,1166.382
510729,São José do Povo,MT,Centro-Oeste,489.737
510730,São José do Rio Claro,MT,Centro-Oeste,4525.304
510735,São José do Xingu,MT,Centro-Oeste,7465.563
510740,São Pedro da Cipa,MT,Centro-Oeste,344.33
510757,Rondolândia,MT,Centro-Oeste,12658.341
510760,Rondonópolis,MT,Centro-Oeste,4824.505
510770,Rosário Oeste,MT,Centro-Oeste,7339.442
510774,Santa Cruz do Xingu,MT,Centro-Oeste,5623.39
510775,Salto do Céu,MT,Centro-Oeste,1753.38
510776,Santa Rita do Trivelato,MT,Centro-Oeste,4740.204
510777,Santa Terezinha,MT,Centro-Oeste,6466.228
510779,Santo Antônio do Leste,MT,Centro-Oeste,3403.593
510780,Santo Antônio de Leverger,MT,Centro-Oeste,9519.194
510785,São Félix do Araguaia,MT,Centro-Oeste,16682.473
510787,Sapezal,MT,Centro-Oeste,13614.552
510788,Serra Nova Dourada,MT,Centro-Oeste,1490.793
510790,Sinop,MT,Centro-Oeste,3990.87
510792,Sorriso,MT,Centro-Oeste,8454.83
510794,Tabaporã,MT,Centro-Oeste,8439.05
510795,Tangará da Serra,MT,Centro-Oeste,11636.262
510800,Tapurah,MT,Centro-Oeste,4492.539
510805,Terra Nova do Norte,MT,Centro-Oeste,2399.737
510810,Tesouro,MT,Centro-Oeste,4244.073
510820,Torixoréu,MT,Centro-Oeste,2398.383
510830,União do Sul,MT,Centro-Oeste,4590.628
510835,Vale de São Domingos,MT,Centro-Oeste,1902.108
510840,Várzea Grande,MT,Centro-Oeste,939.887
510850,Vera,MT,Centro-Oeste,2978.675
510860,Vila Rica,MT,Centro-Oeste,7436.42
510880,Nova Guarita,MT,Centro-Oeste,1121.928
510885,Nova Marilândia,MT,Centro-Oeste,1905.744
510890,Nova Maringá,MT,Centro-Oeste,11553.479
510895,Nova Monte Verde,MT,Centro-Oeste,5139.307
520005,Abadia de Goiás,GO,Centro-Oeste,143.357
520010,Abadiânia,GO,Centro-Oeste,1044.555
520013,Acreúna,GO,Centro-Oeste,1566.742
520015,Adelândia,GO,Centro-Oeste,115.385
520017,Água Fria de Goiás,GO,Centro-Oeste,2023.636
520020,Água Limpa,GO,Centro-Oeste,458.836
520025,Águas Lindas de Goiás,GO,Centro-Oeste,191.817
520030,Alexânia,GO,Centro-Oeste,846.876
520050,Aloândia,GO,Centro-Oeste,102.094
520055,Alto Horizonte,GO,Centro-Oeste,500.342
520060,Alto Paraíso de Goiás,GO,Centro-Oeste,2594.998
520080,Alvorada do Norte,GO,Centro-Oeste,1268.347
520082,Amaralina,GO,Centro-Oeste,1343.742
520085,Americano do Brasil,GO,Centro-Oeste,133.834
520090,Amorinópolis,GO,Centro-Oeste,406.93
520110,Anápolis,GO,Centro-Oeste,935.671
520120,Anhanguera,GO,Centro-Oeste,55.569
520130,Anicuns,GO,Centro-Oeste,976.038
520140,Aparecida de Goiânia,GO,Centro-Oeste,279.954
520145,Aparecida do Rio Doce,GO,Centro-Oeste,603.254
520150,Aporé,GO,Centro-Oeste,2899.237
520160,Araçu,GO,Centro-Oeste,149.776
520170,Aragarças,GO,Centro-Oeste,661.673
520180,Aragoiânia,GO,Centro-Oeste,218.125
520215,Araguapaz,GO,Centro-Oeste,2188.1
520235,Arenópolis,GO,Centro-Oeste,1075.535
520250,Aruanã,GO,Centro-Oeste,3054.773
520260,Aurilândia,GO,Centro-Oeste,565.514
520280,Avelinópolis,GO,Centro-Oeste,170.228
520310,Baliza,GO,Centro-Oeste,1780.173
520320,Barro Alto,GO,Centro-Oeste,1080.268
520330,Bela Vista de Goiás,GO,Centro-Oeste,1274.034
520340,Bom Jardim de Goiás,GO,Centro-Oeste,1901.141
520350,Bom Jesus de Goiás,GO,Centro-Oeste,1405.605
520355,Bonfinópolis,GO,Centro-Oeste,121.915
520357,Bonópolis,GO,Centro-Oeste,1635.319
520360,Brazabrantes,GO,Centro-Oeste,125.326
520380,Britânia,GO,Centro-Oeste,1458.459
520390,Buriti Alegre,GO,Centro-Oeste,901.932
520393,Buriti de Goiás,GO,Centro-Oeste,202.576
520396,Buritinópolis,GO,Centro-Oeste,246.075
520400,Cabeceiras,GO,Centro-Oeste,1126.434
520410,Cachoeira Alta,GO,Centro-Oeste,1657.226
520420,Cachoeira de Goiás,GO,Centro-Oeste,424.49
520425,Cachoeira Dourada,GO,Centro-Oeste,528.281
520430,Caçu,GO,Centro-Oeste,2254.34
520440,Caiapônia,GO,Centro-Oeste,8627.961
520450,Caldas Novas,GO,Centro-Oeste,1608.523
520455,Caldazinha,GO,Centro-Oeste,251.72
520460,Campestre de Goiás,GO,Centro-Oeste,272.734
520465,Campinaçu,GO,Centro-Oeste,1978.386
520470,Campinorte,GO,Centro-Oeste,1064.527
520480,Campo Alegre de Goiás,GO,Centro-Oeste,2450.111
520485,Campo Limpo de Goiás,GO,Centro-Oeste,156.113
520490,Campos Belos,GO,Centro-Oeste,735.128
520495,Campos Verdes,GO,Centro-Oeste,443.125
520500,Carmo do Rio Verde,GO,Centro-Oeste,419.821
520505,Castelândia,GO,Centro-Oeste,299.228
520510,Catalão,GO,Centro-Oeste,3826.37
520520,Caturaí,GO,Centro-Oeste,205.065
520530,Cavalcante,GO,Centro-Oeste,6948.78
520540,Ceres,GO,Centro-Oeste,213.07
520545,Cezarina,GO,Centro-Oeste,417.08
520547,Chapadão do Céu,GO,Centro-Oeste,2184.077
520549,Cidade Ocidental,GO,Centro-Oeste,389.985
520551,Cocalzinho de Goiás,GO,Centro-Oeste,1785.339
520552,Colinas do Sul,GO,Centro-Oeste,1707.52
520570,Córrego do Ouro,GO,Centro-Oeste,458.077
520580,Corumbá de Goiás,GO,Centro-Oeste,1064.833
520590,Corumbaíba,GO,Centro-Oeste,1864.277
520620,Cristalina,GO,Centro-Oeste,6153.921
520630,Cristianópolis,GO,Centro-Oeste,221.624
520640,Crixás,GO,Centro-Oeste,4673.037
520650,Cromínia,GO,Centro-Oeste,364.918
520660,Cumari,GO,Centro-Oeste,568.365
520670,Damianópolis,GO,Centro-Oeste,417.625
520680,Damolândia,GO,Centro-Oeste,86.057
520690,Davinópolis,GO,Centro-Oeste,482.857
520710,Diorama,GO,Centro-Oeste,685.382
520725,Doverlândia,GO,Centro-Oeste,3227.558
520735,Edealina,GO,Centro-Oeste,598.218
520740,Edéia,GO,Centro-Oeste,1469.099
520750,Estrela do Norte,GO,Centro-Oeste,301.139
520753,Faina,GO,Centro-Oeste,1949.685
520760,Fazenda Nova,GO,Centro-Oeste,1279.107
520780,Firminópolis,GO,Centro-Oeste,422.34
520790,Flores de Goiás,GO,Centro-Oeste,3695.106
520800,Formosa,GO,Centro-Oeste,5804.292
520810,Formoso,GO,Centro-Oeste,843.42
520815,Gameleira de Goiás,GO,Centro-Oeste,588.328
520830,Divinópolis de Goiás,GO,Centro-Oeste,828.874
520840,Goianápolis,GO,Centro-Oeste,166.642
520850,Goiandira,GO,Centro-Oeste,569.917
520860,Goianésia,GO,Centro-Oeste,1547.319
520870,Goiânia,GO,Centro-Oeste,729.296
520880,Goianira,GO,Centro-Oeste,213.772
520890,Goiás,GO,Centro-Oeste,3108.423
520910,Goiatuba,GO,Centro-Oeste,2479.58
520915,Gouvelândia,GO,Centro-Oeste,827.373
520920,Guapó,GO,Centro-Oeste,514.178
520929,Guaraíta,GO,Centro-Oeste,205.533
520940,Guarani de Goiás,GO,Centro-Oeste,1221.054
520945,Guarinos,GO,Centro-Oeste,593.188
520960,Heitoraí,GO,Centro-Oeste,228.615
520970,Hidrolândia,GO,Centro-Oeste,952.122
520980,Hidrolina,GO,Centro-Oeste,583.756
520990,Iaciara,GO,Centro-Oeste,1547.183
520993,Inaciolândia,GO,Centro-Oeste,689.201
520995,Indiara,GO,Centro-Oeste,955.419
521000,Inhumas,GO,Centro-Oeste,614.889
521010,Ipameri,GO,Centro-Oeste,4382.863
521015,Ipiranga de Goiás,GO,Centro-Oeste,244.209
521020,Iporá,GO,Centro-Oeste,1027.249
521030,Israelândia,GO,Centro-Oeste,579.19
521040,Itaberaí,GO,Centro-Oeste,1461.916
521056,Itaguari,GO,Centro-Oeste,142.652
521060,Itaguaru,GO,Centro-Oeste,241.029
521080,Itajá,GO,Centro-Oeste,2082.737
521090,Itapaci,GO,Centro-Oeste,952.998
521100,Itapirapuã,GO,Centro-Oeste,2047.873
521120,Itapuranga,GO,Centro-Oeste,1281.404
521130,Itarumã,GO,Centro-Oeste,3437.367
521140,Itauçu,GO,Centro-Oeste,383.064
521150,Itumbiara,GO,Centro-Oeste,2447.014
521160,Ivolândia,GO,Centro-Oeste,1260.841
521170,Jandaia,GO,Centro-Oeste,863.087
521180,Jaraguá,GO,Centro-Oeste,1848.947
521190,Jataí,GO,Centro-Oeste,7178.792
521200,Jaupaci,GO,Centro-Oeste,528.783
521205,Jesúpolis,GO,Centro-Oeste,115.211
521210,Joviânia,GO,Centro-Oeste,446.258
521220,Jussara,GO,Centro-Oeste,4092.339
521225,Lagoa Santa,GO,Centro-Oeste,463.289
521230,Leopoldo de Bulhões,GO,Centro-Oeste,476.138
521250,Luziânia,GO,Centro-Oeste,3962.107
521260,Mairipotaba,GO,Centro-Oeste,468.029
521270,Mambaí,GO,Centro-Oeste,858.27
521280,Mara Rosa,GO,Centro-Oeste,1695.463
521290,Marzagão,GO,Centro-Oeste,225.518
521295,Matrinchã,GO,Centro-Oeste,1150.502
521300,Maurilândia,GO,Centro-Oeste,389.959
521305,Mimoso de Goiás,GO,Centro-Oeste,1380.701
521308,Minaçu,GO,Centro-Oeste,2854.137
521310,Mineiros,GO,Centro-Oeste,9042.844
521340,Moiporá,GO,Centro-Oeste,452.314
521350,Monte Alegre de Goiás,GO,Centro-Oeste,3119.86
521370,Montes Claros de Goiás,GO,Centro-Oeste,2900.397
521375,Montividiu,GO,Centro-Oeste,1869.581
521377,Montividiu do Norte,GO,Centro-Oeste,1337.232
521380,Morrinhos,GO,Centro-Oeste,2846.299
521385,Morro Agudo de Goiás,GO,Centro-Oeste,282.333
521390,Mossâmedes,GO,Centro-Oeste,684.882
521400,Mozarlândia,GO,Centro-Oeste,1738.516
521405,Mundo Novo,GO,Centro-Oeste,2141.534
521410,Mutunópolis,GO,Centro-Oeste,955.069
521440,Nazário,GO,Centro-Oeste,281.144
521450,Nerópolis,GO,Centro-Oeste,204.713
521460,Niquelândia,GO,Centro-Oeste,9846.293
521470,Nova América,GO,Centro-Oeste,209.432
521480,Nova Aurora,GO,Centro-Oeste,307.335
521483,Nova Crixás,GO,Centro-Oeste,7308.682
521486,Nova Glória,GO,Centro-Oeste,411.753
521487,Nova Iguaçu de Goiás,GO,Centro-Oeste,625.625
521490,Nova Roma,GO,Centro-Oeste,2136.725
521500,Nova Veneza,GO,Centro-Oeste,122.354
521520,Novo Brasil,GO,Centro-Oeste,649.35
521523,Novo Gama,GO,Centro-Oeste,192.285
521525,Novo Planalto,GO,Centro-Oeste,1254.491
521530,Orizona,GO,Centro-Oeste,1971.265
521540,Ouro Verde de Goiás,GO,Centro-Oeste,208.804
521550,Ouvidor,GO,Centro-Oeste,411.318
521560,Padre Bernardo,GO,Centro-Oeste,3142.615
521565,Palestina de Goiás,GO,Centro-Oeste,1318.047
521570,Palmeiras de Goiás,GO,Centro-Oeste,1537.199
521580,Palmelo,GO,Centro-Oeste,59.809
521590,Palminópolis,GO,Centro-Oeste,393.326
521600,Panamá,GO,Centro-Oeste,432.204
521630,Paranaiguara,GO,Centro-Oeste,1153.415
521640,Paraúna,GO,Centro-Oeste,3786.578
521645,Perolândia,GO,Centro-Oeste,1033.657
521680,Petrolina de Goiás,GO,Centro-Oeste,530.49
521690,Pilar de Goiás,GO,Centro-Oeste,906.047
521710,Piracanjuba,GO,Centro-Oeste,2374.232
521720,Piranhas,GO,Centro-Oeste,2045.088
521730,Pirenópolis,GO,Centro-Oeste,2200.369
521740,Pires do Rio,GO,Centro-Oeste,1077.641
521760,Planaltina,GO,Centro-Oeste,2558.922
521770,Pontalina,GO,Centro-Oeste,1434.289
521800,Porangatu,GO,Centro-Oeste,4825.287
521805,Porteirão,GO,Centro-Oeste,606.273
521810,Portelândia,GO,Centro-Oeste,553.411
521830,Posse,GO,Centro-Oeste,2076.99
521839,Professor Jamil,GO,Centro-Oeste,356.292
521850,Quirinópolis,GO,Centro-Oeste,3786.026
521860,Rialma,GO,Centro-Oeste,268.291
521870,Rianápolis,GO,Centro-Oeste,157.379
521878,Rio Quente,GO,Centro-Oeste,244.655
521880,Rio Verde,GO,Centro-Oeste,8374.254
521890,Rubiataba,GO,Centro-Oeste,750.659
521900,Sanclerlândia,GO,Centro-Oeste,509.402
521910,Santa Bárbara de Goiás,GO,Centro-Oeste,140.957
521920,Santa Cruz de Goiás,GO,Centro-Oeste,1109.007
521925,Santa Fé de Goiás,GO,Centro-Oeste,1164.186
521930,Santa Helena de Goiás,GO,Centro-Oeste,1142.337
521935,Santa Isabel,GO,Centro-Oeste,812.756
521940,Santa Rita do Araguaia,GO,Centro-Oeste,1357.197
521945,Santa Rita do Novo Destino,GO,Centro-Oeste,970.448
521950,Santa Rosa de Goiás,GO,Centro-Oeste,166.44
521960,Santa Tereza de Goiás,GO,Centro-Oeste,789.544
521970,Santa Terezinha de Goiás,GO,Centro-Oeste,1206.601
521971,Santo Antônio da Barra,GO,Centro-Oeste,450.336
521973,Santo Antônio de Goiás,GO,Centro-Oeste,135.022
521975,Santo Antônio do Descoberto,GO,Centro-Oeste,943.948
521980,São Domingos,GO,Centro-Oeste,3335.999
521990,São Francisco de Goiás,GO,Centro-Oeste,416.535
522000,São João d'Aliança,GO,Centro-Oeste,3334.455
522005,São João da Paraúna,GO,Centro-Oeste,286.979
522010,São Luís de Montes Belos,GO,Centro-Oeste,829.62
522015,São Luiz do Norte,GO,Centro-Oeste,583.832
522020,São Miguel do Araguaia,GO,Centro-Oeste,6150.179
522026,São Miguel do Passa Quatro,GO,Centro-Oeste,537.347
522028,São Patrício,GO,Centro-Oeste,172.763
522040,São Simão,GO,Centro-Oeste,415.015
522045,Senador Canedo,GO,Centro-Oeste,247.005
522050,Serranópolis,GO,Centro-Oeste,5521.775
522060,Silvânia,GO,Centro-Oeste,2349.924
522068,Simolândia,GO,Centro-Oeste,346.811
522070,Sítio d'Abadia,GO,Centro-Oeste,1611.851
522100,Taquaral de Goiás,GO,Centro-Oeste,205.665
522108,Teresina de Goiás,GO,Centro-Oeste,784.793
522119,Terezópolis de Goiás,GO,Centro-Oeste,107.407
522130,Três Ranchos,GO,Centro-Oeste,284.034
522140,Trindade,GO,Centro-Oeste,712.69
522145,Trombas,GO,Centro-Oeste,802.905
522150,Turvânia,GO,Centro-Oeste,482.317
522155,Turvelândia,GO,Centro-Oeste,935.659
522157,Uirapuru,GO,Centro-Oeste,1154.305
522160,Uruaçu,GO,Centro-Oeste,2142.498
522170,Uruana,GO,Centro-Oeste,522.904
522180,Urutaí,GO,Centro-Oeste,623.821
522185,Valparaíso de Goiás,GO,Centro-Oeste,61.488
522190,Varjão,GO,Centro-Oeste,517.402
522200,Vianópolis,GO,Centro-Oeste,954.115
522205,Vicentinópolis,GO,Centro-Oeste,733.794
522220,Vila Boa,GO,Centro-Oeste,1052.593
522230,Vila Propício,GO,Centro-Oeste,2181.593
530010,Brasília,DF,Centro-Oeste,5760.785
